,111,112,113,115,116,117,118,119,121,122,124,125,211,212,213,214,215,221,222,223,231,241,242,243,244,245,246,247,311,312,313,321,323,331,341,342,344,351,352,353,354,355,356,411,412,413,415,416,421,511,521,522,523,524,525,531,532,533,541,542,543,544,612,613,614,621,622,623,624,711,712,713,721,722,811,812,813,814,821,822,823,911,912,913,921,923,924,925,926,927
111,1.0,0.9007243193770821,0.882546419834154,0.7926910322038411,0.8806434098161041,0.673207906910092,0.8039104426154141,0.870986461608621,0.7120194118645471,0.849406066641695,0.7927319735855921,0.8957480762726701,0.927626929002022,0.9347191654499791,0.8758415699836131,0.8442046853911821,0.9016417395295151,0.8984140698832851,0.8793661027333721,0.8486231395107121,0.885720841179607,0.887990850260246,0.894161568482512,0.882874684184154,0.8868872121042071,0.604162153687903,0.930098199694649,0.8374155937219271,0.8459610239094091,0.6874760283889381,0.8767404012429071,0.8206524733533781,0.9246191626112651,0.8846290965531901,0.876545066076822,0.853497599868943,0.909943204349527,0.906404705351168,0.788277467825623,0.8943314935552,0.8783569447668921,0.684998561376655,0.876017376887198,0.769035024779484,0.9043797413158481,0.8524968826222461,0.886713655031498,0.907011610066604,0.892639675721243,0.782882879456791,0.66682056489996,0.8189486724143491,0.9066356904585551,0.875887399411707,0.760399458529698,0.8471450945975181,0.8992538653752131,0.7739643894532251,0.8496355892802331,0.838392037916258,0.915610501494543,0.925979866653252,0.8647625598867681,0.8639122194203821,0.8805347781096251,0.8963163779318911,0.9224600946666611,0.854556698312654,0.749261747650598,0.8939780604604991,0.901086758876466,0.8148759453048071,0.8433364838889391,0.8526426922540551,0.782041645136434,0.8662763104926191,0.7674534024520171,0.921209572611398,0.8197707060595301,0.799625239430313,0.790796792592055,0.6500621166758,0.9131655925090971,0.8044585631467891,0.9056707147424691,0.8906971411958071,0.819083419172547,0.891444147262583,0.8148172641033721,0.881041620535549
112,0.9007243193770821,1.0,0.947377334449877,0.829056569293068,0.941169033200525,0.7443060402007511,0.9075330746834501,0.962402496142553,0.6874291954272771,0.9371756885600181,0.8937108189689451,0.973630060853612,0.9268951767334961,0.9394011679845631,0.950361528734437,0.781347335599327,0.9066311261244251,0.933269736163555,0.9086534451448641,0.9066441203227241,0.9524969373691391,0.8635010182513211,0.923635447437232,0.8907477848043911,0.9212013639024901,0.7137602318075491,0.9284991559297461,0.847745979145144,0.9365625193946401,0.8170769851813211,0.92243179897559,0.9221375384604281,0.9508196538847501,0.947667961082124,0.8827483774318851,0.8844274759999681,0.906908851606932,0.787782563313081,0.876674119833418,0.9389342377018071,0.9488793081790571,0.608517272128384,0.953142366075412,0.763389150028267,0.9412738145772461,0.948137417765016,0.9495274801486521,0.9344746453247,0.962267364394178,0.782340539533091,0.785961964681627,0.9077058537411691,0.937754429471857,0.9333348925221411,0.8884343572880951,0.9123174131017121,0.9395880585445331,0.7770488208972091,0.8310620645261501,0.8649104964827181,0.934444954241968,0.9063439618441731,0.9304225858671291,0.936888826498215,0.9333270027382311,0.8700337613491801,0.9160537292633091,0.8810802052058611,0.7364150433248691,0.925312740002532,0.97275840545977,0.8806011100402541,0.937133333551951,0.9396490131569291,0.815203675329605,0.919708241707277,0.884687797111637,0.9262823949169771,0.936337389679848,0.904027356794297,0.8885477908214711,0.713121884230551,0.901795616149025,0.940036601266335,0.9607123159145181,0.939674710079578,0.9127428350196871,0.885034180098327,0.922888982921469,0.912342893186124
113,0.882546419834154,0.947377334449877,0.9999999999999991,0.8694875035638311,0.9208720014943611,0.845897728955581,0.9129533842524201,0.9638968283535521,0.712839658024077,0.9544952151000591,0.9052505905956341,0.978429009321053,0.949465708064762,0.9262860690937651,0.9892559832683091,0.800139247086035,0.8905657808421611,0.964728558802576,0.934624433138683,0.9410074019584761,0.984212070463621,0.954633184936264,0.9822013218362621,0.893924991149713,0.9399681727941841,0.797810229810716,0.913012816118101,0.9047803928061481,0.9329611916989521,0.85434473814536,0.9733668953962391,0.9030087831255571,0.9549973648804211,0.9316292407348401,0.9733462320381281,0.962672597515355,0.936775938895641,0.761586374158117,0.9129871358786831,0.9811768964185411,0.9944337347126511,0.6087000918865391,0.9727158524839,0.8516849021676931,0.9823912901311361,0.976162572625841,0.9756767790130951,0.949143297827654,0.977036291592797,0.8161733432878171,0.7720243442609991,0.9063185935239091,0.9192876126153251,0.943904821591756,0.86429713121159,0.9271802185496361,0.9407661018531951,0.819606609416603,0.824462817503789,0.8287796642700691,0.9597064081652801,0.92230879306346,0.9565649803919771,0.905765871120201,0.9602883628783511,0.928204233794069,0.9083767346341041,0.95107993726018,0.840790896330969,0.9511224180570301,0.969319971032028,0.8916427952539601,0.947601224866478,0.923661418530312,0.7896644113047401,0.872243750342214,0.8786520946457,0.9358172039380921,0.944650536909823,0.83980729378768,0.9195570499085141,0.7644260045895781,0.8667839678207401,0.855275539502909,0.9446446636880571,0.9446807446910581,0.9204177725522291,0.900555300959042,0.904161842617426,0.9431792058383791
115,0.7926910322038411,0.829056569293068,0.8694875035638311,1.0,0.7956284715699711,0.599179262691479,0.840421302231738,0.8379695969208061,0.513362023061328,0.819624158514294,0.7279050115251411,0.8758880868318271,0.815766578383022,0.7781106967395811,0.866014098450216,0.732608177036552,0.79476120376625,0.8675112251861561,0.8407400322499761,0.8013663923197161,0.886825274802819,0.846552094922135,0.860841019757678,0.8201337182107881,0.823070898533493,0.5701760007463941,0.7478206153665521,0.8919051763097581,0.7410079481521401,0.6483394908368201,0.852518490789244,0.8497910556697721,0.8678492640816821,0.7687872330476451,0.895392943667859,0.8913373466811311,0.8672819750155201,0.584524219325917,0.929932008194389,0.8902648602902581,0.854436139240613,0.5009376857990241,0.8523503513270271,0.746429463727173,0.877557359316074,0.84119092851715,0.832791989436494,0.8834282822486921,0.8951075328538891,0.638120711586294,0.5925867098449921,0.7212986574912771,0.816233287189822,0.8459950195387561,0.678338794378127,0.8038788920995611,0.835586035501453,0.6615511600895261,0.637284277186223,0.7162606430202061,0.871765772163935,0.8591174866870661,0.85453346184131,0.7540809463331131,0.8525015329104421,0.736627822288164,0.831832937550925,0.79301329412242,0.7554723159933571,0.8264320104164851,0.844048637824487,0.7926543188585411,0.813731430952883,0.725859502805632,0.5940360285880201,0.819723630455176,0.714770760714592,0.8203791988339121,0.8166840994262881,0.7671013854528711,0.8578004064265181,0.593893446391316,0.758369196762394,0.736082786549326,0.8760322732986681,0.8431697771773601,0.8800368188356411,0.788445879408023,0.8031326332477591,0.8134654327337341
116,0.8806434098161041,0.941169033200525,0.9208720014943611,0.7956284715699711,1.0,0.781583276479697,0.875385281722705,0.9176273737239751,0.7121611912526341,0.913150319056072,0.8316883638025561,0.9178843975656531,0.91820395130439,0.9422656592266521,0.912781501831843,0.6991948500296971,0.8216796402722331,0.8960390107235131,0.9376893688928041,0.9019062364036091,0.935520653686924,0.86378859404588,0.910684590227662,0.8137422956189131,0.881470925477396,0.670147296307391,0.910814868651837,0.8320642956820951,0.894031481688576,0.6947049076025971,0.886817919824706,0.8610686498945611,0.8914733837812191,0.9009072420675601,0.8700969929806781,0.8311181575802821,0.897879602792352,0.7635723129859521,0.8220586380697471,0.9242415960358931,0.9129271385686061,0.623596717709749,0.894381558416598,0.811952622474265,0.930697841984736,0.9325211185312101,0.9026917182091371,0.9126095330857971,0.9487012651309811,0.863653754716846,0.7410958532695241,0.880858090785505,0.8971362859824571,0.90310794000834,0.793751495763624,0.938394009489746,0.911543196548059,0.69981174540801,0.8521953084858721,0.8833418643877561,0.886892365906612,0.9003139345369281,0.9301981322693721,0.980477853982014,0.9239427528438141,0.890149765777926,0.9349884189862011,0.9331729408780001,0.7377630266958101,0.9210072029784201,0.9184483818223451,0.8866067194388161,0.8556310494180591,0.897998967603403,0.855531816575944,0.8818881377823701,0.8557147691848841,0.935083809946961,0.8635949913925081,0.9084000404005901,0.8304363135964331,0.7658052778315331,0.864111658634337,0.9010145722329531,0.896156899985117,0.9205057626246661,0.8330164675910331,0.9388361180176941,0.9200579197897891,0.8965333669265401
117,0.673207906910092,0.7443060402007511,0.845897728955581,0.599179262691479,0.781583276479697,1.0,0.7391731878209801,0.8030605101095281,0.775979906427895,0.7835004704156151,0.809728790199236,0.7788953327622841,0.845993515313834,0.785193780738735,0.824036118273158,0.702193499594839,0.683161882005062,0.7801259776739291,0.759185789235548,0.850288041180266,0.814966242698645,0.785233640622619,0.865034509433475,0.7746199551043781,0.7992784788464941,0.766343108722019,0.74790965891328,0.760563810129056,0.802504322409989,0.714552479416524,0.857294662592016,0.7021572651411531,0.7507520053933261,0.8478232688978461,0.829695046936825,0.7789352481768691,0.739769260913911,0.6183809128204071,0.728678054573191,0.8388657857059381,0.821377836664938,0.52682568537257,0.815635610271065,0.851903994643832,0.8356382123197981,0.8652998106560581,0.814843014295893,0.7461563413004471,0.817629318283664,0.8435045064665081,0.7587740573410331,0.7437159569741301,0.757725191501859,0.800758265283486,0.7216081442216671,0.83401457825529,0.809654852531665,0.820688400978078,0.626805674223443,0.5915594661818471,0.7997318892178701,0.7549256948352411,0.8312028345370641,0.79148556903244,0.8169432681030001,0.843763074975553,0.7427774846676021,0.890107167787291,0.8006461725634331,0.811387578947745,0.8010545948373531,0.734660018965677,0.77713029761302,0.800590634078679,0.632230176331105,0.638620892909448,0.7435168510316871,0.8174255905096031,0.7843513677449401,0.5907505829931631,0.658832991257291,0.7841567731547071,0.735835235792698,0.632819941379217,0.7127550102868241,0.779678254536427,0.6615723020324671,0.7797302554395771,0.713604277273259,0.8267067565110681
118,0.8039104426154141,0.9075330746834501,0.9129533842524201,0.840421302231738,0.875385281722705,0.7391731878209801,1.0,0.9129900035825471,0.73751201225937,0.882986535506835,0.878264471758967,0.921945650515095,0.904235916752514,0.8914667994768781,0.9127144982924501,0.728605848149201,0.840383444350952,0.9446815462525411,0.9256448071184651,0.939606785744391,0.9604020187776641,0.8433934896748391,0.885661931460725,0.850741630791164,0.939876733279537,0.790090393867207,0.8492953798664181,0.762203437601898,0.9128571881374871,0.8483592458899221,0.886407690770265,0.9563703245981471,0.939349045604087,0.9070579131131321,0.8742299374076711,0.887970249876283,0.881652565484466,0.6673658212401541,0.8522639582536201,0.9139350537971781,0.8982253652392431,0.5250015716657841,0.9440099351509751,0.89734485574813,0.9426339595448261,0.938225470990901,0.9429039471546621,0.949140379614647,0.9347217842235911,0.861168247742761,0.863013457175494,0.921076227154285,0.9029881546617151,0.9560765799935761,0.8629947724838061,0.9190037581841181,0.9278760631973151,0.7183216086031551,0.8411831878808571,0.7710951831389701,0.9414716807260861,0.904162934942025,0.9705223960338951,0.849710163559605,0.9589704850303131,0.8212991188640291,0.9176450766549631,0.9042273066529841,0.797149720566203,0.9434190926313861,0.9630149334912861,0.9263494068804021,0.9213745961107801,0.8557799944037361,0.840907369284781,0.9134459348603301,0.9002759529179031,0.944055321301254,0.9365754971736261,0.9035028451161131,0.820508368989811,0.883664735561797,0.8681878279999211,0.8993381287309211,0.896784561310574,0.954216340488904,0.9425307977029561,0.9060037816368881,0.919765149917068,0.9402627601810951
119,0.870986461608621,0.962402496142553,0.9638968283535521,0.8379695969208061,0.9176273737239751,0.8030605101095281,0.9129900035825471,1.0,0.687265047588932,0.9832855767182551,0.9505271410575321,0.9844625544391601,0.907519638930905,0.9456046693026301,0.9581639938398181,0.8297084078653381,0.8524750361736161,0.9577376808986291,0.906359049324128,0.9378797472590161,0.9615946346024781,0.872561220738564,0.943721869138841,0.943777379640739,0.917294406563935,0.793166523873557,0.917205825695923,0.8528020089504431,0.9657198838126401,0.8729651261896241,0.953701013797105,0.8835000514094201,0.9417030275838001,0.960220827371518,0.9050147908915541,0.9243742508326591,0.9393594021456201,0.802091389907232,0.926771514116366,0.9624790104874751,0.958178263181474,0.6929673854457331,0.9812487408384921,0.812727252886685,0.9547050766971881,0.9664132660793481,0.9663551533235211,0.956897042437671,0.9813005869600371,0.8323826114839481,0.800978509380822,0.938412187587895,0.9555928478679291,0.9625962062398181,0.900809190647714,0.9603026222190981,0.925556707269731,0.8467243331292461,0.8233246721185661,0.8754085284383301,0.9629984040870421,0.9477070339798871,0.9432635235441341,0.924363636778165,0.9541768879871361,0.891802401838454,0.9142244566199761,0.9154109099362681,0.814806309562184,0.935175666432924,0.9701956653971631,0.9303342193153491,0.9564406641640021,0.9450850759449501,0.8224251393034171,0.914409037484549,0.8840837391752501,0.9333352638602891,0.952187259388776,0.8965162720988681,0.9124647865221801,0.7740192450051671,0.9333965381945071,0.8970516591948661,0.965483451320537,0.9756086556617851,0.9337461776867061,0.9031234883801841,0.934755442649269,0.9457680664133131
121,0.7120194118645471,0.6874291954272771,0.712839658024077,0.513362023061328,0.7121611912526341,0.775979906427895,0.73751201225937,0.687265047588932,1.0,0.700983409407537,0.801918476354551,0.6910488711375731,0.804119586134266,0.795528393901311,0.668351719070719,0.6750967097742461,0.6676687005606691,0.784240317759693,0.645507997726331,0.8166731894732201,0.719343310703748,0.6432694524464271,0.746067054477617,0.685828375471353,0.809721006560697,0.7894038485104191,0.74025090854754,0.563097495369419,0.733818018466449,0.694048351986091,0.6706623961722541,0.712250783902553,0.7573861648191711,0.7535267117403001,0.701965144708079,0.6038474421637781,0.7085831297496631,0.5814877096922351,0.5849565923630601,0.689837665134988,0.694417757447184,0.44309281441618303,0.7374015864111391,0.8538646605714311,0.7773814875759281,0.7935928098973201,0.7856409859608051,0.7260883298515951,0.7016236213704851,0.8108942869048871,0.754180270055062,0.765124657929479,0.716877953380961,0.7776657884230951,0.7008561326707321,0.7584979006367261,0.763405656809635,0.819462861740703,0.7222213758834971,0.5635944962002171,0.774302718943056,0.694651452348875,0.7406672105760971,0.7242415048552221,0.8009851608852011,0.676531959580087,0.721245612458094,0.8165967105877501,0.769752148104419,0.798481736330623,0.74763328748623,0.654890528056524,0.7260863836453151,0.746261384701545,0.7355060241976981,0.7188080163806251,0.8076135828113631,0.8120736955197181,0.740261077135631,0.6524218913824751,0.512289747720654,0.8402928590766191,0.795971114655403,0.6743729718744931,0.670210029881667,0.74404912077621,0.5552830745017621,0.710786503129407,0.6781315770824711,0.80882582563849
122,0.849406066641695,0.9371756885600181,0.9544952151000591,0.819624158514294,0.913150319056072,0.7835004704156151,0.882986535506835,0.9832855767182551,0.700983409407537,0.9999999999999991,0.9466067623011951,0.967211618529309,0.8797856346474131,0.9281717378525911,0.9349766136339961,0.817359584543588,0.8200957903702081,0.9487452007293291,0.8673199226839401,0.93543771302894,0.9440468606360121,0.8559191295035281,0.9244486825325811,0.8961908774856491,0.907075898757118,0.824589489538154,0.8989417982894621,0.8172702626563411,0.958417122946377,0.8761945471635051,0.9229887858256651,0.8507925507663281,0.9243711264695751,0.9181513410534571,0.8913316091782221,0.88686554917274,0.9511389172400281,0.7624282351514471,0.914184162422049,0.9378788954948931,0.9575411922748991,0.662346291474997,0.9669228556672991,0.8020061473599651,0.94299654266773,0.9647557491482021,0.9579567479785521,0.9505679644325181,0.959730045425163,0.8166271296885991,0.7784439922852251,0.9512459958167551,0.9425368129834911,0.952365407485211,0.9093496509401011,0.955384016714042,0.9054563246262981,0.842660618319332,0.8301411506434451,0.891903409193847,0.9373603357882371,0.915032302599161,0.9133734615341441,0.909890935342556,0.952412910744254,0.8802505647272211,0.8912258068977631,0.9232815543111961,0.8323641381461401,0.9318749274076791,0.9368781313407861,0.924040019773928,0.9463702393469791,0.9363821989085451,0.853004205975311,0.9197239270213721,0.915912225866207,0.911485507302712,0.9435007690318991,0.911067904062114,0.9061234724162801,0.7761612041686401,0.9108507609497191,0.8914270996164491,0.956677016086076,0.9537678957576401,0.8962372868684131,0.884254566438577,0.9495753382173651,0.9427958679692771
124,0.7927319735855921,0.8937108189689451,0.9052505905956341,0.7279050115251411,0.8316883638025561,0.809728790199236,0.878264471758967,0.9505271410575321,0.801918476354551,0.9466067623011951,0.9999999999999991,0.9250310368917921,0.848255406439619,0.9215787611224311,0.8797454677860711,0.792457696075983,0.7685447931492051,0.9374993833962281,0.8078180572225021,0.9112071800926661,0.8902180838228191,0.7810429069608491,0.894063765040603,0.9014390080085161,0.8856579659386471,0.8922772913567071,0.8803428732938221,0.7488814703776091,0.9313115318187251,0.924886899949059,0.872369502759461,0.830393891822619,0.88900727410291,0.9176817045034751,0.8394427818703191,0.8493667557277651,0.8715372675441551,0.7395908908923431,0.8651652440655481,0.879603780106591,0.893655188971146,0.6638218770232011,0.937479738035601,0.8059678364143981,0.9034452464651771,0.9362760859357021,0.947766199047904,0.8893298593004061,0.9062968655190801,0.8029431510122871,0.806375533753506,0.938463138464879,0.886555384269456,0.9232230117672291,0.8916747562432401,0.9120062207064581,0.8505451980427331,0.9182808429957421,0.786550985621787,0.7826732942587321,0.9286363155778751,0.873990207612221,0.8729048318030651,0.8735553828577151,0.917623922862517,0.791601586196083,0.8202526643412671,0.8799045221981651,0.8113388068146311,0.885752330921946,0.9232061693140031,0.849097451955045,0.9300452598471781,0.9342124301231741,0.794665018940865,0.8657475501014951,0.887943091044698,0.882504195362336,0.9314652869253891,0.8364574909523641,0.8383230866472031,0.812031746637172,0.9241689524795511,0.8443867569109861,0.8962819542053171,0.934518283167133,0.8459639631758611,0.8043895716680081,0.862013235981518,0.91353344864506
125,0.8957480762726701,0.973630060853612,0.978429009321053,0.8758880868318271,0.9178843975656531,0.7788953327622841,0.921945650515095,0.9844625544391601,0.6910488711375731,0.967211618529309,0.9250310368917921,1.0,0.9387203874378691,0.93186818890175,0.9836499145378451,0.8077222147636901,0.9081720267544431,0.977364508603881,0.9180069936897021,0.9393176039113391,0.973453650212564,0.9188843640231901,0.9678861843897151,0.9327217485962611,0.9315820992844831,0.78587957229674,0.9240391723658481,0.891183847564277,0.9565817614678671,0.8676920979789351,0.968781245365615,0.9293219780311931,0.9733691448613611,0.947290128026752,0.9420362801756881,0.9489802624031771,0.944184653250251,0.781367250522187,0.9166104480093611,0.97604916925003,0.9780315388418431,0.625977805117038,0.9825565318929831,0.8157929070137461,0.9753058867780401,0.9699695861696401,0.978485205886447,0.9602102031472921,0.9843172822874201,0.7975334577635931,0.785997733680814,0.9210958529752471,0.942501434150787,0.9533385422191931,0.8789329100577501,0.934864598070357,0.9447225292162491,0.8229119349217021,0.8492747670978631,0.87640397358175,0.97430322463312,0.9395500795871211,0.9519273101370641,0.9140355905062431,0.959025225660279,0.8954739490879801,0.9273284656428751,0.9086142114017791,0.8273584915302381,0.952830290294509,0.9785717539787381,0.9084479779149711,0.970321969737548,0.9410785530076121,0.8172819924850041,0.9148615029482521,0.8883502084571251,0.9320601669514741,0.9660310733991281,0.886218293388473,0.9485506634821391,0.7421408830088151,0.9127812830127591,0.915082599251072,0.9823819335537961,0.9660861844473461,0.9534277905198231,0.8965768414813841,0.9292537835509941,0.9409467296421451
211,0.927626929002022,0.9268951767334961,0.949465708064762,0.815766578383022,0.91820395130439,0.845993515313834,0.904235916752514,0.907519638930905,0.804119586134266,0.8797856346474131,0.848255406439619,0.9387203874378691,0.9999999999999991,0.923925806641663,0.953451326720508,0.8155352658867261,0.927666418446987,0.9468569228572301,0.922733655669958,0.952032337428216,0.9586233103404381,0.9394922667803661,0.9635993748178001,0.8941535240812251,0.957967611553123,0.746868446180141,0.920824773067144,0.8724687902579291,0.916156699778193,0.779176080531883,0.9562026294787991,0.9272993207824901,0.967589599328413,0.9460105203006821,0.9500353087222361,0.9072181051074961,0.918574362680012,0.7927207675344851,0.8236493401836391,0.9620458523429801,0.940728341281398,0.55299567229945,0.941586566052888,0.90688843347722,0.9775025081864851,0.950605884394308,0.9508127208554461,0.93457293507893,0.9487448052184101,0.877918035165239,0.823170070890467,0.8689832158135541,0.9232182983630041,0.9348207086337571,0.8231004749703471,0.9110937015553591,0.9766983599832051,0.8050044181169841,0.8593661160088121,0.796601659569493,0.9584083721136201,0.9198613228976221,0.9632961557442311,0.8912962838169001,0.9550062686411951,0.9418917045646941,0.9559186818308291,0.942974987905515,0.8604555499102201,0.972041339123987,0.9572760569187121,0.8710096238008621,0.921009756898798,0.8993400686266091,0.8186277449539351,0.875048226112856,0.867978779070368,0.966621909708099,0.9180008766532791,0.81172092906707,0.82633972306614,0.798668706138519,0.893887302844627,0.8612481657908381,0.9209043375144811,0.928697251844642,0.8733388261616851,0.932621941422714,0.878344743324854,0.9490784717798221
212,0.9347191654499791,0.9394011679845631,0.9262860690937651,0.7781106967395811,0.9422656592266521,0.785193780738735,0.8914667994768781,0.9456046693026301,0.795528393901311,0.9281717378525911,0.9215787611224311,0.93186818890175,0.923925806641663,0.9999999999999991,0.9020070997084451,0.809156225441464,0.826754972838698,0.94236667966535,0.924453453530473,0.914131030281599,0.933095762610983,0.8608081731755041,0.921252442004975,0.8993516999971891,0.9183047442816541,0.7510842833417121,0.9645254321259241,0.808747304247863,0.9158570473764991,0.794496878587145,0.8913743365795671,0.851106048501523,0.9213342230097761,0.9442482276331341,0.878661468210966,0.8674779315434431,0.919772547321917,0.8781234494915641,0.851245968549536,0.9221105012339551,0.9070524683871021,0.728473251345997,0.9251227171220521,0.8326770011194521,0.9387545594977401,0.9304350325956411,0.9454953490622191,0.9324092798285131,0.944809199439241,0.871800286255576,0.7684325601815091,0.924427849498842,0.9278440990761531,0.9339713273926811,0.8387152003182611,0.9340512561892751,0.9016232412084281,0.8379121862314011,0.859428199480033,0.8451478709583601,0.9445636379494241,0.9454922820314571,0.9197468948472951,0.957356013658135,0.9387815428353681,0.883583427330173,0.9257313630418971,0.9302647617238521,0.7751825795758661,0.922387659591232,0.9515086904455451,0.875810875491106,0.8924912302342761,0.9360374782438591,0.8419161673074861,0.90316152655624,0.8491874079230031,0.958892124477922,0.8869824291066071,0.8794239771330231,0.8175952936327681,0.79755519225461,0.9543316030957071,0.8647446774823421,0.9146813499704741,0.9626722934921881,0.8496316644484221,0.9171719809229931,0.879324044118409,0.9300514273414171
213,0.8758415699836131,0.950361528734437,0.9892559832683091,0.866014098450216,0.912781501831843,0.824036118273158,0.9127144982924501,0.9581639938398181,0.668351719070719,0.9349766136339961,0.8797454677860711,0.9836499145378451,0.953451326720508,0.9020070997084451,1.0,0.768862307812414,0.916018695640133,0.958215681455945,0.93862191494213,0.9315500519099361,0.9782592650930331,0.9602160346095351,0.9814115153193931,0.8999453024385361,0.9225870913528801,0.767531112539079,0.9015594370542861,0.915813472408002,0.9362020193691041,0.8406344457171131,0.9853992228848121,0.923057875267798,0.959096195528578,0.932228469658361,0.967649926977952,0.96965065284129,0.918838734585615,0.753468817865038,0.887900856681428,0.9839872571999191,0.9878532978451271,0.586463560858081,0.9678169430427511,0.8339475336949661,0.9771988255744131,0.9627887238653531,0.9648038556440791,0.939445554345624,0.975343231767102,0.8021218402321441,0.772216703995882,0.8854322394920531,0.9106443383867451,0.929535733276387,0.8424018476453411,0.9160528386382041,0.945231370874514,0.778908421662563,0.839621228560632,0.842955786264126,0.956506252663586,0.920665773397453,0.9615312799515441,0.896128669731969,0.9456801998972161,0.926730319275857,0.9178713539720621,0.9212848648273061,0.82395358562743,0.9492950179195261,0.9690757476115051,0.8929891097345881,0.9497241503582811,0.9134786603804921,0.7875712153684341,0.859700165635607,0.8598183050754771,0.924190044100436,0.9461779064269271,0.8340025779801511,0.940284917389773,0.7370092046391421,0.854701947962463,0.8754259291328871,0.9485465363036351,0.938689937309605,0.943796027920163,0.9022458852771941,0.9016460368318461,0.926795409987179
214,0.8442046853911821,0.781347335599327,0.800139247086035,0.732608177036552,0.6991948500296971,0.702193499594839,0.728605848149201,0.8297084078653381,0.6750967097742461,0.817359584543588,0.792457696075983,0.8077222147636901,0.8155352658867261,0.809156225441464,0.768862307812414,0.9999999999999991,0.7659040061876721,0.8112699500875861,0.686266843122576,0.8365589560625211,0.807032999968991,0.73247858836099,0.7835925185429821,0.9005015846922031,0.869416368233314,0.663712974798215,0.7914598860801011,0.701487958355068,0.8157278621563501,0.7409426495807601,0.828759613314281,0.717613372963758,0.846557592438511,0.8606171248020501,0.7904606004696371,0.7692090513582861,0.884965857571628,0.7991842100708321,0.838676948420434,0.8251455139447981,0.792873682822083,0.5902203153399831,0.86301090155662,0.7670932166274581,0.8185644875942051,0.8108766265734021,0.8241315908995871,0.8593087379218761,0.8166004335880851,0.7524848443896971,0.7521543964674551,0.7787054149445231,0.9150101440047481,0.8750825226322121,0.8402934377422641,0.805478508120071,0.854813813825938,0.8839174854807621,0.6191786360071151,0.65057972261909,0.8653307132369271,0.8416359798667591,0.78378290565856,0.67490933452678,0.8393257188518181,0.8270134567214841,0.811252140283352,0.7955682061776851,0.8374904120717841,0.8248767420524371,0.8152518848829131,0.791536357504371,0.8326162564725531,0.780667439949132,0.660057477368949,0.837525050060493,0.758212511489158,0.8399676912295021,0.8059144384506901,0.684341989150829,0.646175503092524,0.6741419077896891,0.884504844887054,0.664048729477946,0.8521595826742311,0.8263981906562691,0.7478232585810201,0.779665449250408,0.771021976228874,0.880490096269922
215,0.9016417395295151,0.9066311261244251,0.8905657808421611,0.79476120376625,0.8216796402722331,0.683161882005062,0.840383444350952,0.8524750361736161,0.6676687005606691,0.8200957903702081,0.7685447931492051,0.9081720267544431,0.927666418446987,0.826754972838698,0.916018695640133,0.7659040061876721,1.0,0.8858235478464721,0.8443590775878741,0.8411773965194991,0.8882419535268431,0.8841232683120861,0.8969842914768881,0.8518710707987011,0.8726413628900481,0.609461738156842,0.811871208217067,0.863037577854563,0.8491579265911321,0.7359860611209891,0.8965463424205771,0.8819210176706901,0.939727009641911,0.8533966416098671,0.8719141468571581,0.874218347010682,0.8329649681241781,0.7136081325341881,0.7439525814072211,0.8795749047730691,0.9106871459604441,0.562853830224338,0.898052855730825,0.761518678633839,0.8982336344937271,0.863711790844473,0.8780456710816491,0.8898882128854311,0.8723432065048131,0.7205327706994851,0.689279328668508,0.77909385650417,0.8667818946205561,0.8687603356747481,0.784912312346636,0.822366890976005,0.9283081195449601,0.7085359837357841,0.8468814781042481,0.826387074540693,0.9003672432292591,0.8689981477210681,0.880651513854202,0.7818337260142431,0.865280155928399,0.860897410660151,0.8698006856646221,0.805196503602973,0.7133600601613881,0.895214335665075,0.9143615026181001,0.821317670588348,0.8669417516737251,0.790580727782721,0.748100914271356,0.8154150384946871,0.8110520236596761,0.8863703476690621,0.8554770752913081,0.777733521691599,0.8249119232119511,0.632640942302898,0.824295899434159,0.834523833397234,0.887406035851912,0.8387051186873781,0.865973200389289,0.8479830158746531,0.8222037369545111,0.861444350999892
221,0.8984140698832851,0.933269736163555,0.964728558802576,0.8675112251861561,0.8960390107235131,0.7801259776739291,0.9446815462525411,0.9577376808986291,0.784240317759693,0.9487452007293291,0.9374993833962281,0.977364508603881,0.9468569228572301,0.94236667966535,0.958215681455945,0.8112699500875861,0.8858235478464721,0.9999999999999991,0.915350691730294,0.960069498408862,0.969563737134245,0.9206195971215151,0.9639746778444621,0.921492089682104,0.9539981768409831,0.8433386445445341,0.9263650866665841,0.8537822492027051,0.9444656699163061,0.883874037728081,0.9450664029814021,0.935725245277467,0.9804127436144551,0.931607971384182,0.94953389189834,0.94032728140394,0.951450687143881,0.773457357692362,0.8956420993269399,0.9615224995864731,0.9560328819242051,0.60777136273745,0.974197155755064,0.884315995289713,0.9852690089964631,0.9684920164600511,0.9891113096715181,0.9674060731978601,0.9668560968922101,0.8366752563007741,0.808349904494822,0.9374067327332991,0.930172056051188,0.9627060433118181,0.862983494168972,0.933312682882345,0.938988234039642,0.847115298613142,0.8781845938909121,0.8402645507956881,0.9895335575928721,0.9434384693005091,0.955822314703845,0.891511928821454,0.9775087976060871,0.880252179296334,0.9341489587008521,0.93263253227162,0.8786144538311991,0.9702173581173261,0.9722518939364161,0.9036278730268291,0.9652304577931221,0.9266121754845341,0.8447049567367451,0.9228573976832891,0.903673110539267,0.9509749732030861,0.9637881440031241,0.8790787446846521,0.91078295884267,0.817515574314826,0.9289883826619351,0.8924583288644451,0.9614283111180141,0.9758481060692961,0.9358664112203631,0.9016696024903791,0.9140453476523,0.9620182577951011
222,0.8793661027333721,0.9086534451448641,0.934624433138683,0.8407400322499761,0.9376893688928041,0.759185789235548,0.9256448071184651,0.906359049324128,0.645507997726331,0.8673199226839401,0.8078180572225021,0.9180069936897021,0.922733655669958,0.924453453530473,0.93862191494213,0.686266843122576,0.8443590775878741,0.915350691730294,1.0,0.8853615051462,0.9581068160367311,0.9285269121103431,0.9249009942234571,0.837823479329444,0.884480990573652,0.65985251565858,0.8955871734223151,0.859122234925874,0.8714822741499031,0.7245920988621121,0.9139192429649661,0.8846062929442791,0.905652567620239,0.8946171714807951,0.912459706203067,0.926584656134615,0.877330492153611,0.7840565102322491,0.826773581824182,0.941796992666013,0.9144068736083311,0.646690669997893,0.9010842127617771,0.842330928746254,0.9396510697289151,0.902910518878381,0.909811974975381,0.9226273362019881,0.946533792607786,0.8527182333036941,0.723925048030803,0.857124902456274,0.8722531004817661,0.8985248828373231,0.750580467825751,0.9056674259733801,0.8990754026295641,0.656861432506182,0.8575437987219111,0.8254103329992901,0.9164179728769871,0.936657781556643,0.9589788427519781,0.9160755004192471,0.9158505504603071,0.8984475375686191,0.934266451143485,0.917047084902818,0.728277565222831,0.913578872237323,0.9438703196310131,0.8932468884027621,0.8548355052012501,0.8495512939762011,0.7984980033300081,0.8377926664806471,0.7836085742841671,0.940046642801981,0.8562074319944041,0.8514041413192771,0.85090632454515,0.772948356879336,0.836835936354903,0.8388354696033811,0.875077049399668,0.9350980174179141,0.9104613355456561,0.9460339746292561,0.8664913139828171,0.8911308975418911
223,0.8486231395107121,0.9066441203227241,0.9410074019584761,0.8013663923197161,0.9019062364036091,0.850288041180266,0.939606785744391,0.9378797472590161,0.8166731894732201,0.93543771302894,0.9112071800926661,0.9393176039113391,0.952032337428216,0.914131030281599,0.9315500519099361,0.8365589560625211,0.8411773965194991,0.960069498408862,0.8853615051462,0.9999999999999991,0.9645995309252321,0.879120539567753,0.9289907077064311,0.8929138253789011,0.9762024919509581,0.868741680339502,0.9019889664187941,0.779620715819586,0.967313026628948,0.8718277128502421,0.9401803358471731,0.9276370246920711,0.958092026627348,0.9523345077078611,0.9184869366535561,0.8784453298757351,0.9532702591437191,0.7415652941147951,0.8685757622086341,0.9540001095306331,0.932252671006199,0.5167544575394231,0.970151323660401,0.940786143526632,0.975618320821601,0.9805423714551331,0.9715782458739891,0.9594858130146551,0.9549207379569351,0.9195504996032401,0.9151747822199371,0.949954109499843,0.9544679619833911,0.9776113879192381,0.908084463852992,0.955863219362111,0.9685151530272471,0.837058447564605,0.8490194651847881,0.7955592341493041,0.961406640151477,0.9091266775054561,0.9703327334722021,0.8745594617794881,0.9910029699290781,0.9159333707495191,0.9504382375349381,0.9664068857232551,0.9294669629794851,0.9894850797129561,0.9509958562852231,0.9342248596703101,0.9627395966374951,0.9242409753223031,0.8871468267583281,0.933459364208937,0.9470027448583541,0.9614317087910341,0.9678898482685201,0.8778868194706371,0.8237920742823781,0.9031728256967271,0.9139448901318651,0.8945059434263941,0.9364581714841551,0.9633286593275531,0.894739928470181,0.9306260559409021,0.9484692152275761,0.9909056719598601
231,0.885720841179607,0.9524969373691391,0.984212070463621,0.886825274802819,0.935520653686924,0.814966242698645,0.9604020187776641,0.9615946346024781,0.719343310703748,0.9440468606360121,0.8902180838228191,0.973453650212564,0.9586233103404381,0.933095762610983,0.9782592650930331,0.807032999968991,0.8882419535268431,0.969563737134245,0.9581068160367311,0.9645995309252321,0.9999999999999991,0.936570591596501,0.9603211183576221,0.89628672880278,0.9659467325988861,0.7849807389198941,0.914507856339241,0.868281193418947,0.9445577077757521,0.843241084921951,0.964437415914935,0.9426823228313361,0.970859088869189,0.946461953541827,0.9573582025738181,0.948253266034585,0.9517088189814651,0.760105417808831,0.9138189283104371,0.9837984437256011,0.9744923593201171,0.579092481974467,0.9795158144865731,0.8914735178697951,0.9894598404995911,0.9790056206534621,0.976923095092155,0.9769928504924171,0.9868269620791861,0.864349547015115,0.8298057246680761,0.9266026065884261,0.9476531825896721,0.9718421109596591,0.880306551370533,0.947591782925394,0.9672696371048801,0.781088787530916,0.8445205726484911,0.8281038374955391,0.970380639924709,0.9415789257548101,0.987631252851045,0.905491822990632,0.9834633053823911,0.925671267606314,0.9523497718155691,0.9590691905416151,0.8506548773638871,0.9746397306793261,0.9830623390193081,0.9345377755457601,0.9530022525439271,0.91397887921787,0.8342143518761471,0.9199902914304321,0.9007176726912771,0.9661728322718011,0.955319658983625,0.8887444309814251,0.8899353643631801,0.8237036512500381,0.8876700251600621,0.8919375180143421,0.9529500331092601,0.9703185293370371,0.947917941609773,0.9410870542257941,0.9405753216550661,0.967463450558628
241,0.887990850260246,0.8635010182513211,0.954633184936264,0.846552094922135,0.86378859404588,0.785233640622619,0.8433934896748391,0.872561220738564,0.6432694524464271,0.8559191295035281,0.7810429069608491,0.9188843640231901,0.9394922667803661,0.8608081731755041,0.9602160346095351,0.73247858836099,0.8841232683120861,0.9206195971215151,0.9285269121103431,0.879120539567753,0.936570591596501,1.0,0.9615867405722891,0.8340222175194321,0.8849681836067411,0.7100229709413901,0.8813914994602381,0.909458802739398,0.8531314593180861,0.754059747244161,0.9506634133812151,0.862498462714338,0.9197832769869361,0.857043950771023,0.9807475059567051,0.9606171043656141,0.8954319742373631,0.766168072674651,0.821119894438562,0.9524468232078861,0.9477356021174731,0.547751043090809,0.8965388460606931,0.8280284332630371,0.9483855679343731,0.89470312618673,0.9156577934007971,0.8922576285977951,0.9179358828099361,0.7666438375114071,0.6774336856187271,0.80914841096512,0.841084233110281,0.85869192464967,0.7295241248352551,0.8394980446053231,0.8945516999567261,0.7184139161873121,0.8265232325447961,0.780595929681521,0.9149530506992911,0.8874987124684711,0.914456778775747,0.832488370899736,0.8963168065731311,0.9327311757762161,0.8928332124914151,0.9037800838052211,0.822156609324986,0.9135970330194321,0.9049985157832311,0.8190450422876481,0.877444679948385,0.8429587032507571,0.7350909936274601,0.7832671042515491,0.768197934597258,0.8869604799851901,0.8647516853654741,0.734118794569641,0.8939003202518491,0.682465895029278,0.7851902420641,0.767379874321912,0.8852464719034551,0.8792954631158241,0.8816349733124551,0.8783043633476041,0.8123786716309761,0.87825718779712
242,0.894161568482512,0.923635447437232,0.9822013218362621,0.860841019757678,0.910684590227662,0.865034509433475,0.885661931460725,0.943721869138841,0.746067054477617,0.9244486825325811,0.894063765040603,0.9678861843897151,0.9635993748178001,0.921252442004975,0.9814115153193931,0.7835925185429821,0.8969842914768881,0.9639746778444621,0.9249009942234571,0.9289907077064311,0.9603211183576221,0.9615867405722891,1.0,0.9129955245969921,0.9136340254761771,0.774248730670915,0.906230020197719,0.9409494770206501,0.907731725031736,0.807743259609049,0.9771676059977951,0.8909896937616081,0.9468762662582301,0.924079697426689,0.980572895303163,0.961148216709597,0.9149946811208091,0.7645153393319981,0.882869339390545,0.978841037522825,0.971655585052092,0.632604927377848,0.9499891287120591,0.864517389778481,0.9800795018771121,0.9605542123778331,0.9585871985053611,0.9250907730227621,0.9677045248701611,0.8200827986133721,0.7381712367369481,0.8609099268102811,0.8911232545591631,0.9198604476456621,0.7933389862633571,0.91871496487985,0.9300995874383461,0.8386667331884821,0.827327802490444,0.8241449198180051,0.9631513259466731,0.929917398990833,0.9468428106490621,0.9085087323944151,0.9413998397960811,0.9177249109267591,0.9088738771933611,0.9378208671184171,0.8522377323055591,0.942599496330158,0.9518304819105471,0.858604161823573,0.923699563500262,0.9072936655653291,0.7599832032869851,0.8332105578170631,0.835201245335853,0.931273196697557,0.9198115523393571,0.7936387209097071,0.915646915932474,0.7445359291832371,0.87661060959652,0.8281197766685001,0.9272245826055651,0.9325106830991301,0.89182359398565,0.894936370536151,0.860529683013277,0.9235975792381661
243,0.882874684184154,0.8907477848043911,0.893924991149713,0.8201337182107881,0.8137422956189131,0.7746199551043781,0.850741630791164,0.943777379640739,0.685828375471353,0.8961908774856491,0.9014390080085161,0.9327217485962611,0.8941535240812251,0.8993516999971891,0.8999453024385361,0.9005015846922031,0.8518710707987011,0.921492089682104,0.837823479329444,0.8929138253789011,0.89628672880278,0.8340222175194321,0.9129955245969921,0.9999999999999991,0.8809559981069751,0.714756679106178,0.8699401882741961,0.854085817179915,0.901935650773484,0.8051106072229091,0.9367349373558831,0.8372833172168891,0.9193804664713221,0.945660107070982,0.8773916933185391,0.905791114955507,0.899786660626375,0.83072704471974,0.8923933146915111,0.9284030940413691,0.8787304958105051,0.71954332932304,0.9394575416768701,0.810552675398405,0.9110193238777281,0.89559580854855,0.910337280175997,0.9159534070906941,0.9310652994996501,0.808092069612469,0.7670378635470071,0.8392085174519951,0.933087919611248,0.9260482952803241,0.8188677054519471,0.9050257187080071,0.9008068084992191,0.8915867450958601,0.7509486964363251,0.7911517682997601,0.9607795686258791,0.952335691888268,0.896582781289844,0.8304371451654611,0.8995004418076621,0.8556527330086171,0.8915840453045991,0.8422109896948631,0.829309217964157,0.8898617905291341,0.9254003424445251,0.869970024828272,0.9093854526735381,0.8727076162914911,0.7170579282021681,0.858658867072365,0.7790915538865061,0.9074899750456431,0.8932366634740011,0.778071757138417,0.835316121507214,0.7172822906513561,0.9542873571598971,0.7949390785804361,0.9276641937357091,0.936770051777237,0.8903607462998631,0.862047244588329,0.832700838395179,0.9116134125167371
244,0.8868872121042071,0.9212013639024901,0.9399681727941841,0.823070898533493,0.881470925477396,0.7992784788464941,0.939876733279537,0.917294406563935,0.809721006560697,0.907075898757118,0.8856579659386471,0.9315820992844831,0.957967611553123,0.9183047442816541,0.9225870913528801,0.869416368233314,0.8726413628900481,0.9539981768409831,0.884480990573652,0.9762024919509581,0.9659467325988861,0.8849681836067411,0.9136340254761771,0.8809559981069751,1.0,0.830208750606482,0.9178472259106031,0.7738961450095591,0.93926927438506,0.8672265574304451,0.9222878001398861,0.9418054609378591,0.9733855704125671,0.9472478943182611,0.921239724709438,0.881125625980391,0.951973660426858,0.7684098320822831,0.8750498960362151,0.9420584598687171,0.9305378624279441,0.483569702999591,0.9637709391881021,0.9124412897305091,0.968453942749782,0.9616760096951581,0.9721910195137291,0.959306467048295,0.940229694392503,0.8696783283106531,0.900378157904771,0.9352245910977951,0.9568269735865981,0.9706802648263361,0.9209298216515771,0.9087759902072791,0.9724106248232911,0.8307748569897251,0.8222175390624521,0.747723285103366,0.960107555481831,0.8958538318208371,0.955047392153832,0.8469338825875621,0.9821042518264401,0.90551681344691,0.940441474193465,0.9447225094500381,0.8960727188958441,0.9765664530678411,0.9603721703596131,0.895935062154468,0.9589652144550661,0.915713432517515,0.847282659453442,0.944242062571614,0.9325206979180771,0.9598463118008461,0.9589084931096481,0.8578587942802811,0.7988319918704531,0.8585897909542931,0.9044892341622761,0.8786048151124871,0.9393617349082941,0.9474218523410131,0.894693434204982,0.9047878369217641,0.9203344768737901,0.9814373323322981
245,0.604162153687903,0.7137602318075491,0.797810229810716,0.5701760007463941,0.670147296307391,0.766343108722019,0.790090393867207,0.793166523873557,0.7894038485104191,0.824589489538154,0.8922772913567071,0.78587957229674,0.746868446180141,0.7510842833417121,0.767531112539079,0.663712974798215,0.609461738156842,0.8433386445445341,0.65985251565858,0.868741680339502,0.7849807389198941,0.7100229709413901,0.774248730670915,0.714756679106178,0.830208750606482,0.9999999999999991,0.7708280728356091,0.542970370274041,0.8571373058260451,0.9418876150168001,0.763276780763892,0.7683324232449911,0.7866098276717931,0.785627852821831,0.7675065246443551,0.7305748543217601,0.785217297682097,0.567027549164248,0.7229648426585451,0.7652561763151481,0.7893979548187161,0.337708498938433,0.8270115729755171,0.7949507505030121,0.812239681707687,0.8486695238443681,0.8722251031822471,0.7613534910906821,0.760773530126846,0.730527310208916,0.8416313675578381,0.8900125063009041,0.7495856329278471,0.8074183878711261,0.839649409489376,0.7679638483523571,0.7448465020326951,0.8201741454193671,0.7091769391993501,0.583393989397307,0.8053375552763871,0.678152011207596,0.77024504427296,0.6909444672078611,0.8399787700427861,0.7091979840702991,0.702632162168629,0.8181200098954761,0.8623442095481421,0.821775258592598,0.784194894185919,0.730964565680535,0.8763624679988601,0.8523817083045101,0.7677201561102751,0.7630644001879071,0.8698686421868761,0.744762891588982,0.884536867749366,0.698277020043634,0.724471014918714,0.8365372201250301,0.747887582353403,0.741905682784739,0.7705100107121481,0.808817910602391,0.7345928502641531,0.6686118202981991,0.774234299587349,0.8397019674185431
246,0.930098199694649,0.9284991559297461,0.913012816118101,0.7478206153665521,0.910814868651837,0.74790965891328,0.8492953798664181,0.917205825695923,0.74025090854754,0.8989417982894621,0.8803428732938221,0.9240391723658481,0.920824773067144,0.9645254321259241,0.9015594370542861,0.7914598860801011,0.811871208217067,0.9263650866665841,0.8955871734223151,0.9019889664187941,0.914507856339241,0.8813914994602381,0.906230020197719,0.8699401882741961,0.9178472259106031,0.7708280728356091,1.0,0.775338658003006,0.918006711781966,0.810962316664905,0.895058305878871,0.868337883277808,0.920401283995074,0.9405518626114131,0.886283243252527,0.8594458995360411,0.923753994794248,0.9096741165638761,0.829055227636015,0.9213268165163061,0.8962648509437531,0.589217871067102,0.9018757553573991,0.7801436777109421,0.926132981541766,0.9053528205585281,0.9441810572684741,0.8929366837213241,0.922874373781961,0.8078056429172521,0.7888799025496691,0.9146435601738251,0.9083904291905931,0.8882374822883391,0.8345538494472271,0.865027729374214,0.8861566297992951,0.8109930696515131,0.839000092596584,0.793157919730877,0.9213071212086211,0.888077396486119,0.8902115542788931,0.9264810881713811,0.9139173199229921,0.89165078593652,0.919886038852842,0.893958998223432,0.7967433541116561,0.911634195913371,0.926914566720879,0.81696988425778,0.9145493187457031,0.96969905543719,0.8268768013474661,0.8944723079754301,0.8275138465896991,0.908240050899605,0.9014538860494921,0.8304189671073801,0.8387312279462931,0.7323093624878351,0.912272935975128,0.872075961831083,0.9287649175936351,0.937140359696449,0.8499283342894801,0.8697238678737791,0.8559449868451781,0.9017671978323201
247,0.8374155937219271,0.847745979145144,0.9047803928061481,0.8919051763097581,0.8320642956820951,0.760563810129056,0.762203437601898,0.8528020089504431,0.563097495369419,0.8172702626563411,0.7488814703776091,0.891183847564277,0.8724687902579291,0.808747304247863,0.915813472408002,0.701487958355068,0.863037577854563,0.8537822492027051,0.859122234925874,0.779620715819586,0.868281193418947,0.909458802739398,0.9409494770206501,0.854085817179915,0.7738961450095591,0.542970370274041,0.775338658003006,1.0,0.751463210027784,0.614839561611861,0.912477287638182,0.783786231261243,0.8471406298992721,0.804161870509242,0.9254323615123881,0.922401465395242,0.8086399428137431,0.6632644112608971,0.8470066229427861,0.9100983730419101,0.8950926439426821,0.6485287343164431,0.8437207724975351,0.725674504005076,0.8833930815395851,0.8470072744214131,0.8274340367432591,0.8293785810601331,0.8962454344576051,0.662639144799817,0.521980607180347,0.6704694911732061,0.7796393948951921,0.8017843979105811,0.6179216993789051,0.8148770736516351,0.833957284075697,0.725009577693396,0.6810395536885631,0.770305609995234,0.867580334646436,0.8714483663521471,0.8470085435412951,0.825337061938827,0.813142184980002,0.8197904452426991,0.807884324056215,0.8112371569498741,0.710155023046912,0.813263749482483,0.85115798512836,0.74523793950493,0.7870844035878081,0.758610739232491,0.558701422173085,0.6973086396653261,0.657073325909977,0.8240525044981241,0.7797830145786591,0.6693767517311711,0.8803244121142261,0.530008237228335,0.7598714893561661,0.693226321525376,0.840659702239642,0.812423927041871,0.815013262949678,0.7995894182504271,0.7320165310248381,0.7837640823353711
311,0.8459610239094091,0.9365625193946401,0.9329611916989521,0.7410079481521401,0.894031481688576,0.802504322409989,0.9128571881374871,0.9657198838126401,0.733818018466449,0.958417122946377,0.9313115318187251,0.9565817614678671,0.916156699778193,0.9158570473764991,0.9362020193691041,0.8157278621563501,0.8491579265911321,0.9444656699163061,0.8714822741499031,0.967313026628948,0.9445577077757521,0.8531314593180861,0.907731725031736,0.901935650773484,0.93926927438506,0.8571373058260451,0.918006711781966,0.751463210027784,1.0,0.912487837269316,0.9362559562982761,0.902561353509386,0.945820733457665,0.962727630487317,0.8724023959068701,0.8717777489858161,0.93355767709767,0.7949353448663661,0.84358604201802,0.9361675612693381,0.9366913916632301,0.5756976556826671,0.972907742669819,0.8421027456169131,0.9448082147763521,0.959630711440362,0.967363568693776,0.942957511845375,0.9453159227241701,0.8719963522742981,0.8959270333261551,0.9717793480640211,0.958971304049071,0.9583493683081121,0.9427690384778721,0.9442975401909921,0.9416905629709531,0.8198104702550211,0.875934479360122,0.8552282634314771,0.9441181167008371,0.9015810152554191,0.9414666400199441,0.8855664571946561,0.9595578658289411,0.9121211028589811,0.926983127976654,0.9160043282950231,0.8535728562514551,0.96136922249927,0.9553913019990631,0.938496390310198,0.9757556089207021,0.954940355686905,0.906943452750639,0.9290392099350111,0.9378268533588481,0.928716875839195,0.9722891867060861,0.9003041332985751,0.8632131291715931,0.838822067271708,0.9199102970746591,0.9322819424456491,0.9520338327120451,0.96178670418997,0.9164432488642221,0.9080300651676051,0.9557426185142811,0.9634719742559291
312,0.6874760283889381,0.8170769851813211,0.85434473814536,0.6483394908368201,0.6947049076025971,0.714552479416524,0.8483592458899221,0.8729651261896241,0.694048351986091,0.8761945471635051,0.924886899949059,0.8676920979789351,0.779176080531883,0.794496878587145,0.8406344457171131,0.7409426495807601,0.7359860611209891,0.883874037728081,0.7245920988621121,0.8718277128502421,0.843241084921951,0.754059747244161,0.807743259609049,0.8051106072229091,0.8672265574304451,0.9418876150168001,0.810962316664905,0.614839561611861,0.912487837269316,1.0,0.8261181567801371,0.826288604979857,0.8587164128328361,0.8490891997181491,0.7935676208680411,0.8190686073951421,0.821375374733849,0.6570502990304541,0.7894534732539911,0.814951437067808,0.8577549367277281,0.44602138768940003,0.9011260923565291,0.744733951806497,0.842877547271039,0.8710579421395671,0.916300321230416,0.831375980627406,0.817961834426547,0.699906154637975,0.8425451849209641,0.924154316228158,0.8290813484750471,0.8625220995008871,0.9221891033547761,0.795734989556217,0.8027395430924831,0.8223314417132831,0.750045202296529,0.670809813900147,0.8642538084169211,0.7566722066850761,0.8148864839575111,0.7121542887844401,0.8650565337658661,0.753560823050865,0.744060393592021,0.798283875263873,0.8022314529411501,0.8456674627909071,0.870169783315418,0.7993491729734901,0.9372094006383631,0.883182520533853,0.7733286598135891,0.8228513117681001,0.8826875410214091,0.786450112226988,0.93354539451379,0.764329724279716,0.807876672892728,0.777300341555729,0.8032830230514071,0.8090688826354071,0.8531194008595061,0.8608377429149431,0.855222197720484,0.7086789724894661,0.8239245460328081,0.8694303530193581
313,0.8767404012429071,0.92243179897559,0.9733668953962391,0.852518490789244,0.886817919824706,0.857294662592016,0.886407690770265,0.953701013797105,0.6706623961722541,0.9229887858256651,0.872369502759461,0.968781245365615,0.9562026294787991,0.8913743365795671,0.9853992228848121,0.828759613314281,0.8965463424205771,0.9450664029814021,0.9139192429649661,0.9401803358471731,0.964437415914935,0.9506634133812151,0.9771676059977951,0.9367349373558831,0.9222878001398861,0.763276780763892,0.895058305878871,0.912477287638182,0.9362559562982761,0.8261181567801371,1.0,0.8983162164600951,0.9501904478339731,0.9498993547415661,0.967074200008836,0.9646176829983211,0.928175206009992,0.78388142761192,0.8951830990969071,0.9901236852545171,0.9665058147627901,0.597459042292628,0.9658922969874921,0.8564935193908131,0.9709159265889591,0.953257184166422,0.951908575726609,0.933931776818791,0.971422337989823,0.830250517987632,0.79556490272719,0.8657630421437851,0.9264582465679191,0.9321220461370291,0.835665901205172,0.9199045482346511,0.9500545871583551,0.8197359184164821,0.8027396638332991,0.8122225934466271,0.9614007589331741,0.9309107745319991,0.9570857134798121,0.8710491520703061,0.9406660238537291,0.9468622485958271,0.925438027694058,0.9209998296756061,0.8701057912834871,0.9471007121989021,0.9532571703940741,0.8941450443546121,0.9461450662420541,0.9063716743698821,0.7644467704448381,0.8499101659011961,0.8343674969786561,0.9249947242178451,0.93710655384409,0.792314635589287,0.9074075756967931,0.7442932103701061,0.8745386529437951,0.8360761165320351,0.9443900047023571,0.9377172914453531,0.926921960548795,0.907725682746628,0.8847820256212311,0.936251085225357
321,0.8206524733533781,0.9221375384604281,0.9030087831255571,0.8497910556697721,0.8610686498945611,0.7021572651411531,0.9563703245981471,0.8835000514094201,0.712250783902553,0.8507925507663281,0.830393891822619,0.9293219780311931,0.9272993207824901,0.851106048501523,0.923057875267798,0.717613372963758,0.8819210176706901,0.935725245277467,0.8846062929442791,0.9276370246920711,0.9426823228313361,0.862498462714338,0.8909896937616081,0.8372833172168891,0.9418054609378591,0.7683324232449911,0.868337883277808,0.783786231261243,0.902561353509386,0.826288604979857,0.8983162164600951,1.0,0.9592501466387261,0.9023647404403181,0.8918003002065571,0.874046224227612,0.8817794955311261,0.6575052976780581,0.835571701203579,0.9195435005289421,0.8967586685020291,0.376757513273464,0.9260454957173531,0.846309283952377,0.941717549220149,0.926762907154399,0.938363242563743,0.915457883858625,0.9236510269676321,0.780250061132428,0.8638843243089721,0.879827334029859,0.8873018017380091,0.9161983087988591,0.843015737109672,0.856748021274447,0.9408772910707641,0.7048342067615031,0.8171589914780161,0.742044391679285,0.9282643153181691,0.8513646147289131,0.9457004601221711,0.8313271685021011,0.937869751362656,0.814220397281579,0.9202625268254381,0.8587852091465821,0.816400955883524,0.9421735879804831,0.944806867980524,0.8566362812324351,0.942572034889369,0.8781080197898531,0.8071473405539311,0.9120366300354691,0.890670181957221,0.9031973365491031,0.9543489206306551,0.8605367902188441,0.852398625098651,0.7865746336539781,0.8372949129625501,0.929085484756145,0.927047578487569,0.9179329355735271,0.9346746308419661,0.8566831137867901,0.9009893426909601,0.9095273501295251
323,0.9246191626112651,0.9508196538847501,0.9549973648804211,0.8678492640816821,0.8914733837812191,0.7507520053933261,0.939349045604087,0.9417030275838001,0.7573861648191711,0.9243711264695751,0.88900727410291,0.9733691448613611,0.967589599328413,0.9213342230097761,0.959096195528578,0.846557592438511,0.939727009641911,0.9804127436144551,0.905652567620239,0.958092026627348,0.970859088869189,0.9197832769869361,0.9468762662582301,0.9193804664713221,0.9733855704125671,0.7866098276717931,0.920401283995074,0.8471406298992721,0.945820733457665,0.8587164128328361,0.9501904478339731,0.9592501466387261,1.0,0.941288313997183,0.9402086546387791,0.9251814270352361,0.9545578569075951,0.7826566561416981,0.8767989397129321,0.9603262069174221,0.9554837435269591,0.551717565746368,0.9765599383799791,0.8715994006958461,0.9804619640064001,0.9580319458375771,0.9778420539654371,0.9739131346237001,0.959938574184214,0.827080746859938,0.8335945676063481,0.9185619932804441,0.955538437324678,0.9657212555119971,0.8868160319761561,0.9148269194373511,0.976003602565032,0.8142700513171051,0.8748712383819031,0.8349730624732551,0.983139488396863,0.9336184227737101,0.9591940539316971,0.863744721122161,0.9739433322511761,0.903333797977634,0.954454477342599,0.913061113345451,0.86668203234364,0.979651424922893,0.976674189138614,0.907093202305118,0.9694825408746951,0.9119947731981921,0.8472966471362501,0.9416309765363181,0.911277388015835,0.956922756875583,0.9642867408571221,0.8782581481182831,0.8835106295954581,0.788258144179051,0.9213555484315751,0.910878141239828,0.9742724881342891,0.9582876973353851,0.9418529381282331,0.9118953274911481,0.9251306794161841,0.9656090653734011
331,0.8846290965531901,0.947667961082124,0.9316292407348401,0.7687872330476451,0.9009072420675601,0.8478232688978461,0.9070579131131321,0.960220827371518,0.7535267117403001,0.9181513410534571,0.9176817045034751,0.947290128026752,0.9460105203006821,0.9442482276331341,0.932228469658361,0.8606171248020501,0.8533966416098671,0.931607971384182,0.8946171714807951,0.9523345077078611,0.946461953541827,0.857043950771023,0.924079697426689,0.945660107070982,0.9472478943182611,0.785627852821831,0.9405518626114131,0.804161870509242,0.962727630487317,0.8490891997181491,0.9498993547415661,0.9023647404403181,0.941288313997183,0.9999999999999991,0.8889435289356591,0.8867115042720951,0.917266363093842,0.8475804630663181,0.8726628151134721,0.953429605963451,0.915680065050366,0.613687128575649,0.96157628086594,0.8547634292156631,0.946450992954832,0.9506832858052261,0.9555434731640671,0.9289224182712781,0.95817298085653,0.882780937367157,0.8882716233041531,0.91892467728226,0.961347205263778,0.9533925496518221,0.90051360947067,0.9326249533511731,0.9505994410489321,0.8590661424726831,0.80188937448095,0.7841631256218741,0.9569154276870441,0.924796247387461,0.9497903647096201,0.9068722352075861,0.9476926433538161,0.9143823486156961,0.9359958536132611,0.9149895071799801,0.83649582837333,0.9419508991311171,0.967898174788659,0.8967684773118481,0.9500148985983741,0.9537262436718971,0.8145031420793071,0.904686447378459,0.8691452917672141,0.9493400794944641,0.9446358518115361,0.8394648558759361,0.819274667035616,0.8124469556134961,0.942712675568482,0.8833455048210741,0.9390421715444951,0.9627890551097501,0.895317303021227,0.9097297447230781,0.8986558049596771,0.952697886312684
341,0.876545066076822,0.8827483774318851,0.9733462320381281,0.895392943667859,0.8700969929806781,0.829695046936825,0.8742299374076711,0.9050147908915541,0.701965144708079,0.8913316091782221,0.8394427818703191,0.9420362801756881,0.9500353087222361,0.878661468210966,0.967649926977952,0.7904606004696371,0.8719141468571581,0.94953389189834,0.912459706203067,0.9184869366535561,0.9573582025738181,0.9807475059567051,0.980572895303163,0.8773916933185391,0.921239724709438,0.7675065246443551,0.886283243252527,0.9254323615123881,0.8724023959068701,0.7935676208680411,0.967074200008836,0.8918003002065571,0.9402086546387791,0.8889435289356591,1.0,0.967666736503321,0.925323321342691,0.736497651294143,0.895934703739475,0.9750371918646411,0.9595005925452271,0.535401501619411,0.9308929054597421,0.869243836444449,0.9732157824593051,0.9382879745294971,0.944993211895326,0.9167851952378081,0.948472948651583,0.7844927473709621,0.729648618212089,0.834454071150572,0.872810231334273,0.901082011963325,0.7735274167679551,0.8733149725557481,0.9185846552458111,0.8023085455759611,0.7807423608164871,0.7555504266745181,0.9473347544535301,0.900359698232419,0.9337560712494091,0.8468916584772561,0.932902133684224,0.913798320784959,0.8985994138175941,0.9297089651185401,0.8835394304339881,0.9333336307459381,0.9250260991099851,0.832693577927966,0.9140263941845771,0.8731179778594911,0.720887894041481,0.824288410754033,0.811336270496202,0.9063389265280881,0.908024795483073,0.7521816762776731,0.900546851362592,0.7260801354133191,0.825714916915357,0.781771943470542,0.915581733717803,0.9081907856036051,0.891901315611157,0.8716251506363291,0.83883009870238,0.9134420082029701
342,0.853497599868943,0.8844274759999681,0.962672597515355,0.8913373466811311,0.8311181575802821,0.7789352481768691,0.887970249876283,0.9243742508326591,0.6038474421637781,0.88686554917274,0.8493667557277651,0.9489802624031771,0.9072181051074961,0.8674779315434431,0.96965065284129,0.7692090513582861,0.874218347010682,0.94032728140394,0.926584656134615,0.8784453298757351,0.948253266034585,0.9606171043656141,0.961148216709597,0.905791114955507,0.881125625980391,0.7305748543217601,0.8594458995360411,0.922401465395242,0.8717777489858161,0.8190686073951421,0.9646176829983211,0.874046224227612,0.9251814270352361,0.8867115042720951,0.967666736503321,1.0,0.888514154841031,0.752016994557926,0.896608435523019,0.961293878114524,0.9491698238410711,0.6277123513545031,0.9350713416312051,0.8145207138065601,0.94511616190033,0.906756421462058,0.9311457481938411,0.9133886016572541,0.9423812628446611,0.7497967946630121,0.694936248536959,0.8273138092729501,0.863447196325258,0.8931135462091521,0.7695680747880771,0.8653095982080351,0.885895112160146,0.7703029029531031,0.778801432522496,0.774031889682375,0.9472677699146731,0.9236732325809611,0.9265081820122391,0.82295245832546,0.902794514561795,0.8852520561040381,0.871559497915353,0.8772105898958441,0.8057530472215181,0.8964833729061891,0.937577870426428,0.852030189664394,0.9067317476997341,0.847793317510631,0.6893766543590331,0.799289057978774,0.7629179459108231,0.8871227290797781,0.8957936709605011,0.7534667240143841,0.9258760006762851,0.6912464680345091,0.8251330278348921,0.7709224675550561,0.9067837136070631,0.9160106503916561,0.9432428025606121,0.8587392789381231,0.8198999431806441,0.8869087898144561
344,0.909943204349527,0.906908851606932,0.936775938895641,0.8672819750155201,0.897879602792352,0.739769260913911,0.881652565484466,0.9393594021456201,0.7085831297496631,0.9511389172400281,0.8715372675441551,0.944184653250251,0.918574362680012,0.919772547321917,0.918838734585615,0.884965857571628,0.8329649681241781,0.951450687143881,0.877330492153611,0.9532702591437191,0.9517088189814651,0.8954319742373631,0.9149946811208091,0.899786660626375,0.951973660426858,0.785217297682097,0.923753994794248,0.8086399428137431,0.93355767709767,0.821375374733849,0.928175206009992,0.8817794955311261,0.9545578569075951,0.917266363093842,0.925323321342691,0.888514154841031,1.0,0.8137613826868161,0.9159305615521081,0.9545426115830391,0.932031274910576,0.570273093441664,0.952715380035511,0.8554571508152371,0.959232321061776,0.9430444481803141,0.952169947296969,0.970739204392646,0.9549201007247081,0.8389795130124861,0.8070268898516471,0.925423881479824,0.966954422701585,0.956431375674561,0.8799009806008551,0.9255739142192061,0.9390154077099391,0.8202061696061581,0.8240506390601181,0.8365645989998981,0.9526435783707441,0.9277927112918251,0.9255918751375061,0.8635897720260951,0.9673679817427451,0.91639780972226,0.9512821819975761,0.9326796665582571,0.9071952577260871,0.9602230541257241,0.9239362351673521,0.915689106547343,0.942615428042442,0.911454065296003,0.8535874166145021,0.954515964756062,0.8922491831255861,0.934151855479154,0.9325275723124691,0.882572596157808,0.8610193167297231,0.782863722797411,0.9176847912168201,0.865000185854993,0.970303355703753,0.955201350484097,0.8982602833027541,0.915019296553606,0.939157062655642,0.9643388384377971
351,0.906404705351168,0.787782563313081,0.761586374158117,0.584524219325917,0.7635723129859521,0.6183809128204071,0.6673658212401541,0.802091389907232,0.5814877096922351,0.7624282351514471,0.7395908908923431,0.781367250522187,0.7927207675344851,0.8781234494915641,0.753468817865038,0.7991842100708321,0.7136081325341881,0.773457357692362,0.7840565102322491,0.7415652941147951,0.760105417808831,0.766168072674651,0.7645153393319981,0.83072704471974,0.7684098320822831,0.567027549164248,0.9096741165638761,0.6632644112608971,0.7949353448663661,0.6570502990304541,0.78388142761192,0.6575052976780581,0.7826566561416981,0.8475804630663181,0.736497651294143,0.752016994557926,0.8137613826868161,1.0,0.6853385536684471,0.7906202535642961,0.7438830572243621,0.7121215494563821,0.767618747670607,0.6315632126209041,0.7687733783514471,0.720534269585348,0.786996712865862,0.7763027147034841,0.782302779925605,0.73079454681397,0.632919140213539,0.7697498919553091,0.829742232612079,0.7591445161855791,0.703657991676226,0.7447865961413701,0.751759381329107,0.7341612733693841,0.7463817847298541,0.724967163117735,0.8058329398994041,0.839326374115807,0.741146326310488,0.788820149375685,0.7530598387787261,0.841952971704443,0.8202802070482521,0.745368281080052,0.650113511107916,0.7611063193331291,0.794944695453466,0.720656116130111,0.75523935034288,0.8286352112016351,0.7080705175521771,0.75642821460259,0.6184023681184051,0.8035132162653541,0.7154322143128511,0.675655735659849,0.675679728322786,0.575641800429691,0.8611317976948331,0.685408444481705,0.799778134916979,0.8214939724381901,0.7203598085453231,0.7941088970991911,0.69187069743006,0.776551037254238
352,0.788277467825623,0.876674119833418,0.9129871358786831,0.929932008194389,0.8220586380697471,0.728678054573191,0.8522639582536201,0.926771514116366,0.5849565923630601,0.914184162422049,0.8651652440655481,0.9166104480093611,0.8236493401836391,0.851245968549536,0.887900856681428,0.838676948420434,0.7439525814072211,0.8956420993269399,0.826773581824182,0.8685757622086341,0.9138189283104371,0.821119894438562,0.882869339390545,0.8923933146915111,0.8750498960362151,0.7229648426585451,0.829055227636015,0.8470066229427861,0.84358604201802,0.7894534732539911,0.8951830990969071,0.835571701203579,0.8767989397129321,0.8726628151134721,0.895934703739475,0.896608435523019,0.9159305615521081,0.6853385536684471,1.0,0.924225253871466,0.891569545368308,0.56528522733314,0.9169247632598311,0.7644766255823481,0.8998976091367841,0.9070485835869171,0.8978345011612081,0.903383236970104,0.9358214905773511,0.70817033553229,0.71924281264629,0.8317905264480471,0.8910000009755261,0.9044748415982161,0.821643812029183,0.8680389501466461,0.8543901123154931,0.820860344353266,0.61641352907218,0.712328836149094,0.9068446438854021,0.875442593349771,0.87213524595526,0.816732586330955,0.8984848315465521,0.7886230104396401,0.8336925847679361,0.8528707443687421,0.8217688237198161,0.851816722905917,0.8871959227099091,0.832750731394847,0.893583937351163,0.854888256606233,0.6409460211973871,0.8683866246860271,0.7891466366648331,0.846858677273402,0.892474073666619,0.793776200916101,0.8636855977076011,0.677118477719294,0.84129790434003,0.768839099023063,0.920359411214627,0.9044409192138291,0.884925001847049,0.7948065462443521,0.8525108812948801,0.8781412259032461
353,0.8943314935552,0.9389342377018071,0.9811768964185411,0.8902648602902581,0.9242415960358931,0.8388657857059381,0.9139350537971781,0.9624790104874751,0.689837665134988,0.9378788954948931,0.879603780106591,0.97604916925003,0.9620458523429801,0.9221105012339551,0.9839872571999191,0.8251455139447981,0.8795749047730691,0.9615224995864731,0.941796992666013,0.9540001095306331,0.9837984437256011,0.9524468232078861,0.978841037522825,0.9284030940413691,0.9420584598687171,0.7652561763151481,0.9213268165163061,0.9100983730419101,0.9361675612693381,0.814951437067808,0.9901236852545171,0.9195435005289421,0.9603262069174221,0.953429605963451,0.9750371918646411,0.961293878114524,0.9545426115830391,0.7906202535642961,0.924225253871466,1.0,0.9681761428999791,0.5932875223627151,0.9691109367475361,0.873269124235823,0.986400899431867,0.9679883816954391,0.9647328504087781,0.9556431485548551,0.9906359560145891,0.8471991844398221,0.802328988814579,0.889292834125168,0.9398643320372051,0.9492335772805681,0.839109967636795,0.9370587192803591,0.956800307188265,0.81049930748716,0.8114989564349141,0.8215796867183691,0.9707491382980801,0.9454681007594681,0.972674223303969,0.905626431468435,0.9635852501870811,0.9395038228212921,0.950929834118246,0.944686833829471,0.8760518125343971,0.9611021397240671,0.963849191732811,0.9072831487208121,0.9485173707943181,0.9211610642537651,0.7887295217048581,0.8893524206912891,0.852290755698329,0.9459067920094091,0.9442296166888811,0.8369145172465281,0.910829425566646,0.770323512894398,0.8907142874960481,0.8611564924719861,0.9592147405621241,0.9612946407881121,0.9349537212369331,0.927931670540433,0.9104829098779911,0.9498888674363111
354,0.8783569447668921,0.9488793081790571,0.9944337347126511,0.854436139240613,0.9129271385686061,0.821377836664938,0.8982253652392431,0.958178263181474,0.694417757447184,0.9575411922748991,0.893655188971146,0.9780315388418431,0.940728341281398,0.9070524683871021,0.9878532978451271,0.792873682822083,0.9106871459604441,0.9560328819242051,0.9144068736083311,0.932252671006199,0.9744923593201171,0.9477356021174731,0.971655585052092,0.8787304958105051,0.9305378624279441,0.7893979548187161,0.8962648509437531,0.8950926439426821,0.9366913916632301,0.8577549367277281,0.9665058147627901,0.8967586685020291,0.9554837435269591,0.915680065050366,0.9595005925452271,0.9491698238410711,0.932031274910576,0.7438830572243621,0.891569545368308,0.9681761428999791,1.0,0.596141010174543,0.9713195134022751,0.826998960607577,0.97271501714615,0.969799936064712,0.9683437866148831,0.9465254083609421,0.9647245043748651,0.794678824806168,0.7599086853076921,0.904710401949903,0.9178834528348101,0.9372091700734401,0.876167356184517,0.919366165025512,0.9414904754534711,0.8014146257961091,0.8409109464567901,0.8549264031778421,0.9473528881989861,0.907506569157125,0.9432986110208991,0.88972919269584,0.9517769091628631,0.927747607079445,0.8984936905491201,0.9352643323914621,0.826573575132401,0.9492623025328341,0.9610373619776521,0.8941396848205151,0.948136390047363,0.9137387064428131,0.805511910370131,0.872223297173061,0.8932358707322041,0.9227791751955421,0.9436469444844531,0.8488575259939131,0.9257622855087051,0.741862732530098,0.8535730553327451,0.8679889961244761,0.9471402442145991,0.9282294123317091,0.917515859283465,0.8920979738671521,0.914182781425049,0.936484380704341
355,0.684998561376655,0.608517272128384,0.6087000918865391,0.5009376857990241,0.623596717709749,0.52682568537257,0.5250015716657841,0.6929673854457331,0.44309281441618303,0.662346291474997,0.6638218770232011,0.625977805117038,0.55299567229945,0.728473251345997,0.586463560858081,0.5902203153399831,0.562853830224338,0.60777136273745,0.646690669997893,0.5167544575394231,0.579092481974467,0.547751043090809,0.632604927377848,0.71954332932304,0.483569702999591,0.337708498938433,0.589217871067102,0.6485287343164431,0.5756976556826671,0.44602138768940003,0.597459042292628,0.376757513273464,0.551717565746368,0.613687128575649,0.535401501619411,0.6277123513545031,0.570273093441664,0.7121215494563821,0.56528522733314,0.5932875223627151,0.596141010174543,1.0,0.6122190425852031,0.48389060149343205,0.577615198527717,0.56346202357248,0.5704692292986611,0.6359581767889201,0.633451540887613,0.607231043771102,0.284281779114682,0.557601902991536,0.6205981303036541,0.620125443011966,0.46723512214942003,0.700189243194231,0.529439217288711,0.6158188908011051,0.605448108108485,0.7381086212497491,0.643434295146459,0.7760453944910121,0.5753842182821101,0.675534237398813,0.562785217500213,0.5998492417959701,0.5748775736237031,0.5872641897898541,0.37035740249514204,0.537616353710149,0.6292558191540001,0.6451730334171251,0.49253528888951803,0.540056366802604,0.5022194044306191,0.508531114717082,0.42426478744272106,0.6594108141182871,0.46763945115207806,0.5764390071841411,0.556043647236073,0.44793678991123703,0.726390476139364,0.456312530765753,0.565435988128374,0.657109994398541,0.5471422035868131,0.6619173974738171,0.522522567556968,0.5833167417700841
356,0.876017376887198,0.953142366075412,0.9727158524839,0.8523503513270271,0.894381558416598,0.815635610271065,0.9440099351509751,0.9812487408384921,0.7374015864111391,0.9669228556672991,0.937479738035601,0.9825565318929831,0.941586566052888,0.9251227171220521,0.9678169430427511,0.86301090155662,0.898052855730825,0.974197155755064,0.9010842127617771,0.970151323660401,0.9795158144865731,0.8965388460606931,0.9499891287120591,0.9394575416768701,0.9637709391881021,0.8270115729755171,0.9018757553573991,0.8437207724975351,0.972907742669819,0.9011260923565291,0.9658922969874921,0.9260454957173531,0.9765599383799791,0.96157628086594,0.9308929054597421,0.9350713416312051,0.952715380035511,0.767618747670607,0.9169247632598311,0.9691109367475361,0.9713195134022751,0.6122190425852031,1.0,0.8735635533510631,0.976619226132528,0.981052915060288,0.9836974414335041,0.9779571222394291,0.9761657256451961,0.8525860157985561,0.8541508518791471,0.9443639235869281,0.9693890350341541,0.98598901833506,0.929508781951565,0.9544320805626991,0.966673682567559,0.8522410964871671,0.8393931037291431,0.8410661136385721,0.9817539728380341,0.9411647026670731,0.9664332146423631,0.877322938278249,0.980624874987935,0.911410240815913,0.9302380650634621,0.933936013712342,0.8692431061076371,0.970700256246333,0.983174286289454,0.9423476621688841,0.9798694622151671,0.9273955304258811,0.8398247217987,0.931430381412896,0.9253553180966031,0.954765958945712,0.9771186902026051,0.8867644271802431,0.890129773638004,0.820859264905718,0.9257623670015911,0.8978556689261441,0.9694354471106691,0.972385676340727,0.9474195817914831,0.913868325074709,0.945423326352662,0.978785618952227
411,0.769035024779484,0.763389150028267,0.8516849021676931,0.746429463727173,0.811952622474265,0.851903994643832,0.89734485574813,0.812727252886685,0.8538646605714311,0.8020061473599651,0.8059678364143981,0.8157929070137461,0.90688843347722,0.8326770011194521,0.8339475336949661,0.7670932166274581,0.761518678633839,0.884315995289713,0.842330928746254,0.940786143526632,0.8914735178697951,0.8280284332630371,0.864517389778481,0.810552675398405,0.9124412897305091,0.7949507505030121,0.7801436777109421,0.725674504005076,0.8421027456169131,0.744733951806497,0.8564935193908131,0.846309283952377,0.8715994006958461,0.8547634292156631,0.869243836444449,0.8145207138065601,0.8554571508152371,0.6315632126209041,0.7644766255823481,0.873269124235823,0.826998960607577,0.48389060149343205,0.8735635533510631,0.9999999999999991,0.9122218135566601,0.8972971496011761,0.87574808184825,0.888504151912308,0.86322287997692,0.942416425823355,0.852721048893417,0.8340909895364481,0.850894204293106,0.910942139135769,0.7641666261065181,0.8963820830150341,0.9030527757427601,0.766486324927769,0.784099684939885,0.6647848091573441,0.8963434249893971,0.8607072745779101,0.9263848199977581,0.769293516240072,0.9269875455541121,0.8514958856196181,0.8895470635748841,0.9391056432929741,0.9062892450632991,0.9283608849043221,0.864343691949594,0.8694152986339481,0.8355328535587091,0.7720808768511641,0.8009374753377131,0.8164924149107321,0.8479320511855301,0.929688611045357,0.848335461485979,0.757531790822986,0.669905900050837,0.9410187591598431,0.832011852407314,0.7411482017808321,0.7935984513669471,0.8809938740135511,0.7875813364730121,0.9016495243155901,0.8316334569877171,0.9344680224237091
412,0.9043797413158481,0.9412738145772461,0.9823912901311361,0.877557359316074,0.930697841984736,0.8356382123197981,0.9426339595448261,0.9547050766971881,0.7773814875759281,0.94299654266773,0.9034452464651771,0.9753058867780401,0.9775025081864851,0.9387545594977401,0.9771988255744131,0.8185644875942051,0.8982336344937271,0.9852690089964631,0.9396510697289151,0.975618320821601,0.9894598404995911,0.9483855679343731,0.9800795018771121,0.9110193238777281,0.968453942749782,0.812239681707687,0.926132981541766,0.8833930815395851,0.9448082147763521,0.842877547271039,0.9709159265889591,0.941717549220149,0.9804619640064001,0.946450992954832,0.9732157824593051,0.94511616190033,0.959232321061776,0.7687733783514471,0.8998976091367841,0.986400899431867,0.97271501714615,0.577615198527717,0.976619226132528,0.9122218135566601,1.0,0.9839917719521101,0.9841293427307871,0.971104248891627,0.983176246624154,0.8711032870680121,0.8259355692401,0.9206082677074611,0.9415395503797641,0.96766610346431,0.8600684865782701,0.9471932714109441,0.9701232694877591,0.8252201698211711,0.861995600000196,0.8314204912078521,0.982888760874236,0.9432268855705901,0.9807039810343741,0.90823764682727,0.9871371885886001,0.928511444431607,0.9570870791562661,0.96556824836368,0.8922513215565401,0.9859785132897461,0.9751539057979081,0.9148274915615761,0.9580463034685541,0.924102851435442,0.8397031115911031,0.9142152015284931,0.9042313347171651,0.968612981831187,0.9586938624769561,0.8677915638732081,0.8946535664692501,0.825934581915542,0.9072891196776621,0.8861964647084071,0.957154413335155,0.9687540957429601,0.9258418896457471,0.935231504003981,0.9262928613651891,0.972547210089527
413,0.8524968826222461,0.948137417765016,0.976162572625841,0.84119092851715,0.9325211185312101,0.8652998106560581,0.938225470990901,0.9664132660793481,0.7935928098973201,0.9647557491482021,0.9362760859357021,0.9699695861696401,0.950605884394308,0.9304350325956411,0.9627887238653531,0.8108766265734021,0.863711790844473,0.9684920164600511,0.902910518878381,0.9805423714551331,0.9790056206534621,0.89470312618673,0.9605542123778331,0.89559580854855,0.9616760096951581,0.8486695238443681,0.9053528205585281,0.8470072744214131,0.959630711440362,0.8710579421395671,0.953257184166422,0.926762907154399,0.9580319458375771,0.9506832858052261,0.9382879745294971,0.906756421462058,0.9430444481803141,0.720534269585348,0.9070485835869171,0.9679883816954391,0.969799936064712,0.56346202357248,0.981052915060288,0.8972971496011761,0.9839917719521101,0.9999999999999991,0.9814147155789641,0.9576944923976991,0.97758762537521,0.8716669790339711,0.8566273661659161,0.9411016957613431,0.942330561180556,0.973280000394321,0.90480448659551,0.961403257424925,0.9613627933802231,0.84824335800838,0.829651599717604,0.824518395764379,0.9626972195908071,0.9118987976498901,0.968387386329922,0.917522253574045,0.986310469621778,0.9028356019729661,0.92529604450342,0.9662199311657941,0.8812332996245451,0.974263768520453,0.968523129622441,0.917741938093045,0.963685124194066,0.9402952331984291,0.845162431431106,0.9178194641809071,0.9421072969438651,0.95375785123567,0.9713781621580341,0.8856101878351971,0.8777575528443151,0.8472685072774271,0.9020399174544541,0.902584176195644,0.9486294742033121,0.9604105012622891,0.9022392632928551,0.91115168121493,0.9460984124709311,0.9723291207581801
415,0.886713655031498,0.9495274801486521,0.9756767790130951,0.832791989436494,0.9026917182091371,0.814843014295893,0.9429039471546621,0.9663551533235211,0.7856409859608051,0.9579567479785521,0.947766199047904,0.978485205886447,0.9508127208554461,0.9454953490622191,0.9648038556440791,0.8241315908995871,0.8780456710816491,0.9891113096715181,0.909811974975381,0.9715782458739891,0.976923095092155,0.9156577934007971,0.9585871985053611,0.910337280175997,0.9721910195137291,0.8722251031822471,0.9441810572684741,0.8274340367432591,0.967363568693776,0.916300321230416,0.951908575726609,0.938363242563743,0.9778420539654371,0.9555434731640671,0.944993211895326,0.9311457481938411,0.952169947296969,0.786996712865862,0.8978345011612081,0.9647328504087781,0.9683437866148831,0.5704692292986611,0.9836974414335041,0.87574808184825,0.9841293427307871,0.9814147155789641,1.0,0.9601304252869151,0.96773816662887,0.8420352862074171,0.8536268096913141,0.959916791118509,0.942927614881171,0.9664407242684511,0.9116111408271491,0.9301016164185301,0.9483767079422841,0.858187725972928,0.860716396180462,0.8163752218345811,0.979999853701305,0.919897707746072,0.957664988021456,0.8983277666875871,0.9819173028286841,0.9019572272612231,0.9270990541621311,0.9443542531850461,0.8783900621894161,0.9727342016750781,0.9805747110695631,0.9010915665630761,0.983564025267282,0.9588823521566371,0.851536905435318,0.9274481426366771,0.9268998636883741,0.9482409297618211,0.981889231594775,0.87551611131074,0.8979313143618051,0.827824525783547,0.9189304653675501,0.903688746486852,0.963901518432494,0.9731761952347361,0.930289399207991,0.89509144021296,0.9250633972449651,0.9704113059275371
416,0.907011610066604,0.9344746453247,0.949143297827654,0.8834282822486921,0.9126095330857971,0.7461563413004471,0.949140379614647,0.956897042437671,0.7260883298515951,0.9505679644325181,0.8893298593004061,0.9602102031472921,0.93457293507893,0.9324092798285131,0.939445554345624,0.8593087379218761,0.8898882128854311,0.9674060731978601,0.9226273362019881,0.9594858130146551,0.9769928504924171,0.8922576285977951,0.9250907730227621,0.9159534070906941,0.959306467048295,0.7613534910906821,0.8929366837213241,0.8293785810601331,0.942957511845375,0.831375980627406,0.933931776818791,0.915457883858625,0.9739131346237001,0.9289224182712781,0.9167851952378081,0.9133886016572541,0.970739204392646,0.7763027147034841,0.903383236970104,0.9556431485548551,0.9465254083609421,0.6359581767889201,0.9779571222394291,0.888504151912308,0.971104248891627,0.9576944923976991,0.9601304252869151,1.0,0.9695550127526771,0.875084554686769,0.817428349084093,0.9337677733202351,0.974964981570795,0.9888138161675111,0.8919256395978961,0.9611968790872821,0.965488754385292,0.791806387187689,0.8693444079114431,0.8716275586201031,0.9744836565419771,0.965449775700937,0.9674546464809651,0.874078351327462,0.983233060573182,0.907526360141891,0.961872256690909,0.9380913774115711,0.8555459044878161,0.9747701265805601,0.9671388652535261,0.9656947353390951,0.9411555584591671,0.881721864964057,0.872349628314225,0.957242966257363,0.9122874737141321,0.9740987339108631,0.9385988982130431,0.9252189438950251,0.8589770157485881,0.831558118355835,0.931559899182804,0.8929967294991281,0.960628058084345,0.9749983297986351,0.9400258513396751,0.952764734287832,0.9580909962865831,0.9797789312419221
421,0.892639675721243,0.962267364394178,0.977036291592797,0.8951075328538891,0.9487012651309811,0.817629318283664,0.9347217842235911,0.9813005869600371,0.7016236213704851,0.959730045425163,0.9062968655190801,0.9843172822874201,0.9487448052184101,0.944809199439241,0.975343231767102,0.8166004335880851,0.8723432065048131,0.9668560968922101,0.946533792607786,0.9549207379569351,0.9868269620791861,0.9179358828099361,0.9677045248701611,0.9310652994996501,0.940229694392503,0.760773530126846,0.922874373781961,0.8962454344576051,0.9453159227241701,0.817961834426547,0.971422337989823,0.9236510269676321,0.959938574184214,0.95817298085653,0.948472948651583,0.9423812628446611,0.9549201007247081,0.782302779925605,0.9358214905773511,0.9906359560145891,0.9647245043748651,0.633451540887613,0.9761657256451961,0.86322287997692,0.983176246624154,0.97758762537521,0.96773816662887,0.9695550127526771,0.9999999999999991,0.8562000225181531,0.8045939902920911,0.9130863214375321,0.9529767313876071,0.9662923419473821,0.8594436705440631,0.962150345635799,0.9558027408838071,0.8101222736535311,0.824006064687249,0.8561541312300691,0.9727150702503441,0.9576279547016171,0.9760698817800411,0.9359503019028891,0.9724732406351551,0.913302728379024,0.9540311765149591,0.944345175772008,0.8457351088952311,0.9604744843893461,0.9751547349021841,0.9292456424527451,0.9481622127100371,0.929374794289018,0.8148303863170551,0.918965930349053,0.8763535589783291,0.9576558239351171,0.948911246193835,0.8905824912212581,0.9107263850378791,0.7876852350516481,0.9159482130987151,0.896270380153216,0.9673354506554541,0.977921229413905,0.9397674071165221,0.9361077184431431,0.937793652389266,0.9546555878640021
511,0.782882879456791,0.782340539533091,0.8161733432878171,0.638120711586294,0.863653754716846,0.8435045064665081,0.861168247742761,0.8323826114839481,0.8108942869048871,0.8166271296885991,0.8029431510122871,0.7975334577635931,0.877918035165239,0.871800286255576,0.8021218402321441,0.7524848443896971,0.7205327706994851,0.8366752563007741,0.8527182333036941,0.9195504996032401,0.864349547015115,0.7666438375114071,0.8200827986133721,0.808092069612469,0.8696783283106531,0.730527310208916,0.8078056429172521,0.662639144799817,0.8719963522742981,0.699906154637975,0.830250517987632,0.780250061132428,0.827080746859938,0.882780937367157,0.7844927473709621,0.7497967946630121,0.8389795130124861,0.73079454681397,0.70817033553229,0.8471991844398221,0.794678824806168,0.607231043771102,0.8525860157985561,0.942416425823355,0.8711032870680121,0.8716669790339711,0.8420352862074171,0.875084554686769,0.8562000225181531,1.0,0.855163543161306,0.8584613315178251,0.876943215737881,0.901548490507569,0.779756567373255,0.9320039513792271,0.8843567281868211,0.727242114270072,0.823937909905412,0.7464215490904741,0.859374199050221,0.8775246937589881,0.9112585779355541,0.8334656887679861,0.900692319580866,0.8793892448832871,0.906639572470035,0.9293442108828721,0.8181090274668741,0.90569113018345,0.8538950941308161,0.9085639775910831,0.7997164997729891,0.7951274117350741,0.871201538088563,0.82232746824793,0.8316591253448281,0.93683608501388,0.8076633628659191,0.811183344014436,0.6249646952878131,0.941762936030735,0.8681288221530761,0.775014221648462,0.7777234656474411,0.8901425561257411,0.754256350791456,0.9475688962258171,0.8574556645881841,0.9207715183904661
521,0.66682056489996,0.785961964681627,0.7720243442609991,0.5925867098449921,0.7410958532695241,0.7587740573410331,0.863013457175494,0.800978509380822,0.754180270055062,0.7784439922852251,0.806375533753506,0.785997733680814,0.823170070890467,0.7684325601815091,0.772216703995882,0.7521543964674551,0.689279328668508,0.808349904494822,0.723925048030803,0.9151747822199371,0.8298057246680761,0.6774336856187271,0.7381712367369481,0.7670378635470071,0.900378157904771,0.8416313675578381,0.7888799025496691,0.521980607180347,0.8959270333261551,0.8425451849209641,0.79556490272719,0.8638843243089721,0.8335945676063481,0.8882716233041531,0.729648618212089,0.694936248536959,0.8070268898516471,0.632919140213539,0.71924281264629,0.802328988814579,0.7599086853076921,0.284281779114682,0.8541508518791471,0.852721048893417,0.8259355692401,0.8566273661659161,0.8536268096913141,0.817428349084093,0.8045939902920911,0.855163543161306,1.0,0.881576870291605,0.863383406686392,0.8730128395503831,0.8984798745348731,0.8177440144510311,0.8700348961387091,0.7311517146188411,0.7068729187398911,0.583110584882308,0.8233633620442531,0.733071549022402,0.8593046964262121,0.7161745407538661,0.8756877990502361,0.7801214118094391,0.8347314947934421,0.824519765839066,0.838888075750699,0.875262206053896,0.8385074396577541,0.827410949413086,0.8846823364353981,0.8427451278783791,0.820517112774362,0.85832119852729,0.8886009979089751,0.8360924821874821,0.896885446720822,0.772617203318077,0.620821586246134,0.8962689778761621,0.804479569187415,0.834201112604471,0.8059930119809361,0.8468917588523701,0.7861928451192041,0.7949827731949091,0.854078802116715,0.89237366375072
522,0.8189486724143491,0.9077058537411691,0.9063185935239091,0.7212986574912771,0.880858090785505,0.7437159569741301,0.921076227154285,0.938412187587895,0.765124657929479,0.9512459958167551,0.938463138464879,0.9210958529752471,0.8689832158135541,0.924427849498842,0.8854322394920531,0.7787054149445231,0.77909385650417,0.9374067327332991,0.857124902456274,0.949954109499843,0.9266026065884261,0.80914841096512,0.8609099268102811,0.8392085174519951,0.9352245910977951,0.8900125063009041,0.9146435601738251,0.6704694911732061,0.9717793480640211,0.924154316228158,0.8657630421437851,0.879827334029859,0.9185619932804441,0.91892467728226,0.834454071150572,0.8273138092729501,0.925423881479824,0.7697498919553091,0.8317905264480471,0.889292834125168,0.904710401949903,0.557601902991536,0.9443639235869281,0.8340909895364481,0.9206082677074611,0.9411016957613431,0.959916791118509,0.9337677733202351,0.9130863214375321,0.8584613315178251,0.881576870291605,1.0,0.9317332132117491,0.9477494592145691,0.9456395068652691,0.9236997105681781,0.8954555371817441,0.798440656920088,0.8747537153394851,0.8249276228876751,0.9182861493008291,0.8715555119664301,0.9114708820637161,0.87487285186906,0.9553314687363491,0.8551332335369991,0.895907100335333,0.91534565523196,0.827848882295476,0.939678848291388,0.9333594406726131,0.9195087189436011,0.950008968817433,0.94222455318785,0.928204263141381,0.9441510524372411,0.9524677132827191,0.9144749117306541,0.951968008396705,0.9276098031261171,0.82261517421592,0.8747076626651861,0.9054590617109771,0.920748098470709,0.9209312561534501,0.9551885464243821,0.885679623707724,0.879681264998272,0.9488658586303841,0.9523611521755111
523,0.9066356904585551,0.937754429471857,0.9192876126153251,0.816233287189822,0.8971362859824571,0.757725191501859,0.9029881546617151,0.9555928478679291,0.716877953380961,0.9425368129834911,0.886555384269456,0.942501434150787,0.9232182983630041,0.9278440990761531,0.9106443383867451,0.9150101440047481,0.8667818946205561,0.930172056051188,0.8722531004817661,0.9544679619833911,0.9476531825896721,0.841084233110281,0.8911232545591631,0.933087919611248,0.9568269735865981,0.7495856329278471,0.9083904291905931,0.7796393948951921,0.958971304049071,0.8290813484750471,0.9264582465679191,0.8873018017380091,0.955538437324678,0.961347205263778,0.872810231334273,0.863447196325258,0.966954422701585,0.829742232612079,0.8910000009755261,0.9398643320372051,0.9178834528348101,0.6205981303036541,0.9693890350341541,0.850894204293106,0.9415395503797641,0.942330561180556,0.942927614881171,0.974964981570795,0.9529767313876071,0.876943215737881,0.863383406686392,0.9317332132117491,0.9999999999999991,0.979927899958807,0.930307769090404,0.9481538558723911,0.965923354292162,0.826969895345212,0.823942848228829,0.843988460992605,0.954076497254935,0.9411842341464741,0.939564887177426,0.866731249696241,0.9632549746777441,0.917407792365247,0.9552887683054,0.9133972174511891,0.853154260467031,0.9569800586677181,0.9507852388886451,0.948284268358038,0.9443672654263551,0.9092965090409021,0.864704165202371,0.9639334419027871,0.9062851267673011,0.9575968244130031,0.935421709334413,0.9026808528488891,0.809742846865478,0.8086357462488021,0.951846522329531,0.893127074900504,0.9633516902928251,0.961404307088441,0.904476029973254,0.9342181996071671,0.9518502455038411,0.9748885174868561
524,0.875887399411707,0.9333348925221411,0.943904821591756,0.8459950195387561,0.90310794000834,0.800758265283486,0.9560765799935761,0.9625962062398181,0.7776657884230951,0.952365407485211,0.9232230117672291,0.9533385422191931,0.9348207086337571,0.9339713273926811,0.929535733276387,0.8750825226322121,0.8687603356747481,0.9627060433118181,0.8985248828373231,0.9776113879192381,0.9718421109596591,0.85869192464967,0.9198604476456621,0.9260482952803241,0.9706802648263361,0.8074183878711261,0.8882374822883391,0.8017843979105811,0.9583493683081121,0.8625220995008871,0.9321220461370291,0.9161983087988591,0.9657212555119971,0.9533925496518221,0.901082011963325,0.8931135462091521,0.956431375674561,0.7591445161855791,0.9044748415982161,0.9492335772805681,0.9372091700734401,0.620125443011966,0.98598901833506,0.910942139135769,0.96766610346431,0.973280000394321,0.9664407242684511,0.9888138161675111,0.9662923419473821,0.901548490507569,0.8730128395503831,0.9477494592145691,0.979927899958807,1.0,0.9241040071206901,0.972046425633123,0.9700602332823841,0.838916475926831,0.841611486117347,0.833730251836825,0.9748818042040541,0.949985383985236,0.9699303364919891,0.8756145917273991,0.98950520186996,0.897595161891616,0.9475988758859151,0.9471697111009151,0.8734312822953011,0.9751507883004981,0.97129524255817,0.96233342543023,0.9528682266640581,0.90061391889422,0.868255697508385,0.955147909603771,0.935378805737019,0.9770364571973351,0.9549430308272201,0.9137630666011141,0.827132706342608,0.8752597081412,0.9442695405331271,0.893419247400366,0.949879484382214,0.9770268586656871,0.9212696528956361,0.940083956161131,0.9570004486662841,0.991878341612429
525,0.760399458529698,0.8884343572880951,0.86429713121159,0.678338794378127,0.793751495763624,0.7216081442216671,0.8629947724838061,0.900809190647714,0.7008561326707321,0.9093496509401011,0.8916747562432401,0.8789329100577501,0.8231004749703471,0.8387152003182611,0.8424018476453411,0.8402934377422641,0.784912312346636,0.862983494168972,0.750580467825751,0.908084463852992,0.880306551370533,0.7295241248352551,0.7933389862633571,0.8188677054519471,0.9209298216515771,0.839649409489376,0.8345538494472271,0.6179216993789051,0.9427690384778721,0.9221891033547761,0.835665901205172,0.843015737109672,0.8868160319761561,0.90051360947067,0.7735274167679551,0.7695680747880771,0.8799009806008551,0.703657991676226,0.821643812029183,0.839109967636795,0.876167356184517,0.46723512214942003,0.929508781951565,0.7641666261065181,0.8600684865782701,0.90480448659551,0.9116111408271491,0.8919256395978961,0.8594436705440631,0.779756567373255,0.8984798745348731,0.9456395068652691,0.930307769090404,0.9241040071206901,1.0,0.8623322735109401,0.890521513311855,0.8025720951568031,0.752975172550539,0.7380218949763371,0.8665863861157701,0.79492467288695,0.854747299340836,0.771132294070458,0.9071353945082481,0.8221844475782351,0.8233283318147351,0.844905528971838,0.7903218908723421,0.8887763224564651,0.8971359173516761,0.8764051826521371,0.9362644850924671,0.894830382076214,0.84116777727719,0.917139696648366,0.9453855928154451,0.8573265356453911,0.9343010916598331,0.8615623639699531,0.745640291398811,0.801129397934482,0.8534398126108901,0.8747197746155051,0.895514327536814,0.881104056759573,0.8442300271017361,0.8012562763149501,0.9179037377637921,0.921684652880103
531,0.8471450945975181,0.9123174131017121,0.9271802185496361,0.8038788920995611,0.938394009489746,0.83401457825529,0.9190037581841181,0.9603026222190981,0.7584979006367261,0.955384016714042,0.9120062207064581,0.934864598070357,0.9110937015553591,0.9340512561892751,0.9160528386382041,0.805478508120071,0.822366890976005,0.933312682882345,0.9056674259733801,0.955863219362111,0.947591782925394,0.8394980446053231,0.91871496487985,0.9050257187080071,0.9087759902072791,0.7679638483523571,0.865027729374214,0.8148770736516351,0.9442975401909921,0.795734989556217,0.9199045482346511,0.856748021274447,0.9148269194373511,0.9326249533511731,0.8733149725557481,0.8653095982080351,0.9255739142192061,0.7447865961413701,0.8680389501466461,0.9370587192803591,0.919366165025512,0.700189243194231,0.9544320805626991,0.8963820830150341,0.9471932714109441,0.961403257424925,0.9301016164185301,0.9611968790872821,0.962150345635799,0.9320039513792271,0.8177440144510311,0.9236997105681781,0.9481538558723911,0.972046425633123,0.8623322735109401,0.9999999999999991,0.936302140564871,0.8054208865418341,0.8537550448210031,0.8864752159875731,0.9418831552729681,0.953330611072403,0.9584615384320361,0.9211725034074191,0.9633898672711411,0.8968802190856661,0.937211052446251,0.9529729744180631,0.8340205508579791,0.951650375010027,0.9401053796570271,0.968786152763156,0.90239990791665,0.8835405322052781,0.8777250368721151,0.9075698816634841,0.9014339089488861,0.9653369517320711,0.9085829355475341,0.9169417532051781,0.8238737629535141,0.8707338017975381,0.9305908174992321,0.8790844380873111,0.912303830557128,0.9641457571706451,0.87793881470283,0.959457335664155,0.950617160954981,0.9622249594946201
532,0.8992538653752131,0.9395880585445331,0.9407661018531951,0.835586035501453,0.911543196548059,0.809654852531665,0.9278760631973151,0.925556707269731,0.763405656809635,0.9054563246262981,0.8505451980427331,0.9447225292162491,0.9766983599832051,0.9016232412084281,0.945231370874514,0.854813813825938,0.9283081195449601,0.938988234039642,0.8990754026295641,0.9685151530272471,0.9672696371048801,0.8945516999567261,0.9300995874383461,0.9008068084992191,0.9724106248232911,0.7448465020326951,0.8861566297992951,0.833957284075697,0.9416905629709531,0.8027395430924831,0.9500545871583551,0.9408772910707641,0.976003602565032,0.9505994410489321,0.9185846552458111,0.885895112160146,0.9390154077099391,0.751759381329107,0.8543901123154931,0.956800307188265,0.9414904754534711,0.529439217288711,0.966673682567559,0.9030527757427601,0.9701232694877591,0.9613627933802231,0.9483767079422841,0.965488754385292,0.9558027408838071,0.8843567281868211,0.8700348961387091,0.8954555371817441,0.965923354292162,0.9700602332823841,0.890521513311855,0.936302140564871,1.0,0.7890899929657801,0.844781596287799,0.8185134797461381,0.956886812902154,0.9209841722734821,0.9721521652942771,0.8647019139667761,0.97200144966778,0.9321828343722711,0.9640907931552991,0.9341523107735271,0.8663086444131061,0.982652089943664,0.962163731728592,0.927230503657896,0.9419211896360631,0.8868011248012481,0.850437819281156,0.9274488518497731,0.9171514845726491,0.9702710397632551,0.9421329515752661,0.8699971880944111,0.8167760920549011,0.822379397035065,0.902702429666114,0.8981817814739981,0.9445746967466571,0.9382113939447561,0.9032936477499051,0.943649414105705,0.9380611640210411,0.9726753916382671
533,0.7739643894532251,0.7770488208972091,0.819606609416603,0.6615511600895261,0.69981174540801,0.820688400978078,0.7183216086031551,0.8467243331292461,0.819462861740703,0.842660618319332,0.9182808429957421,0.8229119349217021,0.8050044181169841,0.8379121862314011,0.778908421662563,0.8839174854807621,0.7085359837357841,0.847115298613142,0.656861432506182,0.837058447564605,0.781088787530916,0.7184139161873121,0.8386667331884821,0.8915867450958601,0.8307748569897251,0.8201741454193671,0.8109930696515131,0.725009577693396,0.8198104702550211,0.8223314417132831,0.8197359184164821,0.7048342067615031,0.8142700513171051,0.8590661424726831,0.8023085455759611,0.7703029029531031,0.8202061696061581,0.7341612733693841,0.820860344353266,0.81049930748716,0.8014146257961091,0.6158188908011051,0.8522410964871671,0.766486324927769,0.8252201698211711,0.84824335800838,0.858187725972928,0.791806387187689,0.8101222736535311,0.727242114270072,0.7311517146188411,0.798440656920088,0.826969895345212,0.838916475926831,0.8025720951568031,0.8054208865418341,0.7890899929657801,1.0,0.619144227227951,0.6231983343141241,0.8671625362266361,0.796150287714353,0.757562177847367,0.746555426492118,0.8278050061837091,0.751439015825181,0.729445585924264,0.8087090589090931,0.8421795067335771,0.7998055010827181,0.8136907734306471,0.7051293497145741,0.845165053454473,0.8530467670255051,0.6263071883611181,0.761351155056546,0.7711439271320011,0.803241128893563,0.831930889685033,0.636540853930963,0.702856805084989,0.699754023436946,0.884439701115117,0.66237122544291,0.817745553361474,0.8235044810901031,0.692627070414779,0.6942411875604021,0.7122793385017341,0.847875408013075
541,0.8496355892802331,0.8310620645261501,0.824462817503789,0.637284277186223,0.8521953084858721,0.626805674223443,0.8411831878808571,0.8233246721185661,0.7222213758834971,0.8301411506434451,0.786550985621787,0.8492747670978631,0.8593661160088121,0.859428199480033,0.839621228560632,0.6191786360071151,0.8468814781042481,0.8781845938909121,0.8575437987219111,0.8490194651847881,0.8445205726484911,0.8265232325447961,0.827327802490444,0.7509486964363251,0.8222175390624521,0.7091769391993501,0.839000092596584,0.6810395536885631,0.875934479360122,0.750045202296529,0.8027396638332991,0.8171589914780161,0.8748712383819031,0.80188937448095,0.7807423608164871,0.778801432522496,0.8240506390601181,0.7463817847298541,0.61641352907218,0.8114989564349141,0.8409109464567901,0.605448108108485,0.8393931037291431,0.784099684939885,0.861995600000196,0.829651599717604,0.860716396180462,0.8693444079114431,0.824006064687249,0.823937909905412,0.7068729187398911,0.8747537153394851,0.823942848228829,0.841611486117347,0.752975172550539,0.8537550448210031,0.844781596287799,0.619144227227951,0.9999999999999991,0.9048270684677501,0.851758804440209,0.8539127669873551,0.8577540866924,0.8264600278272801,0.8615311774891151,0.837812149545439,0.8828556606472521,0.833781510007179,0.700473696529028,0.8961174911656271,0.86161597064311,0.8665273484690611,0.823050220402701,0.8029481798483931,0.9430765999314511,0.8280811588032441,0.8426785908845511,0.8790208590189471,0.8184800112167631,0.872840727243933,0.7832587340371411,0.775675791558953,0.8325960659296371,0.8754399988133741,0.8266104152625151,0.864475651019702,0.8177121787050271,0.8914516823686751,0.8586017815301351,0.8565480811192441
542,0.838392037916258,0.8649104964827181,0.8287796642700691,0.7162606430202061,0.8833418643877561,0.5915594661818471,0.7710951831389701,0.8754085284383301,0.5635944962002171,0.891903409193847,0.7826732942587321,0.87640397358175,0.796601659569493,0.8451478709583601,0.842955786264126,0.65057972261909,0.826387074540693,0.8402645507956881,0.8254103329992901,0.7955592341493041,0.8281038374955391,0.780595929681521,0.8241449198180051,0.7911517682997601,0.747723285103366,0.583393989397307,0.793157919730877,0.770305609995234,0.8552282634314771,0.670809813900147,0.8122225934466271,0.742044391679285,0.8349730624732551,0.7841631256218741,0.7555504266745181,0.774031889682375,0.8365645989998981,0.724967163117735,0.712328836149094,0.8215796867183691,0.8549264031778421,0.7381086212497491,0.8410661136385721,0.6647848091573441,0.8314204912078521,0.824518395764379,0.8163752218345811,0.8716275586201031,0.8561541312300691,0.7464215490904741,0.583110584882308,0.8249276228876751,0.843988460992605,0.833730251836825,0.7380218949763371,0.8864752159875731,0.8185134797461381,0.6231983343141241,0.9048270684677501,1.0,0.825671742392571,0.8772404702059241,0.8193052819750051,0.8631754046855,0.826609280342225,0.8123775674356031,0.852057515941337,0.7919522725587721,0.633596851156324,0.841948373853571,0.834290070831734,0.883517402974315,0.7931500887053301,0.785365995285625,0.8652861097300371,0.8249581130975111,0.7960676494576181,0.838686033343909,0.7850803460880441,0.903665373725069,0.846094520090632,0.631911990241497,0.8357478022696401,0.865476122831878,0.8605882562646501,0.8499795609833911,0.8135214153319781,0.8728477862484131,0.8840392344639181,0.8150832112240181
543,0.915610501494543,0.934444954241968,0.9597064081652801,0.871765772163935,0.886892365906612,0.7997318892178701,0.9414716807260861,0.9629984040870421,0.774302718943056,0.9373603357882371,0.9286363155778751,0.97430322463312,0.9584083721136201,0.9445636379494241,0.956506252663586,0.8653307132369271,0.9003672432292591,0.9895335575928721,0.9164179728769871,0.961406640151477,0.970380639924709,0.9149530506992911,0.9631513259466731,0.9607795686258791,0.960107555481831,0.8053375552763871,0.9213071212086211,0.867580334646436,0.9441181167008371,0.8642538084169211,0.9614007589331741,0.9282643153181691,0.983139488396863,0.9569154276870441,0.9473347544535301,0.9472677699146731,0.9526435783707441,0.8058329398994041,0.9068446438854021,0.9707491382980801,0.9473528881989861,0.643434295146459,0.9817539728380341,0.8963434249893971,0.982888760874236,0.9626972195908071,0.979999853701305,0.9744836565419771,0.9727150702503441,0.859374199050221,0.8233633620442531,0.9182861493008291,0.954076497254935,0.9748818042040541,0.8665863861157701,0.9418831552729681,0.956886812902154,0.8671625362266361,0.851758804440209,0.825671742392571,1.0,0.9669046656795711,0.9646837936512881,0.880231081234713,0.9754345242031601,0.8998755308628581,0.9471212402565261,0.9289901116314381,0.8820863893124741,0.968912802699844,0.9792589000219181,0.9157004415247351,0.9607273820247151,0.9150825593349291,0.8191393774355871,0.9209237523011911,0.8809017368714911,0.966620816938713,0.9550263953783841,0.858875149630108,0.8824652647154351,0.815606548441908,0.951033433617778,0.8708939255680861,0.962167516573295,0.9801754868600631,0.9385127418105771,0.9188014329081351,0.904673983027597,0.971295379848733
544,0.925979866653252,0.9063439618441731,0.92230879306346,0.8591174866870661,0.9003139345369281,0.7549256948352411,0.904162934942025,0.9477070339798871,0.694651452348875,0.915032302599161,0.873990207612221,0.9395500795871211,0.9198613228976221,0.9454922820314571,0.920665773397453,0.8416359798667591,0.8689981477210681,0.9434384693005091,0.936657781556643,0.9091266775054561,0.9415789257548101,0.8874987124684711,0.929917398990833,0.952335691888268,0.8958538318208371,0.678152011207596,0.888077396486119,0.8714483663521471,0.9015810152554191,0.7566722066850761,0.9309107745319991,0.8513646147289131,0.9336184227737101,0.924796247387461,0.900359698232419,0.9236732325809611,0.9277927112918251,0.839326374115807,0.875442593349771,0.9454681007594681,0.907506569157125,0.7760453944910121,0.9411647026670731,0.8607072745779101,0.9432268855705901,0.9118987976498901,0.919897707746072,0.965449775700937,0.9576279547016171,0.8775246937589881,0.733071549022402,0.8715555119664301,0.9411842341464741,0.949985383985236,0.79492467288695,0.953330611072403,0.9209841722734821,0.796150287714353,0.8539127669873551,0.8772404702059241,0.9669046656795711,1.0,0.9450035804504241,0.8893757275041011,0.9350602648328721,0.8988106845199031,0.948190499723159,0.906792179649017,0.8004841401583911,0.92832364535175,0.9472636399074951,0.9358028967681401,0.8826350854776561,0.8514180052998871,0.808264489113321,0.8871800634637501,0.80392268043845,0.9643867839601141,0.8725673921728081,0.865499931375268,0.8448045357760791,0.7794326398480591,0.9480871195764021,0.826570863532447,0.921714324284404,0.9662931772825861,0.911404392346828,0.954129793455822,0.884563472288258,0.9358800338112171
612,0.8647625598867681,0.9304225858671291,0.9565649803919771,0.85453346184131,0.9301981322693721,0.8312028345370641,0.9705223960338951,0.9432635235441341,0.7406672105760971,0.9133734615341441,0.8729048318030651,0.9519273101370641,0.9632961557442311,0.9197468948472951,0.9615312799515441,0.78378290565856,0.880651513854202,0.955822314703845,0.9589788427519781,0.9703327334722021,0.987631252851045,0.914456778775747,0.9468428106490621,0.896582781289844,0.955047392153832,0.77024504427296,0.8902115542788931,0.8470085435412951,0.9414666400199441,0.8148864839575111,0.9570857134798121,0.9457004601221711,0.9591940539316971,0.9497903647096201,0.9337560712494091,0.9265081820122391,0.9255918751375061,0.741146326310488,0.87213524595526,0.972674223303969,0.9432986110208991,0.5753842182821101,0.9664332146423631,0.9263848199977581,0.9807039810343741,0.968387386329922,0.957664988021456,0.9674546464809651,0.9760698817800411,0.9112585779355541,0.8593046964262121,0.9114708820637161,0.939564887177426,0.9699303364919891,0.854747299340836,0.9584615384320361,0.9721521652942771,0.757562177847367,0.8577540866924,0.8193052819750051,0.9646837936512881,0.9450035804504241,1.0,0.898268279940115,0.9781909715603241,0.92055759255177,0.965468739993342,0.9554135209230281,0.8508488147127881,0.9776062959438471,0.9754991095346731,0.9482065015573381,0.9343988230012801,0.889007169883638,0.8491749017311421,0.905632944477147,0.8915984537262871,0.9762535774430711,0.9413479317124551,0.8834115573121061,0.850688200395435,0.8667289047433571,0.8911604627265141,0.89191668558706,0.9263415132899051,0.9684907025688461,0.9377682515342741,0.9625779576349671,0.9352793762193,0.9671446050685211
613,0.8639122194203821,0.936888826498215,0.905765871120201,0.7540809463331131,0.980477853982014,0.79148556903244,0.849710163559605,0.924363636778165,0.7242415048552221,0.909890935342556,0.8735553828577151,0.9140355905062431,0.8912962838169001,0.957356013658135,0.896128669731969,0.67490933452678,0.7818337260142431,0.891511928821454,0.9160755004192471,0.8745594617794881,0.905491822990632,0.832488370899736,0.9085087323944151,0.8304371451654611,0.8469338825875621,0.6909444672078611,0.9264810881713811,0.825337061938827,0.8855664571946561,0.7121542887844401,0.8710491520703061,0.8313271685021011,0.863744721122161,0.9068722352075861,0.8468916584772561,0.82295245832546,0.8635897720260951,0.788820149375685,0.816732586330955,0.905626431468435,0.88972919269584,0.675534237398813,0.877322938278249,0.769293516240072,0.90823764682727,0.917522253574045,0.8983277666875871,0.874078351327462,0.9359503019028891,0.8334656887679861,0.7161745407538661,0.87487285186906,0.866731249696241,0.8756145917273991,0.771132294070458,0.9211725034074191,0.8647019139667761,0.746555426492118,0.8264600278272801,0.8631754046855,0.880231081234713,0.8893757275041011,0.898268279940115,1.0,0.894973498484764,0.8473375429978781,0.895364828398692,0.903705492032795,0.705560611671549,0.882935809650602,0.910037897487546,0.840184421020513,0.847207393140688,0.924053690614529,0.8149902161095821,0.8481885820436761,0.8182400468308191,0.9069536975310261,0.85376602229909,0.8760092897110061,0.8380157040479531,0.737040667461178,0.8795019987540991,0.8840707960333231,0.88096349504446,0.9181952189927081,0.810219668945038,0.8920258271200231,0.874068958928896,0.8647122345868901
614,0.8805347781096251,0.9333270027382311,0.9602883628783511,0.8525015329104421,0.9239427528438141,0.8169432681030001,0.9589704850303131,0.9541768879871361,0.8009851608852011,0.952412910744254,0.917623922862517,0.959025225660279,0.9550062686411951,0.9387815428353681,0.9456801998972161,0.8393257188518181,0.865280155928399,0.9775087976060871,0.9158505504603071,0.9910029699290781,0.9834633053823911,0.8963168065731311,0.9413998397960811,0.8995004418076621,0.9821042518264401,0.8399787700427861,0.9139173199229921,0.813142184980002,0.9595578658289411,0.8650565337658661,0.9406660238537291,0.937869751362656,0.9739433322511761,0.9476926433538161,0.932902133684224,0.902794514561795,0.9673679817427451,0.7530598387787261,0.8984848315465521,0.9635852501870811,0.9517769091628631,0.562785217500213,0.980624874987935,0.9269875455541121,0.9871371885886001,0.986310469621778,0.9819173028286841,0.983233060573182,0.9724732406351551,0.900692319580866,0.8756877990502361,0.9553314687363491,0.9632549746777441,0.98950520186996,0.9071353945082481,0.9633898672711411,0.97200144966778,0.8278050061837091,0.8615311774891151,0.826609280342225,0.9754345242031601,0.9350602648328721,0.9781909715603241,0.894973498484764,1.0,0.9105309303654271,0.958160590374968,0.9698215093678281,0.900691928794173,0.991054760423941,0.9703077813742811,0.9439448042453211,0.9620433865952521,0.922088569534216,0.882884380448671,0.9523753272665281,0.945614866896456,0.9757958926233871,0.9666632226686531,0.9087317262355851,0.8512409922471521,0.8819006110316491,0.9243205781253511,0.9047553764189551,0.953767576754291,0.9772756962428141,0.9180944611875751,0.9406139153606431,0.9580822706831271,0.9923585493410001
621,0.8963163779318911,0.8700337613491801,0.928204233794069,0.736627822288164,0.890149765777926,0.843763074975553,0.8212991188640291,0.891802401838454,0.676531959580087,0.8802505647272211,0.791601586196083,0.8954739490879801,0.9418917045646941,0.883583427330173,0.926730319275857,0.8270134567214841,0.860897410660151,0.880252179296334,0.8984475375686191,0.9159333707495191,0.925671267606314,0.9327311757762161,0.9177249109267591,0.8556527330086171,0.90551681344691,0.7091979840702991,0.89165078593652,0.8197904452426991,0.9121211028589811,0.753560823050865,0.9468622485958271,0.814220397281579,0.903333797977634,0.9143823486156961,0.913798320784959,0.8852520561040381,0.91639780972226,0.841952971704443,0.7886230104396401,0.9395038228212921,0.927747607079445,0.5998492417959701,0.911410240815913,0.8514958856196181,0.928511444431607,0.9028356019729661,0.9019572272612231,0.907526360141891,0.913302728379024,0.8793892448832871,0.7801214118094391,0.8551332335369991,0.917407792365247,0.897595161891616,0.8221844475782351,0.8968802190856661,0.9321828343722711,0.751439015825181,0.837812149545439,0.8123775674356031,0.8998755308628581,0.8988106845199031,0.92055759255177,0.8473375429978781,0.9105309303654271,1.0,0.9256599944172521,0.934458355818055,0.836824732048548,0.932970916587276,0.901770008764273,0.8884340645323371,0.878666549526205,0.867037882835018,0.823308977141696,0.82461793729731,0.8185891683062191,0.923390439234908,0.861446249602073,0.774381013429799,0.7941342127993061,0.759661042480931,0.8414409779970271,0.788902476160373,0.882400369429103,0.891412865491324,0.8381967658035641,0.9389631917352481,0.8683006235182871,0.9252264399009991
622,0.9224600946666611,0.9160537292633091,0.9083767346341041,0.831832937550925,0.9349884189862011,0.7427774846676021,0.9176450766549631,0.9142244566199761,0.721245612458094,0.8912258068977631,0.8202526643412671,0.9273284656428751,0.9559186818308291,0.9257313630418971,0.9178713539720621,0.811252140283352,0.8698006856646221,0.9341489587008521,0.934266451143485,0.9504382375349381,0.9523497718155691,0.8928332124914151,0.9088738771933611,0.8915840453045991,0.940441474193465,0.702632162168629,0.919886038852842,0.807884324056215,0.926983127976654,0.744060393592021,0.925438027694058,0.9202625268254381,0.954454477342599,0.9359958536132611,0.8985994138175941,0.871559497915353,0.9512821819975761,0.8202802070482521,0.8336925847679361,0.950929834118246,0.8984936905491201,0.5748775736237031,0.9302380650634621,0.8895470635748841,0.9570870791562661,0.92529604450342,0.9270990541621311,0.961872256690909,0.9540311765149591,0.906639572470035,0.8347314947934421,0.895907100335333,0.9552887683054,0.9475988758859151,0.8233283318147351,0.937211052446251,0.9640907931552991,0.729445585924264,0.8828556606472521,0.852057515941337,0.9471212402565261,0.948190499723159,0.965468739993342,0.895364828398692,0.958160590374968,0.9256599944172521,1.0,0.9249263031150731,0.848790934072096,0.9713979161210611,0.9394867511611841,0.9345981167781751,0.908321457719914,0.8833190826757431,0.8861177971499671,0.937042939186673,0.864221511099704,0.9691781207956981,0.9054571764457001,0.896702218879395,0.818555620174201,0.8201122852637901,0.9197875248736701,0.9019571944665521,0.938505446740537,0.9592945466102921,0.9044608862608421,0.9747992445098931,0.9337579719935141,0.9529396852664431
623,0.854556698312654,0.8810802052058611,0.95107993726018,0.79301329412242,0.9331729408780001,0.890107167787291,0.9042273066529841,0.9154109099362681,0.8165967105877501,0.9232815543111961,0.8799045221981651,0.9086142114017791,0.942974987905515,0.9302647617238521,0.9212848648273061,0.7955682061776851,0.805196503602973,0.93263253227162,0.917047084902818,0.9664068857232551,0.9590691905416151,0.9037800838052211,0.9378208671184171,0.8422109896948631,0.9447225094500381,0.8181200098954761,0.893958998223432,0.8112371569498741,0.9160043282950231,0.798283875263873,0.9209998296756061,0.8587852091465821,0.913061113345451,0.9149895071799801,0.9297089651185401,0.8772105898958441,0.9326796665582571,0.745368281080052,0.8528707443687421,0.944686833829471,0.9352643323914621,0.5872641897898541,0.933936013712342,0.9391056432929741,0.96556824836368,0.9662199311657941,0.9443542531850461,0.9380913774115711,0.944345175772008,0.9293442108828721,0.824519765839066,0.91534565523196,0.9133972174511891,0.9471697111009151,0.844905528971838,0.9529729744180631,0.9341523107735271,0.8087090589090931,0.833781510007179,0.7919522725587721,0.9289901116314381,0.906792179649017,0.9554135209230281,0.903705492032795,0.9698215093678281,0.934458355818055,0.9249263031150731,1.0,0.8837569057729711,0.9613983268816371,0.926728202121142,0.9077320520306241,0.896373703006872,0.892671422943294,0.852890306579259,0.8735863039456601,0.8985452176625771,0.9610680097452501,0.9018302901037301,0.8447151216105031,0.795109700567127,0.8871300482668271,0.8718730910141541,0.8225789007939911,0.8825608711197741,0.9358237396145691,0.8350985169764561,0.941545175726565,0.908289481152013,0.9645355389243511
624,0.749261747650598,0.7364150433248691,0.840790896330969,0.7554723159933571,0.7377630266958101,0.8006461725634331,0.797149720566203,0.814806309562184,0.769752148104419,0.8323641381461401,0.8113388068146311,0.8273584915302381,0.8604555499102201,0.7751825795758661,0.82395358562743,0.8374904120717841,0.7133600601613881,0.8786144538311991,0.728277565222831,0.9294669629794851,0.8506548773638871,0.822156609324986,0.8522377323055591,0.829309217964157,0.8960727188958441,0.8623442095481421,0.7967433541116561,0.710155023046912,0.8535728562514551,0.8022314529411501,0.8701057912834871,0.816400955883524,0.86668203234364,0.83649582837333,0.8835394304339881,0.8057530472215181,0.9071952577260871,0.650113511107916,0.8217688237198161,0.8760518125343971,0.826573575132401,0.37035740249514204,0.8692431061076371,0.9062892450632991,0.8922513215565401,0.8812332996245451,0.8783900621894161,0.8555459044878161,0.8457351088952311,0.8181090274668741,0.838888075750699,0.827848882295476,0.853154260467031,0.8734312822953011,0.7903218908723421,0.8340205508579791,0.8663086444131061,0.8421795067335771,0.700473696529028,0.633596851156324,0.8820863893124741,0.8004841401583911,0.8508488147127881,0.705560611671549,0.900691928794173,0.836824732048548,0.848790934072096,0.8837569057729711,1.0,0.9033212714272341,0.8082259816765821,0.8049093083574991,0.88611905612813,0.82044774716985,0.751520983052066,0.8278730990095311,0.838450633158197,0.838247564186111,0.883466806658832,0.6982323597791841,0.739634283300543,0.818185369756334,0.8172470651548951,0.7225620197407661,0.8513023513884811,0.852579191735887,0.7787171026824621,0.800991958219284,0.8200574100534511,0.911178871998455
711,0.8939780604604991,0.925312740002532,0.9511224180570301,0.8264320104164851,0.9210072029784201,0.811387578947745,0.9434190926313861,0.935175666432924,0.798481736330623,0.9318749274076791,0.885752330921946,0.952830290294509,0.972041339123987,0.922387659591232,0.9492950179195261,0.8248767420524371,0.895214335665075,0.9702173581173261,0.913578872237323,0.9894850797129561,0.9746397306793261,0.9135970330194321,0.942599496330158,0.8898617905291341,0.9765664530678411,0.821775258592598,0.911634195913371,0.813263749482483,0.96136922249927,0.8456674627909071,0.9471007121989021,0.9421735879804831,0.979651424922893,0.9419508991311171,0.9333336307459381,0.8964833729061891,0.9602230541257241,0.7611063193331291,0.851816722905917,0.9611021397240671,0.9492623025328341,0.537616353710149,0.970700256246333,0.9283608849043221,0.9859785132897461,0.974263768520453,0.9727342016750781,0.9747701265805601,0.9604744843893461,0.90569113018345,0.875262206053896,0.939678848291388,0.9569800586677181,0.9751507883004981,0.8887763224564651,0.951650375010027,0.982652089943664,0.7998055010827181,0.8961174911656271,0.841948373853571,0.968912802699844,0.92832364535175,0.9776062959438471,0.882935809650602,0.991054760423941,0.932970916587276,0.9713979161210611,0.9613983268816371,0.9033212714272341,1.0,0.9621078578270641,0.940300867983457,0.9573686706115471,0.911631400441898,0.9030150643312431,0.93920548228275,0.940538010330186,0.9738680315335171,0.9589644923843311,0.895099378777215,0.8479840824728601,0.869633480794596,0.9131733928277991,0.9113556968142411,0.9493338545710001,0.9627009306568001,0.9122026736734911,0.951716465283404,0.9531983619042,0.9869666261908661
712,0.901086758876466,0.97275840545977,0.969319971032028,0.844048637824487,0.9184483818223451,0.8010545948373531,0.9630149334912861,0.9701956653971631,0.74763328748623,0.9368781313407861,0.9232061693140031,0.9785717539787381,0.9572760569187121,0.9515086904455451,0.9690757476115051,0.8152518848829131,0.9143615026181001,0.9722518939364161,0.9438703196310131,0.9509958562852231,0.9830623390193081,0.9049985157832311,0.9518304819105471,0.9254003424445251,0.9603721703596131,0.784194894185919,0.926914566720879,0.85115798512836,0.9553913019990631,0.870169783315418,0.9532571703940741,0.944806867980524,0.976674189138614,0.967898174788659,0.9250260991099851,0.937577870426428,0.9239362351673521,0.794944695453466,0.8871959227099091,0.963849191732811,0.9610373619776521,0.6292558191540001,0.983174286289454,0.864343691949594,0.9751539057979081,0.968523129622441,0.9805747110695631,0.9671388652535261,0.9751547349021841,0.8538950941308161,0.8385074396577541,0.9333594406726131,0.9507852388886451,0.97129524255817,0.8971359173516761,0.9401053796570271,0.962163731728592,0.8136907734306471,0.86161597064311,0.834290070831734,0.9792589000219181,0.9472636399074951,0.9754991095346731,0.910037897487546,0.9703077813742811,0.901770008764273,0.9394867511611841,0.926728202121142,0.8082259816765821,0.9621078578270641,1.0,0.9214312095661911,0.9593851796860751,0.9290040620655261,0.833225941044704,0.919245214184467,0.8976793936556771,0.9679443149302901,0.9588016056219291,0.8884814896155571,0.879178734262226,0.8131880349645181,0.9239934640624671,0.9097863661237621,0.953241296212981,0.9747331456966951,0.948236678057051,0.9231979662750841,0.9215298609780921,0.9598799275377031
713,0.8148759453048071,0.8806011100402541,0.8916427952539601,0.7926543188585411,0.8866067194388161,0.734660018965677,0.9263494068804021,0.9303342193153491,0.654890528056524,0.924040019773928,0.849097451955045,0.9084479779149711,0.8710096238008621,0.875810875491106,0.8929891097345881,0.791536357504371,0.821317670588348,0.9036278730268291,0.8932468884027621,0.9342248596703101,0.9345377755457601,0.8190450422876481,0.858604161823573,0.869970024828272,0.895935062154468,0.730964565680535,0.81696988425778,0.74523793950493,0.938496390310198,0.7993491729734901,0.8941450443546121,0.8566362812324351,0.907093202305118,0.8967684773118481,0.832693577927966,0.852030189664394,0.915689106547343,0.720656116130111,0.832750731394847,0.9072831487208121,0.8941396848205151,0.6451730334171251,0.9423476621688841,0.8694152986339481,0.9148274915615761,0.917741938093045,0.9010915665630761,0.9656947353390951,0.9292456424527451,0.9085639775910831,0.827410949413086,0.9195087189436011,0.948284268358038,0.96233342543023,0.8764051826521371,0.968786152763156,0.927230503657896,0.7051293497145741,0.8665273484690611,0.883517402974315,0.9157004415247351,0.9358028967681401,0.9482065015573381,0.840184421020513,0.9439448042453211,0.8884340645323371,0.9345981167781751,0.9077320520306241,0.8049093083574991,0.940300867983457,0.9214312095661911,1.0,0.893285662237682,0.8266189956682031,0.9014297821644031,0.9164353319833791,0.8939442944329341,0.9409983350873281,0.8956800129719591,0.9322654874269861,0.8030514047532771,0.8634722829728391,0.8891090660840041,0.8797171656068721,0.9005318286322651,0.9460118902237121,0.9146864828208451,0.960207832018599,0.9648106750724341,0.9509430339005751
721,0.8433364838889391,0.937133333551951,0.947601224866478,0.813731430952883,0.8556310494180591,0.77713029761302,0.9213745961107801,0.9564406641640021,0.7260863836453151,0.9463702393469791,0.9300452598471781,0.970321969737548,0.921009756898798,0.8924912302342761,0.9497241503582811,0.8326162564725531,0.8669417516737251,0.9652304577931221,0.8548355052012501,0.9627395966374951,0.9530022525439271,0.877444679948385,0.923699563500262,0.9093854526735381,0.9589652144550661,0.8763624679988601,0.9145493187457031,0.7870844035878081,0.9757556089207021,0.9372094006383631,0.9461450662420541,0.942572034889369,0.9694825408746951,0.9500148985983741,0.9140263941845771,0.9067317476997341,0.942615428042442,0.75523935034288,0.893583937351163,0.9485173707943181,0.948136390047363,0.49253528888951803,0.9798694622151671,0.8355328535587091,0.9580463034685541,0.963685124194066,0.983564025267282,0.9411555584591671,0.9481622127100371,0.7997164997729891,0.8846823364353981,0.950008968817433,0.9443672654263551,0.9528682266640581,0.9362644850924671,0.90239990791665,0.9419211896360631,0.845165053454473,0.823050220402701,0.7931500887053301,0.9607273820247151,0.8826350854776561,0.9343988230012801,0.847207393140688,0.9620433865952521,0.878666549526205,0.908321457719914,0.896373703006872,0.88611905612813,0.9573686706115471,0.9593851796860751,0.893285662237682,1.0,0.9533858682463591,0.8380109298239371,0.9314570386802761,0.9295456857102861,0.9074641452759311,0.9966262478650071,0.8623336902333371,0.8981357284852131,0.795127969174469,0.8994488928745651,0.9155902413224921,0.9730653046122961,0.952810367000222,0.940159167501703,0.8567455418419041,0.9301742100946211,0.9555748509321321
722,0.8526426922540551,0.9396490131569291,0.923661418530312,0.725859502805632,0.897998967603403,0.800590634078679,0.8557799944037361,0.9450850759449501,0.746261384701545,0.9363821989085451,0.9342124301231741,0.9410785530076121,0.8993400686266091,0.9360374782438591,0.9134786603804921,0.780667439949132,0.790580727782721,0.9266121754845341,0.8495512939762011,0.9242409753223031,0.91397887921787,0.8429587032507571,0.9072936655653291,0.8727076162914911,0.915713432517515,0.8523817083045101,0.96969905543719,0.758610739232491,0.954940355686905,0.883182520533853,0.9063716743698821,0.8781080197898531,0.9119947731981921,0.9537262436718971,0.8731179778594911,0.847793317510631,0.911454065296003,0.8286352112016351,0.854888256606233,0.9211610642537651,0.9137387064428131,0.540056366802604,0.9273955304258811,0.7720808768511641,0.924102851435442,0.9402952331984291,0.9588823521566371,0.881721864964057,0.929374794289018,0.7951274117350741,0.8427451278783791,0.94222455318785,0.9092965090409021,0.90061391889422,0.894830382076214,0.8835405322052781,0.8868011248012481,0.8530467670255051,0.8029481798483931,0.785365995285625,0.9150825593349291,0.8514180052998871,0.889007169883638,0.924053690614529,0.922088569534216,0.867037882835018,0.8833190826757431,0.892671422943294,0.82044774716985,0.911631400441898,0.9290040620655261,0.8266189956682031,0.9533858682463591,1.0,0.8262885286193911,0.8950209418715691,0.8826810001964561,0.882800851162951,0.948762664640558,0.840477932610257,0.8650671982495101,0.754819048619044,0.9000460423929111,0.9027394937440151,0.9386553793711031,0.9345523827200771,0.8557019264890051,0.832576835501118,0.8869128397837991,0.90887336462217
811,0.782041645136434,0.815203675329605,0.7896644113047401,0.5940360285880201,0.855531816575944,0.632230176331105,0.840907369284781,0.8224251393034171,0.7355060241976981,0.853004205975311,0.794665018940865,0.8172819924850041,0.8186277449539351,0.8419161673074861,0.7875712153684341,0.660057477368949,0.748100914271356,0.8447049567367451,0.7984980033300081,0.8871468267583281,0.8342143518761471,0.7350909936274601,0.7599832032869851,0.7170579282021681,0.847282659453442,0.7677201561102751,0.8268768013474661,0.558701422173085,0.906943452750639,0.7733286598135891,0.7644467704448381,0.8071473405539311,0.8472966471362501,0.8145031420793071,0.720887894041481,0.6893766543590331,0.8535874166145021,0.7080705175521771,0.6409460211973871,0.7887295217048581,0.805511910370131,0.5022194044306191,0.8398247217987,0.8009374753377131,0.8397031115911031,0.845162431431106,0.851536905435318,0.872349628314225,0.8148303863170551,0.871201538088563,0.820517112774362,0.928204263141381,0.864704165202371,0.868255697508385,0.84116777727719,0.8777250368721151,0.850437819281156,0.6263071883611181,0.9430765999314511,0.8652861097300371,0.8191393774355871,0.808264489113321,0.8491749017311421,0.8149902161095821,0.882884380448671,0.823308977141696,0.8861177971499671,0.852890306579259,0.751520983052066,0.9030150643312431,0.833225941044704,0.9014297821644031,0.8380109298239371,0.8262885286193911,1.0,0.893585667514681,0.9153053853579121,0.8706845518050791,0.842197343159059,0.9253514762708851,0.7104536554449881,0.8574307960253871,0.837133271440599,0.9072244094710761,0.829140206723418,0.8685857706506831,0.785298365030993,0.88970454280468,0.9247753758798021,0.886809986230062
812,0.8662763104926191,0.919708241707277,0.872243750342214,0.819723630455176,0.8818881377823701,0.638620892909448,0.9134459348603301,0.914409037484549,0.7188080163806251,0.9197239270213721,0.8657475501014951,0.9148615029482521,0.875048226112856,0.90316152655624,0.859700165635607,0.837525050060493,0.8154150384946871,0.9228573976832891,0.8377926664806471,0.933459364208937,0.9199902914304321,0.7832671042515491,0.8332105578170631,0.858658867072365,0.944242062571614,0.7630644001879071,0.8944723079754301,0.6973086396653261,0.9290392099350111,0.8228513117681001,0.8499101659011961,0.9120366300354691,0.9416309765363181,0.904686447378459,0.824288410754033,0.799289057978774,0.954515964756062,0.75642821460259,0.8683866246860271,0.8893524206912891,0.872223297173061,0.508531114717082,0.931430381412896,0.8164924149107321,0.9142152015284931,0.9178194641809071,0.9274481426366771,0.957242966257363,0.918965930349053,0.82232746824793,0.85832119852729,0.9441510524372411,0.9639334419027871,0.955147909603771,0.917139696648366,0.9075698816634841,0.9274488518497731,0.761351155056546,0.8280811588032441,0.8249581130975111,0.9209237523011911,0.8871800634637501,0.905632944477147,0.8481885820436761,0.9523753272665281,0.82461793729731,0.937042939186673,0.8735863039456601,0.8278730990095311,0.93920548228275,0.919245214184467,0.9164353319833791,0.9314570386802761,0.8950209418715691,0.893585667514681,0.9999999999999991,0.93078199718502,0.9210207936355891,0.932748903527659,0.9502062965658231,0.7990292815037421,0.808623840010758,0.924067512590197,0.935511925594746,0.955134277652092,0.9452586299247511,0.892422843355519,0.8872572128442571,0.961902693314679,0.9453276805259431
813,0.7674534024520171,0.884687797111637,0.8786520946457,0.714770760714592,0.8557147691848841,0.7435168510316871,0.9002759529179031,0.8840837391752501,0.8076135828113631,0.915912225866207,0.887943091044698,0.8883502084571251,0.867978779070368,0.8491874079230031,0.8598183050754771,0.758212511489158,0.8110520236596761,0.903673110539267,0.7836085742841671,0.9470027448583541,0.9007176726912771,0.768197934597258,0.835201245335853,0.7790915538865061,0.9325206979180771,0.8698686421868761,0.8275138465896991,0.657073325909977,0.9378268533588481,0.8826875410214091,0.8343674969786561,0.890670181957221,0.911277388015835,0.8691452917672141,0.811336270496202,0.7629179459108231,0.8922491831255861,0.6184023681184051,0.7891466366648331,0.852290755698329,0.8932358707322041,0.42426478744272106,0.9253553180966031,0.8479320511855301,0.9042313347171651,0.9421072969438651,0.9268998636883741,0.9122874737141321,0.8763535589783291,0.8316591253448281,0.8886009979089751,0.9524677132827191,0.9062851267673011,0.935378805737019,0.9453855928154451,0.9014339089488861,0.9171514845726491,0.7711439271320011,0.8426785908845511,0.7960676494576181,0.8809017368714911,0.80392268043845,0.8915984537262871,0.8182400468308191,0.945614866896456,0.8185891683062191,0.864221511099704,0.8985452176625771,0.838450633158197,0.940538010330186,0.8976793936556771,0.8939442944329341,0.9295456857102861,0.8826810001964561,0.9153053853579121,0.93078199718502,0.9999999999999991,0.8923190169819261,0.9429611746252141,0.9117445452752231,0.7718899959860801,0.869771935664969,0.8492027655914781,0.921938229751704,0.8933111480206971,0.890456486077108,0.831075469604436,0.8457404261589521,0.953848163098811,0.9409772644690251
814,0.921209572611398,0.9262823949169771,0.9358172039380921,0.8203791988339121,0.935083809946961,0.8174255905096031,0.944055321301254,0.9333352638602891,0.8120736955197181,0.911485507302712,0.882504195362336,0.9320601669514741,0.966621909708099,0.958892124477922,0.924190044100436,0.8399676912295021,0.8863703476690621,0.9509749732030861,0.940046642801981,0.9614317087910341,0.9661728322718011,0.8869604799851901,0.931273196697557,0.9074899750456431,0.9598463118008461,0.744762891588982,0.908240050899605,0.8240525044981241,0.928716875839195,0.786450112226988,0.9249947242178451,0.9031973365491031,0.956922756875583,0.9493400794944641,0.9063389265280881,0.8871227290797781,0.934151855479154,0.8035132162653541,0.846858677273402,0.9459067920094091,0.9227791751955421,0.6594108141182871,0.954765958945712,0.929688611045357,0.968612981831187,0.95375785123567,0.9482409297618211,0.9740987339108631,0.9576558239351171,0.93683608501388,0.8360924821874821,0.9144749117306541,0.9575968244130031,0.9770364571973351,0.8573265356453911,0.9653369517320711,0.9702710397632551,0.803241128893563,0.8790208590189471,0.838686033343909,0.966620816938713,0.9643867839601141,0.9762535774430711,0.9069536975310261,0.9757958926233871,0.923390439234908,0.9691781207956981,0.9610680097452501,0.838247564186111,0.9738680315335171,0.9679443149302901,0.9409983350873281,0.9074641452759311,0.882800851162951,0.8706845518050791,0.9210207936355891,0.8923190169819261,1.0,0.908281300795692,0.890103679601502,0.791591757748583,0.8732557510861341,0.9412479748196081,0.872024799136876,0.9162936332679411,0.9664275679100681,0.8857493615957971,0.9741059153074201,0.9207905038548181,0.9767237752554031
821,0.8197707060595301,0.936337389679848,0.944650536909823,0.8166840994262881,0.8635949913925081,0.7843513677449401,0.9365754971736261,0.952187259388776,0.740261077135631,0.9435007690318991,0.9314652869253891,0.9660310733991281,0.9180008766532791,0.8869824291066071,0.9461779064269271,0.8059144384506901,0.8554770752913081,0.9637881440031241,0.8562074319944041,0.9678898482685201,0.955319658983625,0.8647516853654741,0.9198115523393571,0.8932366634740011,0.9589084931096481,0.884536867749366,0.9014538860494921,0.7797830145786591,0.9722891867060861,0.93354539451379,0.93710655384409,0.9543489206306551,0.9642867408571221,0.9446358518115361,0.908024795483073,0.8957936709605011,0.9325275723124691,0.7154322143128511,0.892474073666619,0.9442296166888811,0.9436469444844531,0.46763945115207806,0.9771186902026051,0.848335461485979,0.9586938624769561,0.9713781621580341,0.981889231594775,0.9385988982130431,0.948911246193835,0.8076633628659191,0.896885446720822,0.951968008396705,0.935421709334413,0.9549430308272201,0.9343010916598331,0.9085829355475341,0.9421329515752661,0.831930889685033,0.8184800112167631,0.7850803460880441,0.9550263953783841,0.8725673921728081,0.9413479317124551,0.85376602229909,0.9666632226686531,0.861446249602073,0.9054571764457001,0.9018302901037301,0.883466806658832,0.9589644923843311,0.9588016056219291,0.8956800129719591,0.9966262478650071,0.948762664640558,0.842197343159059,0.932748903527659,0.9429611746252141,0.908281300795692,0.9999999999999991,0.8743087702321071,0.891931009734481,0.817524785120583,0.8893198809604511,0.9265896925572991,0.9643898004242051,0.9517896295512991,0.937001133710841,0.8560145953863451,0.9383434977658981,0.9548958176038831
822,0.799625239430313,0.904027356794297,0.83980729378768,0.7671013854528711,0.9084000404005901,0.5907505829931631,0.9035028451161131,0.8965162720988681,0.6524218913824751,0.911067904062114,0.8364574909523641,0.886218293388473,0.81172092906707,0.8794239771330231,0.8340025779801511,0.684341989150829,0.777733521691599,0.8790787446846521,0.8514041413192771,0.8778868194706371,0.8887444309814251,0.734118794569641,0.7936387209097071,0.778071757138417,0.8578587942802811,0.698277020043634,0.8304189671073801,0.6693767517311711,0.9003041332985751,0.764329724279716,0.792314635589287,0.8605367902188441,0.8782581481182831,0.8394648558759361,0.7521816762776731,0.7534667240143841,0.882572596157808,0.675655735659849,0.793776200916101,0.8369145172465281,0.8488575259939131,0.5764390071841411,0.8867644271802431,0.757531790822986,0.8677915638732081,0.8856101878351971,0.87551611131074,0.9252189438950251,0.8905824912212581,0.811183344014436,0.772617203318077,0.9276098031261171,0.9026808528488891,0.9137630666011141,0.8615623639699531,0.9169417532051781,0.8699971880944111,0.636540853930963,0.872840727243933,0.903665373725069,0.858875149630108,0.865499931375268,0.8834115573121061,0.8760092897110061,0.9087317262355851,0.774381013429799,0.896702218879395,0.8447151216105031,0.6982323597791841,0.895099378777215,0.8884814896155571,0.9322654874269861,0.8623336902333371,0.840477932610257,0.9253514762708851,0.9502062965658231,0.9117445452752231,0.890103679601502,0.8743087702321071,0.9999999999999991,0.7995066190063541,0.7959289754577481,0.867414958302947,0.9516021867624511,0.8952107049483461,0.9145947286236241,0.868762056442378,0.8902703874967841,0.9674993079699911,0.888277382416724
823,0.790796792592055,0.8885477908214711,0.9195570499085141,0.8578004064265181,0.8304363135964331,0.658832991257291,0.820508368989811,0.9124647865221801,0.512289747720654,0.9061234724162801,0.8383230866472031,0.9485506634821391,0.82633972306614,0.8175952936327681,0.940284917389773,0.646175503092524,0.8249119232119511,0.91078295884267,0.85090632454515,0.8237920742823781,0.8899353643631801,0.8939003202518491,0.915646915932474,0.835316121507214,0.7988319918704531,0.724471014918714,0.8387312279462931,0.8803244121142261,0.8632131291715931,0.807876672892728,0.9074075756967931,0.852398625098651,0.8835106295954581,0.819274667035616,0.900546851362592,0.9258760006762851,0.8610193167297231,0.675679728322786,0.8636855977076011,0.910829425566646,0.9257622855087051,0.556043647236073,0.890129773638004,0.669905900050837,0.8946535664692501,0.8777575528443151,0.8979313143618051,0.8589770157485881,0.9107263850378791,0.6249646952878131,0.620821586246134,0.82261517421592,0.809742846865478,0.827132706342608,0.745640291398811,0.8238737629535141,0.8167760920549011,0.702856805084989,0.7832587340371411,0.846094520090632,0.8824652647154351,0.8448045357760791,0.850688200395435,0.8380157040479531,0.8512409922471521,0.7941342127993061,0.818555620174201,0.795109700567127,0.739634283300543,0.8479840824728601,0.879178734262226,0.8030514047532771,0.8981357284852131,0.8650671982495101,0.7104536554449881,0.7990292815037421,0.7718899959860801,0.791591757748583,0.891931009734481,0.7995066190063541,0.9999999999999991,0.576338635307682,0.7774791456320601,0.8423540365581461,0.9204398014198941,0.873434654557203,0.919257957225408,0.7751509819376551,0.8387032096557441,0.8113915848185521
911,0.6500621166758,0.713121884230551,0.7644260045895781,0.593893446391316,0.7658052778315331,0.7841567731547071,0.883664735561797,0.7740192450051671,0.8402928590766191,0.7761612041686401,0.812031746637172,0.7421408830088151,0.798668706138519,0.79755519225461,0.7370092046391421,0.6741419077896891,0.632640942302898,0.817515574314826,0.772948356879336,0.9031728256967271,0.8237036512500381,0.682465895029278,0.7445359291832371,0.7172822906513561,0.8585897909542931,0.8365372201250301,0.7323093624878351,0.530008237228335,0.838822067271708,0.777300341555729,0.7442932103701061,0.7865746336539781,0.788258144179051,0.8124469556134961,0.7260801354133191,0.6912464680345091,0.782863722797411,0.575641800429691,0.677118477719294,0.770323512894398,0.741862732530098,0.44793678991123703,0.820859264905718,0.9410187591598431,0.825934581915542,0.8472685072774271,0.827824525783547,0.831558118355835,0.7876852350516481,0.941762936030735,0.8962689778761621,0.8747076626651861,0.8086357462488021,0.8752597081412,0.801129397934482,0.8707338017975381,0.822379397035065,0.699754023436946,0.775675791558953,0.631911990241497,0.815606548441908,0.7794326398480591,0.8667289047433571,0.737040667461178,0.8819006110316491,0.759661042480931,0.8201122852637901,0.8871300482668271,0.818185369756334,0.869633480794596,0.8131880349645181,0.8634722829728391,0.795127969174469,0.754819048619044,0.8574307960253871,0.808623840010758,0.869771935664969,0.8732557510861341,0.817524785120583,0.7959289754577481,0.576338635307682,1.0,0.7981955917083501,0.7570047551960101,0.7213937758641761,0.8504176852021531,0.733276176187693,0.8492820220881571,0.833197652545938,0.8944558122854891
912,0.9131655925090971,0.901795616149025,0.8667839678207401,0.758369196762394,0.864111658634337,0.735835235792698,0.8681878279999211,0.9333965381945071,0.795971114655403,0.9108507609497191,0.9241689524795511,0.9127812830127591,0.893887302844627,0.9543316030957071,0.854701947962463,0.884504844887054,0.824295899434159,0.9289883826619351,0.836835936354903,0.9139448901318651,0.8876700251600621,0.7851902420641,0.87661060959652,0.9542873571598971,0.9044892341622761,0.747887582353403,0.912272935975128,0.7598714893561661,0.9199102970746591,0.8032830230514071,0.8745386529437951,0.8372949129625501,0.9213555484315751,0.942712675568482,0.825714916915357,0.8251330278348921,0.9176847912168201,0.8611317976948331,0.84129790434003,0.8907142874960481,0.8535730553327451,0.726390476139364,0.9257623670015911,0.832011852407314,0.9072891196776621,0.9020399174544541,0.9189304653675501,0.931559899182804,0.9159482130987151,0.8681288221530761,0.804479569187415,0.9054590617109771,0.951846522329531,0.9442695405331271,0.8534398126108901,0.9305908174992321,0.902702429666114,0.884439701115117,0.8325960659296371,0.8357478022696401,0.951033433617778,0.9480871195764021,0.8911604627265141,0.8795019987540991,0.9243205781253511,0.8414409779970271,0.9197875248736701,0.8718730910141541,0.8172470651548951,0.9131733928277991,0.9239934640624671,0.8891090660840041,0.8994488928745651,0.9000460423929111,0.837133271440599,0.924067512590197,0.8492027655914781,0.9412479748196081,0.8893198809604511,0.867414958302947,0.7774791456320601,0.7981955917083501,1.0,0.856927759470664,0.9231539380136831,0.95542473920849,0.8456643850632151,0.8929376352967611,0.8766767351832461,0.9358613288203711
913,0.8044585631467891,0.940036601266335,0.855275539502909,0.736082786549326,0.9010145722329531,0.632819941379217,0.8993381287309211,0.8970516591948661,0.6743729718744931,0.8914270996164491,0.8443867569109861,0.915082599251072,0.8612481657908381,0.8647446774823421,0.8754259291328871,0.664048729477946,0.834523833397234,0.8924583288644451,0.8388354696033811,0.8945059434263941,0.8919375180143421,0.767379874321912,0.8281197766685001,0.7949390785804361,0.8786048151124871,0.741905682784739,0.872075961831083,0.693226321525376,0.9322819424456491,0.8090688826354071,0.8360761165320351,0.929085484756145,0.910878141239828,0.8833455048210741,0.781771943470542,0.7709224675550561,0.865000185854993,0.685408444481705,0.768839099023063,0.8611564924719861,0.8679889961244761,0.456312530765753,0.8978556689261441,0.7411482017808321,0.8861964647084071,0.902584176195644,0.903688746486852,0.8929967294991281,0.896270380153216,0.775014221648462,0.834201112604471,0.920748098470709,0.893127074900504,0.893419247400366,0.8747197746155051,0.8790844380873111,0.8981817814739981,0.66237122544291,0.8754399988133741,0.865476122831878,0.8708939255680861,0.826570863532447,0.89191668558706,0.8840707960333231,0.9047553764189551,0.788902476160373,0.9019571944665521,0.8225789007939911,0.7225620197407661,0.9113556968142411,0.9097863661237621,0.8797171656068721,0.9155902413224921,0.9027394937440151,0.9072244094710761,0.935511925594746,0.921938229751704,0.872024799136876,0.9265896925572991,0.9516021867624511,0.8423540365581461,0.7570047551960101,0.856927759470664,1.0,0.9234119031340471,0.9055949667235701,0.885819872961894,0.85450199192648,0.949745518581227,0.8790707016656281
921,0.9056707147424691,0.9607123159145181,0.9446446636880571,0.8760322732986681,0.896156899985117,0.7127550102868241,0.896784561310574,0.965483451320537,0.670210029881667,0.956677016086076,0.8962819542053171,0.9823819335537961,0.9209043375144811,0.9146813499704741,0.9485465363036351,0.8521595826742311,0.887406035851912,0.9614283111180141,0.875077049399668,0.9364581714841551,0.9529500331092601,0.8852464719034551,0.9272245826055651,0.9276641937357091,0.9393617349082941,0.7705100107121481,0.9287649175936351,0.840659702239642,0.9520338327120451,0.8531194008595061,0.9443900047023571,0.927047578487569,0.9742724881342891,0.9390421715444951,0.915581733717803,0.9067837136070631,0.970303355703753,0.799778134916979,0.920359411214627,0.9592147405621241,0.9471402442145991,0.565435988128374,0.9694354471106691,0.7935984513669471,0.957154413335155,0.9486294742033121,0.963901518432494,0.960628058084345,0.9673354506554541,0.7777234656474411,0.8059930119809361,0.9209312561534501,0.9633516902928251,0.949879484382214,0.895514327536814,0.912303830557128,0.9445746967466571,0.817745553361474,0.8266104152625151,0.8605882562646501,0.962167516573295,0.921714324284404,0.9263415132899051,0.88096349504446,0.953767576754291,0.882400369429103,0.938505446740537,0.8825608711197741,0.8513023513884811,0.9493338545710001,0.953241296212981,0.9005318286322651,0.9730653046122961,0.9386553793711031,0.829140206723418,0.955134277652092,0.8933111480206971,0.9162936332679411,0.9643898004242051,0.8952107049483461,0.9204398014198941,0.7213937758641761,0.9231539380136831,0.9234119031340471,0.9999999999999991,0.9577760054909251,0.9417253754603041,0.8822973818355371,0.9404496235811781,0.941021028825721
923,0.8906971411958071,0.939674710079578,0.9446807446910581,0.8431697771773601,0.9205057626246661,0.779678254536427,0.954216340488904,0.9756086556617851,0.74404912077621,0.9537678957576401,0.934518283167133,0.9660861844473461,0.928697251844642,0.9626722934921881,0.938689937309605,0.8263981906562691,0.8387051186873781,0.9758481060692961,0.9350980174179141,0.9633286593275531,0.9703185293370371,0.8792954631158241,0.9325106830991301,0.936770051777237,0.9474218523410131,0.808817910602391,0.937140359696449,0.812423927041871,0.96178670418997,0.8608377429149431,0.9377172914453531,0.9179329355735271,0.9582876973353851,0.9627890551097501,0.9081907856036051,0.9160106503916561,0.955201350484097,0.8214939724381901,0.9044409192138291,0.9612946407881121,0.9282294123317091,0.657109994398541,0.972385676340727,0.8809938740135511,0.9687540957429601,0.9604105012622891,0.9731761952347361,0.9749983297986351,0.977921229413905,0.8901425561257411,0.8468917588523701,0.9551885464243821,0.961404307088441,0.9770268586656871,0.881104056759573,0.9641457571706451,0.9382113939447561,0.8235044810901031,0.864475651019702,0.8499795609833911,0.9801754868600631,0.9662931772825861,0.9684907025688461,0.9181952189927081,0.9772756962428141,0.891412865491324,0.9592945466102921,0.9358237396145691,0.852579191735887,0.9627009306568001,0.9747331456966951,0.9460118902237121,0.952810367000222,0.9345523827200771,0.8685857706506831,0.9452586299247511,0.890456486077108,0.9664275679100681,0.9517896295512991,0.9145947286236241,0.873434654557203,0.8504176852021531,0.95542473920849,0.9055949667235701,0.9577760054909251,1.0,0.9418811961608691,0.9397438010606881,0.9391827739030311,0.969324161313708
924,0.819083419172547,0.9127428350196871,0.9204177725522291,0.8800368188356411,0.8330164675910331,0.6615723020324671,0.9425307977029561,0.9337461776867061,0.5552830745017621,0.8962372868684131,0.8459639631758611,0.9534277905198231,0.8733388261616851,0.8496316644484221,0.943796027920163,0.7478232585810201,0.865973200389289,0.9358664112203631,0.9104613355456561,0.894739928470181,0.947917941609773,0.8816349733124551,0.89182359398565,0.8903607462998631,0.894693434204982,0.7345928502641531,0.8499283342894801,0.815013262949678,0.9164432488642221,0.855222197720484,0.926921960548795,0.9346746308419661,0.9418529381282331,0.895317303021227,0.891901315611157,0.9432428025606121,0.8982602833027541,0.7203598085453231,0.884925001847049,0.9349537212369331,0.917515859283465,0.5471422035868131,0.9474195817914831,0.7875813364730121,0.9258418896457471,0.9022392632928551,0.930289399207991,0.9400258513396751,0.9397674071165221,0.754256350791456,0.7861928451192041,0.885679623707724,0.904476029973254,0.9212696528956361,0.8442300271017361,0.87793881470283,0.9032936477499051,0.692627070414779,0.8177121787050271,0.8135214153319781,0.9385127418105771,0.911404392346828,0.9377682515342741,0.810219668945038,0.9180944611875751,0.8381967658035641,0.9044608862608421,0.8350985169764561,0.7787171026824621,0.9122026736734911,0.948236678057051,0.9146864828208451,0.940159167501703,0.8557019264890051,0.785298365030993,0.892422843355519,0.831075469604436,0.8857493615957971,0.937001133710841,0.868762056442378,0.919257957225408,0.733276176187693,0.8456643850632151,0.885819872961894,0.9417253754603041,0.9418811961608691,0.9999999999999991,0.8713072859706521,0.904520437724855,0.900561386499175
925,0.891444147262583,0.885034180098327,0.900555300959042,0.788445879408023,0.9388361180176941,0.7797302554395771,0.9060037816368881,0.9031234883801841,0.710786503129407,0.884254566438577,0.8043895716680081,0.8965768414813841,0.932621941422714,0.9171719809229931,0.9022458852771941,0.779665449250408,0.8479830158746531,0.9016696024903791,0.9460339746292561,0.9306260559409021,0.9410870542257941,0.8783043633476041,0.894936370536151,0.862047244588329,0.9047878369217641,0.6686118202981991,0.8697238678737791,0.7995894182504271,0.9080300651676051,0.7086789724894661,0.907725682746628,0.8566831137867901,0.9118953274911481,0.9097297447230781,0.8716251506363291,0.8587392789381231,0.915019296553606,0.7941088970991911,0.7948065462443521,0.927931670540433,0.8920979738671521,0.6619173974738171,0.913868325074709,0.9016495243155901,0.935231504003981,0.91115168121493,0.89509144021296,0.952764734287832,0.9361077184431431,0.9475688962258171,0.7949827731949091,0.879681264998272,0.9342181996071671,0.940083956161131,0.8012562763149501,0.959457335664155,0.943649414105705,0.6942411875604021,0.8914516823686751,0.8728477862484131,0.9188014329081351,0.954129793455822,0.9625779576349671,0.8920258271200231,0.9406139153606431,0.9389631917352481,0.9747992445098931,0.941545175726565,0.800991958219284,0.951716465283404,0.9231979662750841,0.960207832018599,0.8567455418419041,0.832576835501118,0.88970454280468,0.8872572128442571,0.8457404261589521,0.9741059153074201,0.8560145953863451,0.8902703874967841,0.7751509819376551,0.8492820220881571,0.8929376352967611,0.85450199192648,0.8822973818355371,0.9397438010606881,0.8713072859706521,1.0,0.9228145024038251,0.9434133101848071
926,0.8148172641033721,0.922888982921469,0.904161842617426,0.8031326332477591,0.9200579197897891,0.713604277273259,0.919765149917068,0.934755442649269,0.6781315770824711,0.9495753382173651,0.862013235981518,0.9292537835509941,0.878344743324854,0.879324044118409,0.9016460368318461,0.771021976228874,0.8222037369545111,0.9140453476523,0.8664913139828171,0.9484692152275761,0.9405753216550661,0.8123786716309761,0.860529683013277,0.832700838395179,0.9203344768737901,0.774234299587349,0.8559449868451781,0.7320165310248381,0.9557426185142811,0.8239245460328081,0.8847820256212311,0.9009893426909601,0.9251306794161841,0.8986558049596771,0.83883009870238,0.8198999431806441,0.939157062655642,0.69187069743006,0.8525108812948801,0.9104829098779911,0.914182781425049,0.522522567556968,0.945423326352662,0.8316334569877171,0.9262928613651891,0.9460984124709311,0.9250633972449651,0.9580909962865831,0.937793652389266,0.8574556645881841,0.854078802116715,0.9488658586303841,0.9518502455038411,0.9570004486662841,0.9179037377637921,0.950617160954981,0.9380611640210411,0.7122793385017341,0.8586017815301351,0.8840392344639181,0.904673983027597,0.884563472288258,0.9352793762193,0.874068958928896,0.9580822706831271,0.8683006235182871,0.9337579719935141,0.908289481152013,0.8200574100534511,0.9531983619042,0.9215298609780921,0.9648106750724341,0.9301742100946211,0.8869128397837991,0.9247753758798021,0.961902693314679,0.953848163098811,0.9207905038548181,0.9383434977658981,0.9674993079699911,0.8387032096557441,0.833197652545938,0.8766767351832461,0.949745518581227,0.9404496235811781,0.9391827739030311,0.904520437724855,0.9228145024038251,0.9999999999999991,0.948224177769845
927,0.881041620535549,0.912342893186124,0.9431792058383791,0.8134654327337341,0.8965333669265401,0.8267067565110681,0.9402627601810951,0.9457680664133131,0.80882582563849,0.9427958679692771,0.91353344864506,0.9409467296421451,0.9490784717798221,0.9300514273414171,0.926795409987179,0.880490096269922,0.861444350999892,0.9620182577951011,0.8911308975418911,0.9909056719598601,0.967463450558628,0.87825718779712,0.9235975792381661,0.9116134125167371,0.9814373323322981,0.8397019674185431,0.9017671978323201,0.7837640823353711,0.9634719742559291,0.8694303530193581,0.936251085225357,0.9095273501295251,0.9656090653734011,0.952697886312684,0.9134420082029701,0.8869087898144561,0.9643388384377971,0.776551037254238,0.8781412259032461,0.9498888674363111,0.936484380704341,0.5833167417700841,0.978785618952227,0.9344680224237091,0.972547210089527,0.9723291207581801,0.9704113059275371,0.9797789312419221,0.9546555878640021,0.9207715183904661,0.89237366375072,0.9523611521755111,0.9748885174868561,0.991878341612429,0.921684652880103,0.9622249594946201,0.9726753916382671,0.847875408013075,0.8565480811192441,0.8150832112240181,0.971295379848733,0.9358800338112171,0.9671446050685211,0.8647122345868901,0.9923585493410001,0.9252264399009991,0.9529396852664431,0.9645355389243511,0.911178871998455,0.9869666261908661,0.9598799275377031,0.9509430339005751,0.9555748509321321,0.90887336462217,0.886809986230062,0.9453276805259431,0.9409772644690251,0.9767237752554031,0.9548958176038831,0.888277382416724,0.8113915848185521,0.8944558122854891,0.9358613288203711,0.8790707016656281,0.941021028825721,0.969324161313708,0.900561386499175,0.9434133101848071,0.948224177769845,0.9999999999999991
