,111,112,113,115,116,117,118,119,121,122,124,125,211,212,213,214,215,221,222,223,231,241,242,243,244,245,246,247,311,312,313,321,323,331,341,342,344,351,352,353,354,355,356,411,412,413,415,416,421,511,521,522,523,524,525,531,532,533,541,542,543,544,612,613,614,621,622,623,624,711,712,713,721,722,811,812,813,814,821,822,823,911,912,913,921,923,924,925,926,927
111,0.9999999999999991,0.073887801050685,0.364732526947029,0.14430789825888302,0.137609992345571,0.669365507331357,0.09192886004632901,0.044630670324717,0.023982133935930003,0.011659277488486,0.050816431830885,0.13264346148379802,0.20156949005198302,0.129889998982842,0.185562273276484,0.06401468659348701,0.135845077112213,0.023725297930915,0.024668183857123,0.016763321227451,0.11961674598548701,0.039327104983822005,0.401526844443848,0.013567032113321002,0.181061049419509,0.011340411291874,0.118442121835319,0.027069561236605002,0.17769223061532702,0.034765088318857,0.128682325819114,0.024022465366211002,0.47092789552913206,0.11684159925373001,0.021002295499871003,0.037840596285838,0.016715266704515,0.06878142680007801,0.068822155272987,0.40726674641147204,0.292206956374065,0.055880621750476006,0.369500918244599,0.28105050327868203,0.12460164697173401,0.046364118572954006,0.360129041026922,0.504290242343117,0.281598836934681,0.024014878716955002,0.020643458896896002,0.030023744545991004,0.01640261727742,0.043143267744988,0.024310920021727002,0.015838472794847,0.0038633641751700002,0.044638069606041005,0.023179885312432,0.004122009283924,0.020313602841313002,0.007786005452648001,0.028035650604089003,0.00876226304297,0.06346255342783501,0.04803125076373,0.0065307567817160005,0.040781775723421,0.018275744611231,0.021478049341781002,0.12307101821489701,0.009208022491659001,0.105129120672483,0.102466927371386,0.033328213313564004,0.02377613683413,0.08700336786113501,0.009300619917471002,0.027922480112045,0.027182131916165003,0.045548707776673004,0.036007975335604,0.012028037655749,0.040378095025655,0.006045239031872001,0.025807264946208,0.008888691563459,0.0035083831679780003,0.029046826670466003,0.017287953974175003
112,0.073887801050685,1.0,0.428537122086854,0.021457245571639003,0.266906846192899,0.007916182548826001,0.104754071640641,0.241006681025302,0.06288654391216801,0.007861343251489001,0.005769636942208001,0.334343598065633,0.18968362580959602,0.48823762681693206,0.14617107331870102,0.16092802132158202,0.29327368706321805,0.01587682457776,0.007354634730109001,0.006111424110209001,0.013769464393033,0.005830676710914,0.270577647926144,0.11915797610930201,0.010624940561588001,0.0028772662112690004,0.40295004326598405,0.026320599503346,0.55644275696343,0.356433850826874,0.153644434211372,0.075047032741526,0.032962907933093005,0.019490801657436,0.036482695440359,0.203314999891435,0.0063737787620390006,0.019806467525956002,0.012489837234581,0.41248656960363,0.44768285385399104,0.09637463344762301,0.22759284219816303,0.031640278573348,0.47887975781589304,0.173348181590696,0.352047544455153,0.317657206221973,0.125568576152144,0.025370261531741004,0.39941491963810904,0.533994729556014,0.124701217912818,0.27300457071571504,0.23886520181435203,0.353319734597056,0.15180737320593402,0.291357187933149,0.227506631390811,0.26567680012336703,0.085330774904284,0.302286530745073,0.003973698147198001,0.004738268380173,0.006840675825667,0.014661830766496001,0.00177433529701,0.009071358466031,0.008009940736064,0.10814808049756301,0.23514827299485203,0.09190418103422,0.15614119903429602,0.19549800855333402,0.6043419658564181,0.306942788257056,0.564093572033985,0.122781010558291,0.12328835517365401,0.46542897960008905,0.045415504078115,0.043039740048077,0.25289725984911104,0.690590761102689,0.018252362611577002,0.09900770600589501,0.027832938181781,0.029422362178438,0.239724034383815,0.046411115639545
113,0.364732526947029,0.428537122086854,1.0,0.28256358980831403,0.303752288225826,0.179021892627718,0.22857103153567102,0.34581275156503505,0.055933413930325006,0.11852700946046,0.11198549929609201,0.567643604519259,0.27352552934685403,0.348586991481242,0.46501258111245003,0.283488018412037,0.47531177205275404,0.05329434356623,0.097395472892546,0.065956943895476,0.136196440482787,0.09041722016496001,0.6597567291431721,0.09559702658196301,0.142111120041126,0.052657754282026,0.34901051293247204,0.36004819571158003,0.45166157128962403,0.24815778011071402,0.43825737010938404,0.10049733109464701,0.251479632425404,0.130238443364491,0.182523014408521,0.267352957331888,0.032443415778816,0.063333189750883,0.147150248754315,0.536117274781527,0.781305680599875,0.12237103678566501,0.6018267424023891,0.223359004951892,0.416548219624428,0.22744461609016603,0.746389966166631,0.552533346472019,0.38455042391854205,0.037709897287161,0.256999638732598,0.299793170783107,0.10181890444088301,0.26638194263436504,0.194150544307109,0.19001052522337,0.056597170891867006,0.19668392747344102,0.172245992876204,0.18904820687668503,0.145732797608065,0.187340398291716,0.047636033227773,0.029482135946442,0.09976221311719201,0.123635680707042,0.018774942888205002,0.041625344854218004,0.14232634194770902,0.177494871745339,0.44558303431425306,0.15479794914901002,0.488132487046642,0.487739630563484,0.345616512078777,0.158932198747073,0.38260840609774605,0.205869534494964,0.151607457141119,0.24329267911344402,0.12176916025428301,0.060081731496605006,0.184646832291668,0.318243659030204,0.055384917361657,0.11545802990652901,0.064825345997451,0.082167002878008,0.227426443759699,0.10312634385886
115,0.14430789825888302,0.021457245571639003,0.28256358980831403,1.0,0.034577135326862005,0.0009556635739580001,0.013989302916154,0.043606719704592005,4.136063727399564e-05,0.00011919448884800001,0.036908110506475,0.09065325068902201,0.051042100396268004,0.025396587381885,0.166307903944293,0.043251206163595006,0.036563175959080006,0.008279526886711,0.002573736462263,0.009749237533873,0.003843932725433,0.032378663017057004,0.29391568291306003,0.019641883012153003,0.0049694349012570005,0.003369411158856,0.080023883737264,0.0023250925319230004,0.054277720486210004,0.028983263111466002,0.142287161447663,0.001024885003324,0.030943996664112003,0.040692951039323,0.003801513946301,0.004924291324488001,0.002406627202398,0.00014579626131000002,0.24725971863633303,0.565261564120725,0.144888990504285,0.004932763188668,0.10418629906912501,0.043338708615976,0.344196091172621,0.158290777981399,0.17775370731233,0.16541871353294801,0.08556717825145001,0.000471222524642,0.004408764990625,0.008007461756936,0.004748815470206,0.022413895163086003,0.001247950651869,0.041824904096024004,0.016282787277611,0.03347964220215,1.5129627968009702e-05,0.009564980286675,0.002033503185904,0.000277605535605,0.005518726774097001,4.831176976877531e-05,0.012257392597132,0.0017737611906130002,2.1309871177907403e-05,0.006789283588608,0.000322390713641,0.045285608178442,0.286128421428543,0.019240886178765,0.3342631097457,0.41584659574460403,0.0029261342365920003,0.001829486108148,0.013239193563247001,0.012373659969799,0.060874899262909,0.00785036335016,0.022516714540805,0.00041037280151,0.038518945592345005,0.0043758509255180005,0.213603754635479,0.008915358883714001,0.016232505135147002,0.004124483054134,0.023750798949913002,0.0005440955666000001
116,0.137609992345571,0.266906846192899,0.303752288225826,0.034577135326862005,1.0,0.09982672486287701,0.007176218434817001,0.26891283307421504,0.013946326326296,0.010953060234566001,0.007500411372673,0.29227725333300403,0.015163127379484002,0.217705512242531,0.093471592701688,0.128513005154987,0.276389096288635,0.020451327281758,0.023331145931170003,0.006840224178406001,0.037976339947531,0.011386285641752002,0.18195662895028702,0.036423302997333006,0.054357661790217005,0.0034573933963780003,0.14387435798290601,0.027194466702926003,0.190330628547827,0.16937402827299503,0.14090475256825702,0.044838892345658,0.078662932638728,0.065732417217646,0.015600079863649,0.08482747591847001,0.0024713965519320004,0.08216435838387201,0.020362971292028003,0.181405357099954,0.348950284538996,0.053407695196117,0.138281335590485,0.06840535966866401,0.180334820178975,0.555208603420971,0.265101405416707,0.35971284038539403,0.12553741866120302,0.002122947258825,0.142531565631235,0.27224726349327705,0.218623708372938,0.127210240946175,0.10002143094301501,0.06476527019530201,0.016910416903978,0.127876259958878,0.10334713738916,0.006588499735833001,0.049168231778727006,0.29923514850187805,0.007210442916725001,0.009893610478242,0.012109548273089,0.07091820967517401,0.026730028039587003,0.01340262687449,0.008897897720516001,0.15168700211980202,0.25763611869103503,0.134182311716532,0.18810045663299102,0.176706693745829,0.297530990304646,0.08225982526851401,0.24835679949857503,0.09873007074662701,0.38989141713005304,0.26255677477606504,0.257813476287145,0.003387929937962,0.186793848541035,0.281005495397717,0.17179284601344702,0.045267019302995,0.037750681867883,0.15631202123256602,0.7623459160099161,0.036293526095379
117,0.669365507331357,0.007916182548826001,0.179021892627718,0.0009556635739580001,0.09982672486287701,0.9999999999999991,0.043758459236244,0.0,0.0,0.0013930533477070001,0.00043120448248000004,0.011348502016027,0.004806286117339,0.046190102545076,0.009106592114526,0.009163169717258,0.008473514649271001,0.006563378374959,0.007419654413967001,0.0060911369737270005,0.078916755163767,0.006058382623918001,0.18073430663818302,0.0019571304537,0.018204069201995,0.002427703149791,0.020663824965383,0.0026778449013370002,0.014797431583713001,0.006249199283970001,0.016404039702591,0.004292301655066001,0.24901155597700703,0.177841631136743,0.009316597629134001,0.000943860372501,0.001097524826889,0.35103882029100003,0.018799457775067002,0.29557932290715,0.12343989836377602,0.005468710589410001,0.307374204539756,0.249911829423125,0.064054157355555,0.10949432805375602,0.234292062004362,0.324803446913481,0.21479736611319603,0.000558936011187,0.06041578868828101,0.014002087311040001,0.049104700552766,0.0062517269069280006,0.15817870173452903,0.0015625624550710002,0.0009704749182080001,0.0016737284787150001,0.0,0.0,0.146250375025716,0.075388455393674,0.002775522384823,0.000109678689354,0.0034529114018310002,0.09361999065934601,0.0,0.0035918929606940002,0.0008419407431050001,0.0006070242169620001,0.002012165390857,0.0,0.031807271510434006,0.02812452144596,0.012941914316657002,0.00289955864,0.017700514228582,0.0014558232233910001,0.001664886964854,0.0,0.523350371775232,0.023801593393652003,0.0017473901556090002,0.001847925272351,0.00044309238765700005,0.024534092707006003,0.05660366758129701,0.0,0.018843900371041,0.095561105161309
118,0.09192886004632901,0.104754071640641,0.22857103153567102,0.013989302916154,0.007176218434817001,0.043758459236244,1.0,0.05093376780409,0.0018679837383470002,0.022398548009711,0.36822649636064103,0.17408535208571901,0.265944892775754,0.06726927288513801,0.056865352677526,0.11164640471820901,0.37592070984709103,0.252255059266398,0.5108840491027491,0.511119279026197,0.06019723689115301,0.010962147338329,0.14561857346766302,0.01086411588966,0.24287853818295202,0.005710110572342,0.398398003070211,0.022378684602658003,0.379722455557481,0.013947272483894001,0.08522719573525,0.42414025692802404,0.384697428695675,0.24288845433678202,0.029734168815232002,0.042750813313238004,0.012028011359427,0.00301835754023,0.04219106062194,0.06365491420503501,0.200136046665043,0.011565156080134,0.18211440435307602,0.28224845049512204,0.085951814611975,0.049845862388882,0.337321522174023,0.232830170974856,0.14910780530282602,0.012357884917413001,0.007375556612863001,0.052852800675741,0.004028712128065001,0.029079288360023003,0.042644663222615,0.020939112485247,0.003662132040765,0.018021819702413,0.000614448936123,0.00023949277018800002,0.046735784391257,0.008252158112806001,0.14912531455235,0.002371380917104,0.529884433407676,0.020385056897119003,0.000702286284559,0.037160086028852006,0.13180940591964102,0.037127387302454004,0.041024191105722,0.026635868957584,0.08881050202184,0.074445994933725,0.072856241131543,0.028570105629169004,0.11630150630676601,0.16500335239330702,0.030580370467659,0.002157683121631,0.004867937101885001,0.004223907623324001,0.012117008865036001,0.047787512225692004,0.003970609279316,0.10172069495157601,0.027388746972174003,0.056846314952148,0.064986922791053,0.045076464107890006
119,0.044630670324717,0.241006681025302,0.34581275156503505,0.043606719704592005,0.26891283307421504,0.0,0.05093376780409,1.0,0.015234112066325,0.162127266703491,0.008425579232273,0.464341866921245,0.040278561679522006,0.088218094452213,0.11739995329465601,0.041426255004511005,0.201921085347176,0.051244966270437,0.03390062458287,0.0075684760473700005,0.008490441764979,0.005561592021473,0.13383263399446502,0.011579262685807001,0.030496692339693002,0.001305338706436,0.10424752531144801,0.14884243406257402,0.11883201554532101,0.12683809102017302,0.11620357059079701,0.11140486635379901,0.045967438439686,0.0075813473439820004,0.08286841662586701,0.23359373860005803,0.036802101767318005,0.0022634608113760004,0.016731214872377,0.14637769256927502,0.39567528755228204,0.036455087219152006,0.10370538734667901,0.012668138813053,0.270093225762364,0.114591281358314,0.283928714079965,0.24861792126081902,0.14284460823553402,0.005532879690701001,0.076625774675617,0.14788798230427702,0.225545788030617,0.13345096472404702,0.106219826948694,0.129257702839286,0.021580241233362003,0.027274125230510003,0.23208627773885102,0.11726387358763,0.110017137929484,0.161558125817541,0.012577976214591,0.020852725730429,0.020147042833744,0.21148583293835602,0.039099002977693004,0.00842207504774,0.016501165843535,0.7469826394697031,0.41095249432301906,0.586410063123299,0.294800440225142,0.34083095737427604,0.14169003196597002,0.08302775060459301,0.290692237901499,0.013117195111008001,0.14430358790765602,0.166700511973837,0.040198306929768,0.004394997555136,0.045576807103749006,0.21937916084786802,0.025234228737531002,0.087012544692233,0.017294825250404003,0.670960427917593,0.231966830284062,0.10248677200325401
121,0.023982133935930003,0.06288654391216801,0.055933413930325006,4.136063727399564e-05,0.013946326326296,0.0,0.0018679837383470002,0.015234112066325,0.9999999999999991,0.0037580925622820002,0.0024697146749410002,0.08578553406377101,0.044024583492449004,0.012662699611517001,0.005351689960669001,5.4955781908209395e-06,0.016129005649966003,0.000518308789356,0.0031778473015860002,8.755640008775157e-05,0.0038771823762320003,1.710024411103147e-05,0.014800361249988,0.000254748085174,0.001433874501048,2.9541076955023534e-05,0.004511388538622,0.00018730477502900002,0.025862782321822,0.040014870239472006,0.00358037285693,0.032796545169935,0.004684245993056,3.9181034936369596e-05,0.0006730155630360001,0.004889461178394,0.011220868085081001,0.005080602982336001,6.740246445294244e-05,0.0055589457643320005,0.017359020444656002,0.5036237347453021,0.001923363960026,0.00037120318271400003,0.047129788834805,0.007913718094449,0.058894160188931004,0.285723382951422,0.024030249392261,0.575408767161613,0.029398497847016,0.233297806468093,0.004192150463414,0.0043946520227380005,0.012259520714255002,0.0023544063947,3.423936790142858e-06,0.00302532265669,0.016978752374204,0.000437403939835,0.011906901023569,0.005843811015311001,0.002281548818433,0.10177569890841301,0.005012814974707,0.041707330460446,0.043754573788779005,0.00042790345281500005,0.004727591981399,0.005968008777787,0.034326390260928,0.0028448802006390004,0.004692718718156,0.008487422230413,0.019955960677318002,0.008308382512707001,0.041920352794263004,0.0045290967050580005,0.016478766543573,0.091682178536515,0.000133597747592,0.945218037384359,0.014868824194310001,0.038094334207851,0.00034711444830200005,0.011137926610339001,0.0008811827710930001,2.330558853106036e-05,0.009108635919069,0.005410255368097
122,0.011659277488486,0.007861343251489001,0.11852700946046,0.00011919448884800001,0.010953060234566001,0.0013930533477070001,0.022398548009711,0.162127266703491,0.0037580925622820002,1.0,0.0032079195074,0.327813072398686,0.008730711990721,0.010980973416638002,0.05649364669953501,0.06264508744863301,0.022809067902737002,0.0012959187242700002,0.033785201311807005,0.001252211379974,0.028963861164138002,0.0054937231856760005,0.065822081068308,0.0018757713675230001,0.022976686861578003,0.144117608663022,0.028227414644919003,0.145176993499007,0.032089185798918,0.003499268203903,0.036749890486474,0.09342671842329801,0.05964806146168301,0.027004289602181004,0.23188382688054202,0.023740261129019002,0.38836827146909303,0.0057929699308740005,0.002535001089882,0.05573209480723,0.168423307194411,0.09198686470457601,0.097074203019785,0.020745800066612002,0.193314036252651,0.069872224856006,0.144309973542802,0.13697475761938802,0.285010169199414,0.019101130075874002,2.6306442559931012e-05,0.015065415237579002,0.010024599726889,0.044010734097604004,0.00046196283079600004,0.011770535336929,0.014308354148433,0.157648621662618,0.000814085348117,0.0012674244474670002,0.6075207002919151,0.008827322639813001,0.021863815394822003,0.034884650154398004,0.01099499325164,0.48942062757088806,0.0071117893964980005,0.111951926398623,0.5813928027303,0.136120210654247,0.083935672659025,0.050095133499796,0.175607358221218,0.17964644410532302,0.006824167029587,0.000781545103877,0.013820195387678001,0.050938027340643004,0.019627869239187003,0.0038838793550290004,0.023753967954988003,0.007772150594659,0.004158905495279,0.011556818590342001,0.008325716008522001,0.128742736694997,0.035137509996079,0.032571204296560005,0.016761017626048,0.7562823313050351
124,0.050816431830885,0.005769636942208001,0.11198549929609201,0.036908110506475,0.007500411372673,0.00043120448248000004,0.36822649636064103,0.008425579232273,0.0024697146749410002,0.0032079195074,0.9999999999999991,0.088052112910525,0.016517044604250002,0.004908932584191001,0.014296146249763001,0.00541390706424,0.013880146496523001,0.083519730207036,0.235105065017319,0.32631490167744903,0.06586262288884101,0.004508127412899,0.054667698480211004,0.0035167654768370003,0.14893257340169602,0.005274811637069001,0.012126509118984,0.007465109139585001,0.006859372496118001,0.002028110511819,0.031169988401515,0.18070190779070602,0.220923122114134,0.006102005822656,0.008940758718948,0.003013645420355,0.007373995417322,0.00017682163994200002,0.023797365148203003,0.039490745266430004,0.034972172788339,0.025641530119224,0.16893725301932902,0.069783670414184,0.058447619905850005,0.029449684793096002,0.117419789554477,0.093849520149918,0.09517374219716401,0.006624891000915001,0.001970823467174,0.001357211140842,0.000552436964917,0.006697648179877001,0.0006995430654660001,0.01133691250486,0.00569976434179,0.012592470101671001,0.00010567105845300001,0.0008527955030130001,0.12121510333971801,0.0026940162929910004,0.056294948590407005,0.015140997784244001,0.9104717032214601,0.005555195614351,0.04601571607028,0.082169881738183,0.017140069696348,0.009349744708331,0.044813914716637,0.007037597124851001,0.028434648167319002,0.014154028153291,0.001292703890125,0.000617857324324,0.00077189645028,0.047133766268363006,0.010369024665853,0.0063921661420620005,0.0009218090876150001,0.0023907231142160004,0.043080791980074,0.007219205606146001,0.0039564097427370005,0.07448388344463501,0.0024278375915550003,0.0072487600101110005,0.009568789342908,0.084041591940834
125,0.13264346148379802,0.334343598065633,0.567643604519259,0.09065325068902201,0.29227725333300403,0.011348502016027,0.17408535208571901,0.464341866921245,0.08578553406377101,0.327813072398686,0.088052112910525,1.0,0.138852945788386,0.23824779695303103,0.23418260372704303,0.262887863095624,0.27053641364076103,0.039337738935425005,0.061179164337664,0.033534343455544,0.058047133359234004,0.049784994036988,0.362218867457952,0.10225697618090801,0.08011879332086201,0.145931186492871,0.20077543495889902,0.285811955745221,0.281519876494816,0.20584867313315502,0.22863784145313001,0.14918100015458102,0.342659628225427,0.065682593912905,0.214874068579812,0.23566238446324403,0.060591876574928004,0.018243883287835,0.084436083173791,0.259355439893002,0.611249045339302,0.270718738185314,0.287967814627107,0.15091568912309802,0.44345278290091505,0.202692684983827,0.5551385014172711,0.437095968310073,0.23475303318686602,0.06819463542477,0.102614509293576,0.28298836605230404,0.238868175855586,0.287533349889291,0.17988446577659,0.192483496989749,0.08847123631445601,0.30053984399743805,0.185578155846317,0.142123590903106,0.171465018674184,0.20182101041320902,0.033277102710568,0.061767499215754,0.10927092400948701,0.25100686334231004,0.10725491862504101,0.06093896579662401,0.173319271951959,0.306172172232935,0.5776732837117541,0.181922378043435,0.372607692335545,0.520462579528803,0.185311882985315,0.10569904625884101,0.296585911500492,0.151292391283246,0.192368212072093,0.31897409481585304,0.068389279698836,0.08753534150622501,0.266554396531619,0.22043153026782603,0.058504857158217,0.271952370646976,0.06058343574993501,0.15179078265559,0.22028864043248203,0.23810923250804203
211,0.20156949005198302,0.18968362580959602,0.27352552934685403,0.051042100396268004,0.015163127379484002,0.004806286117339,0.265944892775754,0.040278561679522006,0.044024583492449004,0.008730711990721,0.016517044604250002,0.138852945788386,1.0,0.416427138192263,0.09986333801263501,0.26967966541319605,0.504608739214445,0.14967216412706702,0.09537558582456801,0.109779270892044,0.05072264639004401,0.0051384591127950005,0.330257717238434,0.07948359592064701,0.028210506525835004,0.042916379498588,0.37470737319475506,0.035001898295621,0.6831189821689081,0.10447487461773401,0.08210204844091701,0.12462300645240801,0.0298540665487,0.026899954711731,0.06249372778810901,0.11020052187211801,0.015792500065691002,0.048931063110772006,0.009709245520536001,0.10163109317819001,0.225519163830271,0.11284300409045801,0.260193561391513,0.039556064999591,0.08868288862027601,0.069553779642555,0.227935149235047,0.21179985853853803,0.11712986857144601,0.025782889072929003,0.06696534997237001,0.11963745628392201,0.014146711918026002,0.170606409092341,0.029008437618800002,0.024726216040357,0.001030051104703,0.20626497571440602,0.040516320263793,0.012166648285998002,0.022848991624995003,0.022850012697383,0.016243073463096003,0.11119045158440101,0.021971183440496003,0.055749750423176,0.012584427165718,0.006753257908116,0.0494901506236,0.015651975982487,0.068801870483292,0.0037400338995270004,0.08902181983139301,0.020809439149476,0.189184545815192,0.13838336507809001,0.139994237199302,0.07180409444937,0.038093481563315004,0.10440605808116,0.023262112371627,0.045521966983771006,0.021208278031509,0.126939495071474,0.0032260209132810003,0.043512072616497005,0.014465532841533001,0.025754477327009,0.047402319996929,0.020268576690819003
212,0.129889998982842,0.48823762681693206,0.348586991481242,0.025396587381885,0.217705512242531,0.046190102545076,0.06726927288513801,0.088218094452213,0.012662699611517001,0.010980973416638002,0.004908932584191001,0.23824779695303103,0.416427138192263,1.0,0.171795381084897,0.193025273440212,0.21974545167429202,0.04731140817056,0.01772761321025,0.009384027166921001,0.015589496053337001,0.010384611796912,0.391986065846088,0.172445808328685,0.0054071308023,0.001691348368856,0.46087049265387003,0.025692580824440002,0.5622466681153491,0.49093607360825203,0.18212605012014102,0.06187556870668501,0.025240114011426003,0.033049998842416,0.060274551827921005,0.11597581860506101,0.007625206509790001,0.20040328151473702,0.011932235872326,0.23398087804946302,0.341325629218445,0.05024927263375,0.326581743677539,0.033055008158594,0.180171370108082,0.140080677284277,0.286977243942006,0.280095928458728,0.098327382674358,0.122465800004004,0.43894185777860706,0.51662323497725,0.21572994035269902,0.414579123623239,0.15797459493170402,0.19165298850227203,0.067197819411698,0.5019603109969341,0.041289374691471,0.03877943682484,0.031617409161105,0.08791632508588401,0.0026806438313850003,0.0008422140858490001,0.004111134784785001,0.12081388253468801,0.000714035726576,0.004809466586488001,0.0038657574132080004,0.050722271884682,0.09165907365725501,0.014630203536928002,0.158462863712951,0.18276258824864802,0.358589068061315,0.23269285551802302,0.40528474015331606,0.265128269881898,0.10634260903463401,0.263178661129554,0.144583028542199,0.0031617113941980004,0.243635566819381,0.279160176932093,0.022526046582905003,0.060749557833533,0.018293581352789003,0.013697651229513,0.131353029215451,0.022485975996593
213,0.185562273276484,0.14617107331870102,0.46501258111245003,0.166307903944293,0.093471592701688,0.009106592114526,0.056865352677526,0.11739995329465601,0.005351689960669001,0.05649364669953501,0.014296146249763001,0.23418260372704303,0.09986333801263501,0.171795381084897,0.9999999999999991,0.078785345351798,0.176430206763898,0.019848945327163,0.032018541006590004,0.013348292408993,0.025006875856071004,0.036712360467483,0.36769235399132505,0.05271728218180301,0.022819667853487,0.006897396257099,0.14533526465632202,0.25755900995894704,0.231762611582521,0.123050029821385,0.6416883420699361,0.029175346443559003,0.050617714452369005,0.066336361397185,0.12918408397970502,0.147121578976531,0.01209032179515,0.057561235184663,0.08172958524430801,0.26803587920807004,0.39477332628885503,0.023865307192204,0.18656291041332201,0.066098821296365,0.18990122179041302,0.08692324165475601,0.24176461449237502,0.232472399648766,0.210342641070473,0.001866204412223,0.060149632620884005,0.12169459869254501,0.044466452017862,0.262860965722778,0.07267854810294601,0.032472076576582,0.010447214922061,0.05614290304916401,0.055136620348888006,0.026432427000320002,0.025706501878268003,0.042624363627777,0.010708321685597,0.0014247850954560001,0.012580822662958001,0.08937322650825101,0.0020189185169690003,0.009324027879309001,0.006129977242103001,0.07451667822012001,0.195844152308459,0.041335032806249006,0.268150532296689,0.330787543505873,0.104052044895653,0.39285712282102503,0.11818778885426501,0.024136702811604002,0.025432944005652002,0.042523137325521,0.048025758401017006,0.001525557761554,0.054919720179857,0.046732878165925,0.024097535201191,0.020130521107096,0.05296925516761,0.016707507037407,0.055039232295226004,0.029378466684819003
214,0.06401468659348701,0.16092802132158202,0.283488018412037,0.043251206163595006,0.128513005154987,0.009163169717258,0.11164640471820901,0.041426255004511005,5.4955781908209395e-06,0.06264508744863301,0.00541390706424,0.262887863095624,0.26967966541319605,0.193025273440212,0.078785345351798,1.0,0.12438654875926401,0.013109034422083,0.012834668860281001,0.0030175152716820004,0.028466083354582002,0.038037416416192,0.260630432138348,0.15456227324114202,0.07852526342362201,0.357508003096123,0.09158948750592401,0.044591112374066,0.301233031434783,0.269394060686437,0.14385539898368102,0.0032673490984540003,0.049483320719336005,0.051256557513317,0.07789298704703,0.167405569943434,0.0053078227198290005,0.001307958922471,0.07124169970001,0.149641590073769,0.12707271796292302,0.330115065045537,0.259678010425254,0.18049943106405503,0.131537868445213,0.189857240479773,0.411981674495606,0.256292551673363,0.062174027939815,0.005570530863449,0.040917432293156,0.12026303652508201,0.020621099258857002,0.07071199270838101,0.06651656022947601,0.08708262659021601,0.011882687174369001,0.43333811923353904,0.0031062909087480003,0.016916362015111,0.036198661907936004,0.018062826919428003,0.003937646522495,0.017886164518325,0.0077943548154070005,0.08743896074563201,4.6921237664486724e-05,0.015483079906598002,0.160883969963133,0.022907123992289002,0.120386683236468,0.000922823397471,0.24726838481200203,0.055241380710877,0.11764627794259801,0.139481187114849,0.06921002110523701,0.234521491647208,0.045175599573142,0.152078120440329,0.009287393368222001,0.0049008369612940006,0.38104204148206705,0.037895959987804005,0.049392449793502005,0.035069812271653004,0.037991992167151004,0.047555394656542,0.058007171599924,0.051155518679486006
215,0.135845077112213,0.29327368706321805,0.47531177205275404,0.036563175959080006,0.276389096288635,0.008473514649271001,0.37592070984709103,0.201921085347176,0.016129005649966003,0.022809067902737002,0.013880146496523001,0.27053641364076103,0.504608739214445,0.21974545167429202,0.176430206763898,0.12438654875926401,1.0,0.22712927283476603,0.10882070646597,0.10900829854619301,0.046852306151592006,0.016636457368902003,0.38722812550083,0.07596788446524601,0.008761074379801,0.006188678919796,0.489709625696347,0.154948252684042,0.556055695324386,0.185858147793476,0.19987889033285902,0.179684419618365,0.061822315351537004,0.044778179842586,0.134602564330915,0.258856270920909,0.009728028274567,0.001215293761309,0.018494968506053002,0.17061148358981001,0.596141214483293,0.026102544180495003,0.171653507638411,0.061127762576089005,0.13408838624135,0.111520178845203,0.291706611442601,0.296908989834187,0.257829156953478,0.002168601138894,0.10221296775353901,0.17459491040611003,0.021335493779157003,0.142958077690715,0.032052877912952,0.09112179494734601,0.022971260774254,0.073853458983511,0.19043309012866502,0.050261662737643,0.022451424333123002,0.11808306911440002,0.013962172968041002,0.23378842359878801,0.022057430677217,0.032011671894268005,0.028619292138354003,0.007010114666063,0.004722837975119,0.07352295034353401,0.18371116209830302,0.056722946719795005,0.190283668473044,0.10985201083692901,0.22224130905448902,0.050141739696479004,0.362222910121549,0.06572542893035101,0.041660556675899005,0.09968802019801001,0.012401093438334001,0.002757244403116,0.088412447589834,0.24444022286160802,0.00402800187026,0.027605145262172,0.008242443236920001,0.07868573028506301,0.16469274522456,0.025219935838681002
221,0.023725297930915,0.01587682457776,0.05329434356623,0.008279526886711,0.020451327281758,0.006563378374959,0.252255059266398,0.051244966270437,0.000518308789356,0.0012959187242700002,0.083519730207036,0.039337738935425005,0.14967216412706702,0.04731140817056,0.019848945327163,0.013109034422083,0.22712927283476603,1.0,0.672867039924513,0.6965255599126581,0.012454133549422,0.006507764060997001,0.045682789148456006,0.012810783502435,0.030694607163525,0.0011893154245550001,0.04800691166674401,0.00370011919376,0.043299449218802,0.024942688025449,0.041055469328117,0.27557987593989103,0.06442713135257301,0.042670483362538,0.0022852287365800004,0.0041329375954470005,0.004184926035901,0.13112029773953002,0.015462429621520002,0.040973424016131,0.057153196883035,0.0036268430552140003,0.10750208013824401,0.042399208999942005,0.031153875492826003,0.034861970033103006,0.189469714048315,0.095397676060419,0.610335126895656,0.0007262801851610001,0.006231202196154,0.015328145484408001,0.018473183784236,0.011109095190424,0.096535030975402,0.002090650893777,0.002317808739201,0.010742557587461002,0.020870774439112002,0.000255519997682,0.011173186001409001,0.073114725806821,0.009007970037023002,0.8060399053613131,0.11158602501292701,0.076508107623102,0.011722036430001002,0.0076696661699240005,0.012454069962684,0.08271688303810501,0.018548868985867002,0.108129840819718,0.03419365354086,0.05159510468171501,0.0047000758404420005,0.0041331716633370005,0.011129530063602,0.002756884551451,0.008855604616264001,0.0038290682772990003,0.06202312225321,0.00034995413502100005,0.002261455188785,0.00563939063441,0.007301812465158,0.02973257994203,0.002456413852814,0.06526220928814,0.035684356038805,0.011119375398097
222,0.024668183857123,0.007354634730109001,0.097395472892546,0.002573736462263,0.023331145931170003,0.007419654413967001,0.5108840491027491,0.03390062458287,0.0031778473015860002,0.033785201311807005,0.235105065017319,0.061179164337664,0.09537558582456801,0.01772761321025,0.032018541006590004,0.012834668860281001,0.10882070646597,0.672867039924513,1.0,0.9736762877597591,0.045501185579551004,0.006254852023227,0.13094081429370702,0.014280268969041,0.081210390113456,0.0018616863818020002,0.022969816101095,0.027290184152154003,0.042095243252233,0.026243829970733,0.046436521102783006,0.5453866391704091,0.175247919233487,0.055194417961043005,0.0076186273939250005,0.009324572870302,0.075565458570489,0.0013892764357500002,0.020002176822276,0.047931167273738,0.06948600190468601,0.012581016245169002,0.10696715501458401,0.067605867853642,0.043934821962541004,0.042451375361192006,0.18061466474585403,0.12641435076298102,0.38237941918794405,0.0032727227602660004,0.004515237674216,0.006753681915578001,0.0029813794443980003,0.006921944275616001,0.0031803862370770003,0.0033579210827370002,0.003395650622629,0.005925140290591001,0.0007708038523930001,0.0012379605265590002,0.039994645935399004,0.0016388241056370001,0.052418488680203004,0.24653669992172902,0.31566687822690104,0.017497498363511003,0.049834820416363,0.018294591208025002,0.026247407510727003,0.024734487704657002,0.025863454346386,0.018156691900709003,0.069008051994524,0.037185920247025,0.001895637115044,0.0019283476694370002,0.004373259412195,0.008090540083227,0.011713441545868002,0.005971205489631,0.007170374252996,0.0010806581812070001,0.006275237029031,0.012747054441113001,0.004128981149983,0.039727294310747,0.004749570308128,0.012797903787541,0.012729498867221,0.053614010712666006
223,0.016763321227451,0.006111424110209001,0.065956943895476,0.009749237533873,0.006840224178406001,0.0060911369737270005,0.511119279026197,0.0075684760473700005,8.755640008775157e-05,0.001252211379974,0.32631490167744903,0.033534343455544,0.109779270892044,0.009384027166921001,0.013348292408993,0.0030175152716820004,0.10900829854619301,0.6965255599126581,0.9736762877597591,1.0,0.030349374683523004,0.0016030867958850001,0.05182039579487201,0.00046640182480100004,0.049300982723172,0.000845363118961,0.034796729183239006,0.005273500638915,0.056024092246488,0.001505615936688,0.040635739240436,0.512143875232833,0.12862638066255902,0.043019688109302005,0.004469258373812001,0.0037962773726030003,0.007188927783026,0.00034026748160200003,0.017868942265441,0.029852332736737004,0.035407309315474006,0.004512112178184,0.125938491612292,0.049845571022849006,0.042181137033926,0.040081179089617,0.15857774620043302,0.10915029109740201,0.375022524287829,0.001984799841349,0.005787115220569,0.006619760022571,0.004032586542382,0.005590886229702,0.002066800861481,0.002606814271518,0.0036476281000670002,0.003054070654577,0.000632861087582,0.00022637620833900003,0.030487567901416,0.002842302922501,0.019017711166197,0.259314674261441,0.35336236869353604,0.0007341870582650001,0.0008516422888060001,0.022076264762175002,0.020710477592172,0.013163015015378001,0.008423947344445001,0.000978632805802,0.03109230907309,0.009017954819321,0.006925853300637001,0.0015832387940110002,0.008642584698009001,0.011777585528821001,0.007733221692522001,0.0027214374214970002,0.004393028863515,0.000862386079183,0.009223045180624001,0.006744052211474,0.003293652360862,0.039754898883291,0.00244144614526,0.010763893816602001,0.009857959817061,0.027366612213661
231,0.11961674598548701,0.013769464393033,0.136196440482787,0.003843932725433,0.037976339947531,0.078916755163767,0.06019723689115301,0.008490441764979,0.0038771823762320003,0.028963861164138002,0.06586262288884101,0.058047133359234004,0.05072264639004401,0.015589496053337001,0.025006875856071004,0.028466083354582002,0.046852306151592006,0.012454133549422,0.045501185579551004,0.030349374683523004,0.9999999999999991,0.009370628965589,0.096609669578937,0.004970972090574,0.10185633428425901,0.08823868228911701,0.027134684540077003,0.023807257612294002,0.05264176982942401,0.017890373942735002,0.069475523545255,0.029146741021401003,0.190640465540403,0.068505015409972,0.068609786262986,0.036740605567062004,0.12531046978791202,0.0032474221538890003,0.025686280435486,0.063630174949227,0.06492884435516501,0.048583812683971,0.294453096115801,0.13815214242806,0.060012257593197005,0.041672606134304006,0.17503237666884502,0.16728253268134702,0.10773575364733401,0.006051096924704001,0.004271142725567,0.008651650879949001,0.002503727382146,0.008142142008086,0.001239325753531,0.006577400648999,0.0018974056987800002,0.019849111078005,0.0006298128522230001,0.0022116727079170002,0.045249502822129,0.015087461734171002,0.357882713285878,0.010839912273948002,0.063658041306883,0.022519097310733,0.011002798610317001,0.054022114574086004,0.015033732273679,0.012004008818984,0.031444750642837,0.003354292055993,0.027021695005801,0.018667123402243,0.012015725495821,0.0034745178889390004,0.007086577648342001,0.007928522069563,0.024122329908248002,0.010020841870426001,0.0022867851197010004,0.006744382710284,0.011873880123804002,0.018225692930944,0.005387776426176,0.050151144018896004,0.044459346959921,0.02034875117692,0.016958604828882,0.046415056759638
241,0.039327104983822005,0.005830676710914,0.09041722016496001,0.032378663017057004,0.011386285641752002,0.006058382623918001,0.010962147338329,0.005561592021473,1.710024411103147e-05,0.0054937231856760005,0.004508127412899,0.049784994036988,0.0051384591127950005,0.010384611796912,0.036712360467483,0.038037416416192,0.016636457368902003,0.006507764060997001,0.006254852023227,0.0016030867958850001,0.009370628965589,0.9999999999999991,0.27103278032037603,0.01087866705986,0.044639245907632005,0.006910893026846001,0.07225787727242501,0.026151641185738,0.012488171649491,0.002254772296599,0.044435987890169004,0.0012320302916230001,0.033955232076244006,0.0478989064012,0.012334220454111,0.006895744712932,0.00045514038241200005,0.00034868554904700003,0.9506614013733411,0.16919894543322903,0.05587870055870701,0.045379931349447004,0.048267314327064006,0.058790885977155004,0.41785471679476205,0.022722349746668,0.17051522554662002,0.149169740850844,0.26341663527102605,0.00034162642728400005,0.001281182662255,0.0035019836958320003,0.001627693670312,0.008467918445526001,0.00087178122153,0.0031169114468420005,0.00039559960661800003,0.026396803731938003,4.236885660578455e-07,0.000154707523786,0.009941451713143,0.0007064840976060001,0.002705724343778,0.001248626570746,0.00432690232056,0.002549230092492,0.00018491282805500002,0.008668855264218001,0.004483245663063001,0.009235901014362,0.023876329417951002,0.000520910381192,0.048909707324377,0.030044332229637004,0.00034805414171200003,0.005653381154055,0.001058670168676,0.006646808045967001,0.0035050378946660005,0.008413123028671001,0.002006146034712,0.00018675799574600002,0.022875884979986,0.0007598958213530001,0.021310555783066003,0.01261815470617,0.005525198885171,6.681761120369049e-05,0.001735607298138,0.005047300331189
242,0.401526844443848,0.270577647926144,0.6597567291431721,0.29391568291306003,0.18195662895028702,0.18073430663818302,0.14561857346766302,0.13383263399446502,0.014800361249988,0.065822081068308,0.054667698480211004,0.362218867457952,0.330257717238434,0.391986065846088,0.36769235399132505,0.260630432138348,0.38722812550083,0.045682789148456006,0.13094081429370702,0.05182039579487201,0.096609669578937,0.27103278032037603,1.0,0.10222192887232401,0.12209109894808601,0.030334237368160002,0.49829705243731204,0.22141213348920802,0.42494586095201903,0.22978122284224903,0.30769714557182704,0.09481625637712501,0.24917390533132702,0.17498947981828403,0.17347900045817802,0.183753483218134,0.034008454157299,0.0730692586077,0.322437744760512,0.57320164657216,0.504725890859339,0.133859212328055,0.4661594960387,0.277237359515596,0.40501982109974005,0.19139127814443202,0.469546607799503,0.443119854949346,0.319759942385125,0.015381144421680001,0.184178595628107,0.22231464705021903,0.081094265924865,0.179859026130006,0.09028156658097301,0.135473174227898,0.044428246911502,0.27699224175492004,0.019123926904781003,0.037646527258418,0.04788935468553,0.05746483003521,0.030675722997757,0.012712985420629002,0.057804519076671,0.063288036678038,0.026179004105397002,0.034590247436206,0.02950812591241,0.088224523975617,0.273716854264106,0.032468998093363004,0.442353869419825,0.34032706404425,0.17197216731366202,0.11077215591106301,0.16944956450818202,0.261231973864951,0.10420744235253901,0.184412208945049,0.070223613690263,0.018693140520674,0.168991387043084,0.12516030797474,0.035767345104326005,0.09397102253757601,0.032719651360389006,0.026201911580910002,0.077349830991502,0.04889719708813801
243,0.013567032113321002,0.11915797610930201,0.09559702658196301,0.019641883012153003,0.036423302997333006,0.0019571304537,0.01086411588966,0.011579262685807001,0.000254748085174,0.0018757713675230001,0.0035167654768370003,0.10225697618090801,0.07948359592064701,0.172445808328685,0.05271728218180301,0.15456227324114202,0.07596788446524601,0.012810783502435,0.014280268969041,0.00046640182480100004,0.004970972090574,0.01087866705986,0.10222192887232401,1.0,0.013362841341598,0.006927560755010001,0.048320143432090006,0.011969135282608002,0.120937652199991,0.29582125568927203,0.089182154523902,0.0011787480670820002,0.036248704609011,0.011871720434862001,0.024854107209551002,0.066436018937041,0.0021008363171570003,0.008308742092592001,0.012108630381604,0.06101092385556801,0.08473671868754701,0.015020126787876,0.08531402854660301,0.022458721687802,0.057506527065934,0.023522475291116,0.11723737021450802,0.08932408713510301,0.083910834196218,0.181963957783528,0.045168905982064,0.060269496181478005,0.019425909117269,0.047441700849511007,0.023409378654907,0.089277160196276,0.042156512621896,0.13870454848374902,0.0005977033191680001,0.0015934973181970001,0.0018009693462130002,0.008491521018651001,0.665609593966489,0.00042488869662900004,0.0028609000256050003,0.004302212311898,2.7881787524048872e-05,0.00765358254712,0.014400623607556002,0.009362821380651,0.046090864683920006,0.002669006634061,0.026240674535821,0.026583759316789003,0.014364051246256001,0.095342635940975,0.06222977743390801,0.060595752257362,0.034542041868027,0.170735584950532,0.015211488157144001,0.0009725835118110001,0.14430933384951902,0.0094012062127,0.005556651419158,0.015914300859884,0.005845930010243,0.0023901839257630003,0.011350905327327,0.021302389983841003
244,0.181061049419509,0.010624940561588001,0.142111120041126,0.0049694349012570005,0.054357661790217005,0.018204069201995,0.24287853818295202,0.030496692339693002,0.001433874501048,0.022976686861578003,0.14893257340169602,0.08011879332086201,0.028210506525835004,0.0054071308023,0.022819667853487,0.07852526342362201,0.008761074379801,0.030694607163525,0.081210390113456,0.049300982723172,0.10185633428425901,0.044639245907632005,0.12209109894808601,0.013362841341598,0.9999999999999991,0.052503648751455,0.084881371760746,0.042953763186953,0.011503287617616001,0.013545388242836002,0.029660322078423004,0.038835976240136,0.6225219023667781,0.100735861508169,0.03098610287398,0.017225106381264,0.007380782159066001,0.001503758077311,0.030172209146926,0.057052391448697004,0.063496152659773,0.18854987871268802,0.146396922228161,0.384531549433126,0.03675895535976,0.013987930268330001,0.27772173869995004,0.26597516195528903,0.11649014947105,0.0041101817609180006,0.00040916724343400006,0.000651850936916,0.0014082173780460001,0.007301674917601001,0.007435417905103001,0.00455589933157,0.0006517827027010001,0.022329894222393003,2.5256634568461813e-05,1.790997791076112e-05,0.042663383331384,0.01428612958162,0.133586009599304,0.005023162375876001,0.22091018431657003,0.039479950398355,0.000124247114745,0.17841460128095601,0.12431699484498301,0.026580248027261003,0.13548638583451902,0.011180638364362,0.031143063476407003,0.015083014186671,2.489174098167716e-06,0.005329106115418001,0.004848904031999,0.041278948569691006,0.009343921925304,1.364443897109771e-05,0.001150757522495,0.000415936273541,0.001331904471654,0.00025979136737400003,0.0009022964943580001,0.074373495864977,0.016053760122384002,0.002781058125514,0.0039058903345780003,0.055487517312033004
245,0.011340411291874,0.0028772662112690004,0.052657754282026,0.003369411158856,0.0034573933963780003,0.002427703149791,0.005710110572342,0.001305338706436,2.9541076955023534e-05,0.144117608663022,0.005274811637069001,0.145931186492871,0.042916379498588,0.001691348368856,0.006897396257099,0.357508003096123,0.006188678919796,0.0011893154245550001,0.0018616863818020002,0.000845363118961,0.08823868228911701,0.006910893026846001,0.030334237368160002,0.006927560755010001,0.052503648751455,1.0,0.006093529968822,0.017533481334616,0.025012188050869,0.004258955818637,0.027076689524587003,0.000635150827278,0.043927584191698,0.013070227750513001,0.048662873094247,0.018805198636060002,0.0051515685182090005,0.000231398439447,0.006773234433699001,0.038722616308323,0.048650205123103,0.217471703504198,0.046820480457058,0.028570891135403002,0.061978727862434004,0.369963298268278,0.096116952711291,0.09630119324299201,0.026449989966439002,0.010409596069401,0.000137022619357,0.0066399097369250005,0.008345430592393,0.0021005496230390003,0.00011862402654500001,0.013286652478881,0.001346295508758,0.005049233855454,0.000170943228763,0.00022507078196800002,0.053044204652571,0.002470622872251,0.019803423159747,0.049789940440139006,0.015100936354017,0.231110144127316,0.00018472524095500002,0.012137972115294,0.037538340714427,0.026209428116181002,0.052531133739069,3.63521707971135e-05,0.055215353040398006,0.004122157001688,4.374050979647936e-05,3.833912426057114e-05,0.000283730605805,0.0019109354375910002,0.000806587374258,0.000502083843514,0.00026364090358000004,0.008025194221688,0.003686924286377,0.000362788011758,0.00039466286505000005,0.028172216317747002,0.023877184075888003,0.12853138935017902,0.000212199058106,0.116373980720867
246,0.118442121835319,0.40295004326598405,0.34901051293247204,0.080023883737264,0.14387435798290601,0.020663824965383,0.398398003070211,0.10424752531144801,0.004511388538622,0.028227414644919003,0.012126509118984,0.20077543495889902,0.37470737319475506,0.46087049265387003,0.14533526465632202,0.09158948750592401,0.489709625696347,0.04800691166674401,0.022969816101095,0.034796729183239006,0.027134684540077003,0.07225787727242501,0.49829705243731204,0.048320143432090006,0.084881371760746,0.006093529968822,0.9999999999999991,0.02954497281187,0.6540971289993831,0.196899246939946,0.126217875095801,0.19669508063738803,0.06867939674168501,0.06996836609779701,0.074779686031419,0.10849530887685901,0.019542797818499002,0.047681475852226006,0.084770318230551,0.23170496369261903,0.36323981707288405,0.031901962338773,0.30345571822669803,0.084918912531542,0.209566451594892,0.173695307923892,0.34134427807022905,0.33171506070517603,0.106324357204038,0.0036018153003810004,0.307080761105164,0.39297754652357003,0.12048609926143102,0.15776829127439201,0.26510550166984204,0.09028382368302901,0.031082272252005,0.22600356769815103,0.042645015266223,0.017760931487584,0.053209425573047,0.18122210908827702,0.011545193533581001,0.001718716033867,0.015104412532242002,0.015512503635892001,0.0015747580751450001,0.018872959769755,0.038703640056864004,0.07946133518927401,0.141316418208874,0.14299786440142,0.35156776237354503,0.2562545865859,0.300527768559466,0.12129165472417601,0.32197118488583204,0.48419843220183206,0.15140707821586502,0.21634545394691201,0.085604414329443,0.0039102284387340005,0.09740031712274501,0.24088673961495602,0.006002115121004001,0.093400109422988,0.019963550804966,0.041211892658194006,0.158655643908392,0.032387873446747005
247,0.027069561236605002,0.026320599503346,0.36004819571158003,0.0023250925319230004,0.027194466702926003,0.0026778449013370002,0.022378684602658003,0.14884243406257402,0.00018730477502900002,0.145176993499007,0.007465109139585001,0.285811955745221,0.035001898295621,0.025692580824440002,0.25755900995894704,0.044591112374066,0.154948252684042,0.00370011919376,0.027290184152154003,0.005273500638915,0.023807257612294002,0.026151641185738,0.22141213348920802,0.011969135282608002,0.042953763186953,0.017533481334616,0.02954497281187,1.0,0.08426826966193901,0.028644233082358004,0.11682801642621801,0.0071935791251570005,0.038722741490366,0.016312014675715,0.45096922269333506,0.22019411753575002,0.017376402757793,0.000537950502214,0.016578639080546,0.10729878122055701,0.37928995190317605,0.025903295547991003,0.087011313646375,0.040060757022029006,0.10742388525766101,0.020652982429255,0.160087433726185,0.112576981090741,0.065154706670959,0.001041937007591,0.0016928699643480002,0.007369373046016,0.006256682165065,0.066444996979952,0.0022832243587530003,0.009177160082092,0.0032462188685650002,0.032985528701506,0.001022829963009,0.024414250662354003,0.035458372688515004,0.013165584104666,0.010496853356857001,0.0014508023387270002,0.012425112627151002,0.13172678114066602,0.004227823528349,0.008525352182477,0.010877777874930002,0.037125507132737004,0.13918449304681002,0.004380344907466,0.154119190761938,0.299306644517769,0.0036212892369400004,0.015345630529165,0.018488718826165002,0.004878875777858001,0.005658882445956,0.007628612469257,0.007075312839165001,0.00038202296379800005,0.019544930261122,0.004791867876399,0.070147423591816,0.015450567687682002,0.005754851963012,0.020588144914081,0.022422590811809,0.046004155401969005
311,0.17769223061532702,0.55644275696343,0.45166157128962403,0.054277720486210004,0.190330628547827,0.014797431583713001,0.379722455557481,0.11883201554532101,0.025862782321822,0.032089185798918,0.006859372496118001,0.281519876494816,0.6831189821689081,0.5622466681153491,0.231762611582521,0.301233031434783,0.556055695324386,0.043299449218802,0.042095243252233,0.056024092246488,0.05264176982942401,0.012488171649491,0.42494586095201903,0.120937652199991,0.011503287617616001,0.025012188050869,0.6540971289993831,0.08426826966193901,1.0,0.31218500630424,0.22212406009241703,0.200042975850995,0.030350377470841003,0.0427475592264,0.10400602021852401,0.139346730119859,0.026585591422298,0.046333864068693005,0.026404413435742003,0.22043872235254403,0.45243143046749,0.116598748239034,0.302593727039419,0.054371619489656006,0.21982988204429202,0.16758585812235902,0.31885806295686203,0.299397124307817,0.10801147824736201,0.014227322337409,0.33472716875131203,0.44720237444534205,0.14460258345916202,0.29188625422521103,0.159516166811788,0.105241606699858,0.032357516293063,0.28118954202553503,0.034952674716032,0.031757567283736,0.09025949506795701,0.08926472093898301,0.019483684651308,0.004440907458430001,0.014802077015129,0.033655934189571,0.0019469998938200003,0.007488614342932001,0.031260502859425006,0.057149102835996,0.130193324759516,0.060932261060443006,0.20246980813397203,0.186898492209628,0.49519781497763204,0.21763581883944402,0.42881384800001704,0.11540666426126502,0.090974006168396,0.32379834525169104,0.064129944706281,0.020555462878512003,0.13598127486504302,0.263282722390561,0.011178115072591002,0.070459391913468,0.032864524493637005,0.04472074030596,0.164042958748905,0.050024320127153
312,0.034765088318857,0.356433850826874,0.24815778011071402,0.028983263111466002,0.16937402827299503,0.006249199283970001,0.013947272483894001,0.12683809102017302,0.040014870239472006,0.003499268203903,0.002028110511819,0.20584867313315502,0.10447487461773401,0.49093607360825203,0.123050029821385,0.269394060686437,0.185858147793476,0.024942688025449,0.026243829970733,0.001505615936688,0.017890373942735002,0.002254772296599,0.22978122284224903,0.29582125568927203,0.013545388242836002,0.004258955818637,0.196899246939946,0.028644233082358004,0.31218500630424,1.0,0.08967631328592701,0.033311204253098005,0.01483927331442,0.016442548805213,0.102985820569416,0.21228232109607,0.0050598540423300005,0.020506701878364002,0.005346091285047001,0.141238720670463,0.25936567243477604,0.105703152286336,0.15442109875350402,0.016969812563168003,0.14504495643405801,0.07908787979734701,0.25494638902793404,0.22965878017115401,0.095399817800635,0.0008508507761760001,0.35316055170104005,0.47044723771634306,0.091932625556742,0.15873266064538502,0.13785237011814602,0.15454454829553202,0.07631979075806,0.197963150087888,0.10298744756900201,0.020263139397756,0.044044733564814004,0.153713025763092,0.0033293613220000003,0.0015961537299670002,0.0026558996216810003,0.007627233488712,0.00046706565117900006,0.010522472587474001,0.008215308024863,0.026849771882946002,0.087999454707681,0.0054890100634910005,0.09358265458188901,0.147195377925874,0.215956117517512,0.138102387601471,0.33000777210320503,0.068490999177371,0.097070045585169,0.20948140573353802,0.047422584906751004,0.0027068172706340003,0.10627072188351301,0.200292444055672,0.01201055252856,0.06110332025124301,0.005381621147954,0.017682256304655003,0.11218539727454802,0.018059636261687002
313,0.128682325819114,0.153644434211372,0.43825737010938404,0.142287161447663,0.14090475256825702,0.016404039702591,0.08522719573525,0.11620357059079701,0.00358037285693,0.036749890486474,0.031169988401515,0.22863784145313001,0.08210204844091701,0.18212605012014102,0.6416883420699361,0.14385539898368102,0.19987889033285902,0.041055469328117,0.046436521102783006,0.040635739240436,0.069475523545255,0.044435987890169004,0.30769714557182704,0.089182154523902,0.029660322078423004,0.027076689524587003,0.126217875095801,0.11682801642621801,0.22212406009241703,0.08967631328592701,0.9999999999999991,0.042642000657129,0.047796067697437,0.086571319380025,0.078530176000877,0.09806751273889401,0.017672640245145,0.107889717919092,0.101882843909187,0.327788025235834,0.433770373209509,0.075648451008769,0.28424690502272604,0.10784705080996901,0.174532018509751,0.116785437668003,0.32603013270179304,0.34683281474876604,0.464813615437601,0.0016891519676640002,0.038871181799568,0.14789515288423702,0.06969384765068,0.47401438507640703,0.10694612078670501,0.045324564991177006,0.012286541648064002,0.07740286065559801,0.20410520756324602,0.028053920844982,0.041627328624755,0.12111994303935202,0.027571981070001004,0.004698848066178,0.025282683838981003,0.09170229842184001,0.006790602528112001,0.012148356883914002,0.014441806176602002,0.087526095294989,0.17983190259549803,0.041592000844554,0.281398601111646,0.284867437109668,0.105742736680403,0.054677604873079,0.20820508906325802,0.017060113463103002,0.039410636943791,0.07232129540949901,0.063256937010173,0.0024151048293660003,0.10716089698936601,0.09282436025377601,0.040040047625661004,0.028990587177463,0.048212269215882,0.029466046163349004,0.091140677196549,0.023197237179658003
321,0.024022465366211002,0.075047032741526,0.10049733109464701,0.001024885003324,0.044838892345658,0.004292301655066001,0.42414025692802404,0.11140486635379901,0.032796545169935,0.09342671842329801,0.18070190779070602,0.14918100015458102,0.12462300645240801,0.06187556870668501,0.029175346443559003,0.0032673490984540003,0.179684419618365,0.27557987593989103,0.5453866391704091,0.512143875232833,0.029146741021401003,0.0012320302916230001,0.09481625637712501,0.0011787480670820002,0.038835976240136,0.000635150827278,0.19669508063738803,0.0071935791251570005,0.200042975850995,0.033311204253098005,0.042642000657129,1.0,0.131094463196017,0.032965945423499,0.015013594601101,0.044985467891181005,0.162558515975842,0.0017895466829840002,0.013760600284025001,0.03754374425639,0.13585367117621502,0.022062222911146002,0.104873438826521,0.034794189137094006,0.06945573199860501,0.047584979744601005,0.152263655211681,0.20261425578533002,0.21697085425978901,0.006077526655321,0.063441966543182,0.088187235089733,0.028327831330274004,0.023762852384521003,0.016066528183366,0.014016360455047,0.005489310305881,0.018752504526136003,0.002194367743911,0.002262364787766,0.061695313070447004,0.07279814331098901,0.038066896135230004,0.21612060638374303,0.23663074689271402,0.038611511848564005,0.7177366892143471,0.022161315711494,0.11534489557091701,0.12471777364309401,0.049719394418541,0.118069596037777,0.06443970458402801,0.029240811392231003,0.07735041266065601,0.032081770996656,0.10320743094443001,0.038387726766238,0.022034987090577003,0.020723745062776,0.019796822564353,0.0019723159583450002,0.015427142903559002,0.071192349559966,0.007766776017325,0.105152149336126,0.004745909772169,0.11711849165139301,0.06774402327701501,0.09283518471292501
323,0.47092789552913206,0.032962907933093005,0.251479632425404,0.030943996664112003,0.078662932638728,0.24901155597700703,0.384697428695675,0.045967438439686,0.004684245993056,0.05964806146168301,0.220923122114134,0.342659628225427,0.0298540665487,0.025240114011426003,0.050617714452369005,0.049483320719336005,0.061822315351537004,0.06442713135257301,0.175247919233487,0.12862638066255902,0.190640465540403,0.033955232076244006,0.24917390533132702,0.036248704609011,0.6225219023667781,0.043927584191698,0.06867939674168501,0.038722741490366,0.030350377470841003,0.01483927331442,0.047796067697437,0.131094463196017,1.0,0.185110327182045,0.034426241383269,0.050338449365534006,0.037694190220237005,0.004484827524262,0.074549874188938,0.17968235836090302,0.302528325913059,0.130126277886639,0.30574354572995904,0.46864186773486205,0.12615872014430202,0.053504919840712005,0.368991294952558,0.386254652221027,0.24001371457066603,0.005784015807165001,0.006142303654547001,0.016125991719525,0.0042501236837190004,0.033463401303924,0.018525897744911,0.044521599922372,0.017134531313590003,0.11999591866713501,0.00039737811786700006,0.002034941933533,0.06482093386149701,0.00879004280979,0.194160964113746,0.022751225256182003,0.378426340043779,0.038859611851439005,0.060033173140681004,0.13512036528082702,0.08009519869451101,0.037022994911824,0.24312249000072803,0.022488942084148002,0.10810155567724801,0.077911093144401,0.017929865615671,0.001663822493289,0.010476514884672002,0.024357783130162004,0.022695457910784003,0.007994261472147001,0.011565051266059001,0.0015705764411720002,0.025078205918119004,0.013942538739463,0.010269113672032001,0.07224098793410001,0.036244271086456004,0.012592719002412002,0.015531519391915001,0.06809980994249301
331,0.11684159925373001,0.019490801657436,0.130238443364491,0.040692951039323,0.065732417217646,0.177841631136743,0.24288845433678202,0.0075813473439820004,3.9181034936369596e-05,0.027004289602181004,0.006102005822656,0.065682593912905,0.026899954711731,0.033049998842416,0.066336361397185,0.051256557513317,0.044778179842586,0.042670483362538,0.055194417961043005,0.043019688109302005,0.068505015409972,0.0478989064012,0.17498947981828403,0.011871720434862001,0.100735861508169,0.013070227750513001,0.06996836609779701,0.016312014675715,0.0427475592264,0.016442548805213,0.086571319380025,0.032965945423499,0.185110327182045,1.0,0.002506716410543,0.009915902166636001,0.007057586144113,0.019898777629447,0.144174840490662,0.105377100991437,0.049859097276755006,0.029282248438297003,0.188582246265623,0.8760631759000971,0.08420339293093301,0.054230692245049006,0.17211493341716502,0.114535134382529,0.088683449427708,0.003427532865217,0.016360428962217,0.021182421900250003,0.043026209021982,0.045337650815385,0.011639348710868,0.006384283040502,0.005284797096892,0.015237096509637001,3.297427112252903e-05,6.877100308480485e-05,0.02594732870866,0.001663136613089,0.018689756011208,0.000676578214316,0.026911626877288004,0.018169145533929003,0.000496701953682,0.036862832602447,0.0298068037915,0.017043679496595,0.031733761285355,0.0060584213732070005,0.10059404148624201,0.12405784558196001,0.018202666500787,0.004795688807136001,0.026182499707889002,0.010534413676545,0.024002350396052002,0.019905043671576,0.039523106702849004,0.004000141937867001,0.008678934381412,0.02537521099717,0.017036308032057003,0.019789284542234,0.301253045238682,0.012394617691686,0.06478665006345301,0.025029356443442
341,0.021002295499871003,0.036482695440359,0.182523014408521,0.003801513946301,0.015600079863649,0.009316597629134001,0.029734168815232002,0.08286841662586701,0.0006730155630360001,0.23188382688054202,0.008940758718948,0.214874068579812,0.06249372778810901,0.060274551827921005,0.12918408397970502,0.07789298704703,0.134602564330915,0.0022852287365800004,0.0076186273939250005,0.004469258373812001,0.068609786262986,0.012334220454111,0.17347900045817802,0.024854107209551002,0.03098610287398,0.048662873094247,0.074779686031419,0.45096922269333506,0.10400602021852401,0.102985820569416,0.078530176000877,0.015013594601101,0.034426241383269,0.002506716410543,1.0,0.509258125446008,0.05469353683344601,0.007418321932699001,0.004719035996632001,0.085900010100244,0.214329269915594,0.040385353932627,0.081099682924701,0.014622033015029002,0.09899954902296101,0.026290002926915003,0.11270784568097601,0.06456680287453301,0.076281504247973,0.002367962571056,0.008228750484922,0.014955770609802,0.002405574100865,0.085923900520154,0.004466432217591,0.008569119991046,0.011488727087874,0.060713229615483005,0.005530474659166,0.026192801673868,0.053886044447490004,0.058916431966775006,0.015357647593154002,0.005745185387671,0.005747749804636,0.07639675266884101,0.014487417456836,0.008965029258307,0.014215798018099001,0.058304824307012004,0.10870770309112501,0.006478300349595001,0.09901548052966701,0.08406704206575101,0.0061134859362390005,0.004945850275061001,0.016837600444604,0.005056955556092001,0.006101224580534001,0.00531820239178,0.011834918816287001,0.0014626619960150002,0.001917817860522,0.011095407421186,0.026100467476446003,0.022120648047046002,0.024125586324947,0.066862371956886,0.011744899172739002,0.193698718538863
342,0.037840596285838,0.203314999891435,0.267352957331888,0.004924291324488001,0.08482747591847001,0.000943860372501,0.042750813313238004,0.23359373860005803,0.004889461178394,0.023740261129019002,0.003013645420355,0.23566238446324403,0.11020052187211801,0.11597581860506101,0.147121578976531,0.167405569943434,0.258856270920909,0.0041329375954470005,0.009324572870302,0.0037962773726030003,0.036740605567062004,0.006895744712932,0.183753483218134,0.066436018937041,0.017225106381264,0.018805198636060002,0.10849530887685901,0.22019411753575002,0.139346730119859,0.21228232109607,0.09806751273889401,0.044985467891181005,0.050338449365534006,0.009915902166636001,0.509258125446008,0.9999999999999991,0.011397479961173,0.0009240589700920001,0.006939685994722,0.125281754458254,0.29578621692094703,0.057962550475579,0.07449627614540301,0.014664015318336,0.093396550523848,0.06576243934921401,0.20646741377157102,0.16577657270305401,0.085630090586433,0.0054762868938640005,0.048880953855272004,0.09783235955508701,0.01331197602661,0.077115507768377,0.024715939329399,0.074290663700028,0.024345744172413003,0.016055553954304,0.22704685116342901,0.230626251402748,0.020089612806275,0.209282927451543,0.006072633799195,0.004726344534191,0.004056026134891,0.034516524477927,0.0016274475147970001,0.006551493694326001,0.009368580825854001,0.06210326614405701,0.19732028859364903,0.008730076399785,0.09160617315342001,0.09699693585196101,0.10916409324456801,0.07541198466014301,0.227040872425077,0.017903589048388003,0.02445757808434,0.063448849049766,0.005990141692497001,0.0034525390437590005,0.019777405915588003,0.140469769606751,0.018395798964582002,0.052762441487734006,0.020308465096993,0.039091414845859006,0.092490726917012,0.03946091326019
344,0.016715266704515,0.0063737787620390006,0.032443415778816,0.002406627202398,0.0024713965519320004,0.001097524826889,0.012028011359427,0.036802101767318005,0.011220868085081001,0.38836827146909303,0.007373995417322,0.060591876574928004,0.015792500065691002,0.007625206509790001,0.01209032179515,0.0053078227198290005,0.009728028274567,0.004184926035901,0.075565458570489,0.007188927783026,0.12531046978791202,0.00045514038241200005,0.034008454157299,0.0021008363171570003,0.007380782159066001,0.0051515685182090005,0.019542797818499002,0.017376402757793,0.026585591422298,0.0050598540423300005,0.017672640245145,0.162558515975842,0.037694190220237005,0.007057586144113,0.05469353683344601,0.011397479961173,1.0,0.009351586330039,0.00253978037987,0.017167278626141,0.058899187084457,0.15699305575264602,0.065380283405013,0.011029949066116,0.030933479107530002,0.010248892386705,0.07879758566193501,0.10596689999355001,0.13533134738288902,0.027520878723154,0.0006912558038480001,0.019368889420309003,0.001943021713408,0.017067480581746,0.00039241808182300005,0.0016802973025600001,0.0009607494753100001,0.011579220380993,0.0018971735840930001,0.002279666415687,0.09589381543768301,0.004776249667436,0.07682374939877301,0.07492627740289301,0.017700453580296,0.248061037361746,0.034921556335449,0.019631650228852,0.041365568863430006,0.050172420323903004,0.06491406233956401,0.07406188463582901,0.033498568503228,0.016427238630782,0.0052197621708420005,0.00160531783826,0.0026787351220920004,0.027945520697959,0.007965652141943001,0.008862846032146,0.014049545889908002,0.010388462404329,0.006494524752341001,0.009945665510591001,0.008798808110253001,0.041333094942487006,0.015025496127768,0.0030301761956560004,0.012579184634787001,0.26142386807816703
351,0.06878142680007801,0.019806467525956002,0.063333189750883,0.00014579626131000002,0.08216435838387201,0.35103882029100003,0.00301835754023,0.0022634608113760004,0.005080602982336001,0.0057929699308740005,0.00017682163994200002,0.018243883287835,0.048931063110772006,0.20040328151473702,0.057561235184663,0.001307958922471,0.001215293761309,0.13112029773953002,0.0013892764357500002,0.00034026748160200003,0.0032474221538890003,0.00034868554904700003,0.0730692586077,0.008308742092592001,0.001503758077311,0.000231398439447,0.047681475852226006,0.000537950502214,0.046333864068693005,0.020506701878364002,0.107889717919092,0.0017895466829840002,0.004484827524262,0.019898777629447,0.007418321932699001,0.0009240589700920001,0.009351586330039,1.0,0.00113759437098,0.157910350625059,0.047580881699801,0.0017759803262360002,0.18154816424828202,0.011055351652605001,0.09059007919341901,0.139311077948706,0.06468251766925101,0.010405972911031,0.042293216411168004,0.0048815066579080005,0.05989029057786101,0.01887256089569,0.11388669161037501,0.002570689444249,0.13133528355197802,0.007400537292264001,0.003178948668511,0.055411194867913,2.110384729688451e-05,2.0200368440384172e-05,0.11507053736905001,0.058146836054219005,0.0016171012746530001,0.001482781808104,0.0008249870693680001,0.49410683390910404,0.00039206836478200004,0.0009035732720750001,0.002843157721568,0.014254252696733001,0.010283131371386001,0.0014197543531120002,0.032054166686152005,0.009536033104932,0.0036979088430660004,0.017056766389505002,0.0050054914057140005,0.003648813112659,0.019147721495879,0.027566367134324,0.7590597441777841,0.025350641011770002,0.002108505190686,0.025382553895064,0.026204784957488,0.019236633811831,0.048436257874280006,0.006685247499991001,0.12044723549988201,0.08746224203342001
352,0.068822155272987,0.012489837234581,0.147150248754315,0.24725971863633303,0.020362971292028003,0.018799457775067002,0.04219106062194,0.016731214872377,6.740246445294244e-05,0.002535001089882,0.023797365148203003,0.084436083173791,0.009709245520536001,0.011932235872326,0.08172958524430801,0.07124169970001,0.018494968506053002,0.015462429621520002,0.020002176822276,0.017868942265441,0.025686280435486,0.9506614013733411,0.322437744760512,0.012108630381604,0.030172209146926,0.006773234433699001,0.084770318230551,0.016578639080546,0.026404413435742003,0.005346091285047001,0.101882843909187,0.013760600284025001,0.074549874188938,0.144174840490662,0.004719035996632001,0.006939685994722,0.00253978037987,0.00113759437098,1.0,0.28859257596110605,0.098361493178586,0.055666522322837,0.09942018496089801,0.145648170414566,0.44734588176350804,0.08337816390815,0.22791451107423502,0.17999297077467102,0.280163456711409,0.000572896593781,0.004167575822407,0.009136038558277,0.006698091360416001,0.036425167700244,0.004267834541543,0.010869037496813,0.009534263678989002,0.051630984783257006,9.137837078099307e-05,0.004214560140503001,0.008342246589044,0.0028336904048780003,0.011631486060115001,0.0012018608847560001,0.018212202996781002,0.003693273044756,0.000126560027979,0.012950961186815001,0.001974837774629,0.025939759693929,0.125627712554125,0.012537003900427002,0.166220162958818,0.13604656829317402,0.003235565100516,0.012226051993456001,0.005804563662235001,0.007913053190524,0.021180039156894002,0.014316577500248001,0.010291365557168001,0.0005462975251490001,0.032890948794359005,0.006738157682595,0.021613094379095,0.015339371686853,0.106869516253006,0.007309847052131,0.010799858587947,0.004881635842717
353,0.40726674641147204,0.41248656960363,0.536117274781527,0.565261564120725,0.181405357099954,0.29557932290715,0.06365491420503501,0.14637769256927502,0.0055589457643320005,0.05573209480723,0.039490745266430004,0.259355439893002,0.10163109317819001,0.23398087804946302,0.26803587920807004,0.149641590073769,0.17061148358981001,0.040973424016131,0.047931167273738,0.029852332736737004,0.063630174949227,0.16919894543322903,0.57320164657216,0.06101092385556801,0.057052391448697004,0.038722616308323,0.23170496369261903,0.10729878122055701,0.22043872235254403,0.141238720670463,0.327788025235834,0.03754374425639,0.17968235836090302,0.105377100991437,0.085900010100244,0.125281754458254,0.017167278626141,0.157910350625059,0.28859257596110605,0.9999999999999991,0.43434763224352,0.07494555461956501,0.36530122599993203,0.172015725783275,0.6817283375862481,0.21162525549266903,0.420595136212125,0.42631361356566805,0.31678768630820503,0.10787160787865901,0.098682499121006,0.15245971720613102,0.06557801432844701,0.145864671898764,0.104861723464789,0.093885624415217,0.027745932368716003,0.149097257240025,0.031946683533982,0.034008554794909,0.074923827937975,0.10834653559474101,0.013983201515922,0.0035646272125970002,0.029538394356605,0.11154361193916601,0.002370921093263,0.020739220606618,0.027945790723108002,0.096124612008464,0.353103580623765,0.052098118974359,0.39985350161546,0.378510748215924,0.142422256022185,0.074499777010022,0.13241509086754702,0.040929893580108005,0.059303035952077005,0.11799925181064201,0.16188120053155902,0.007680701384060001,0.10470472159490601,0.41399080481841805,0.025891892753318,0.051202169724589006,0.039044779769059006,0.030447689128491003,0.103836796232881,0.054271765591017006
354,0.292206956374065,0.44768285385399104,0.781305680599875,0.144888990504285,0.348950284538996,0.12343989836377602,0.200136046665043,0.39567528755228204,0.017359020444656002,0.168423307194411,0.034972172788339,0.611249045339302,0.225519163830271,0.341325629218445,0.39477332628885503,0.12707271796292302,0.596141214483293,0.057153196883035,0.06948600190468601,0.035407309315474006,0.06492884435516501,0.05587870055870701,0.504725890859339,0.08473671868754701,0.063496152659773,0.048650205123103,0.36323981707288405,0.37928995190317605,0.45243143046749,0.25936567243477604,0.433770373209509,0.13585367117621502,0.302528325913059,0.049859097276755006,0.214329269915594,0.29578621692094703,0.058899187084457,0.047580881699801,0.098361493178586,0.43434763224352,0.9999999999999991,0.08467029359245401,0.36653729805755103,0.130087777664702,0.33730687062428105,0.21166228229112002,0.581417465630062,0.5153048162531281,0.388001455118041,0.024460211873053,0.193331454512702,0.30528548508066,0.11575678802809101,0.27914378213947805,0.121990931542997,0.15524451601080103,0.04814160970944,0.16425674889451,0.11259456648697701,0.13207305401986,0.1396190842009,0.138383180607238,0.07410635868024501,0.043106087255337,0.06320000952400301,0.155344980290808,0.015187334621633,0.138347786002698,0.07085033298908301,0.212506295608821,0.5364291583752221,0.123281550970254,0.5218369030116671,0.422531443026041,0.38185397744645205,0.138611012685074,0.40337379522009403,0.08841036163556101,0.133353213679225,0.246954386660822,0.08042683737787401,0.014046482097875,0.13694917415027502,0.35835795035086104,0.047745994100899004,0.12474823997244801,0.047839894924601,0.125562554488748,0.237559973594152,0.101652557972165
355,0.055880621750476006,0.09637463344762301,0.12237103678566501,0.004932763188668,0.053407695196117,0.005468710589410001,0.011565156080134,0.036455087219152006,0.5036237347453021,0.09198686470457601,0.025641530119224,0.270718738185314,0.11284300409045801,0.05024927263375,0.023865307192204,0.330115065045537,0.026102544180495003,0.0036268430552140003,0.012581016245169002,0.004512112178184,0.048583812683971,0.045379931349447004,0.133859212328055,0.015020126787876,0.18854987871268802,0.217471703504198,0.031901962338773,0.025903295547991003,0.116598748239034,0.105703152286336,0.075648451008769,0.022062222911146002,0.130126277886639,0.029282248438297003,0.040385353932627,0.057962550475579,0.15699305575264602,0.0017759803262360002,0.055666522322837,0.07494555461956501,0.08467029359245401,1.0,0.13582702155780801,0.139107822163223,0.11177836488177001,0.10036026420185401,0.16088387633970103,0.40093791878530705,0.07397171638958301,0.2418273667937,0.0011930844026330001,0.164517964198717,0.012371460361909002,0.044836487352846004,0.001170507285101,0.014058830990816002,0.0026569466571340003,0.20236725474524603,0.000662477778448,0.001988949402785,0.033628328305482,0.006058579717701001,0.016494279466734003,0.05082919548991,0.013325359857667002,0.119547769117559,6.497432030920997e-05,0.058083822572619,0.030041097775378,0.01986219703339,0.092237071692655,0.011266949614083002,0.103751524834225,0.020957663984824,0.021849455278999,0.046860895936944,0.051851801146478006,0.017899282058322002,0.13860854712206502,0.42745830946331304,0.00260081761884,0.407972127735642,0.16811972260367802,0.06958279233594701,0.0028455695712080002,0.270322352676933,0.009738478063260001,0.026650829175,0.063176674020764,0.072569934938483
356,0.369500918244599,0.22759284219816303,0.6018267424023891,0.10418629906912501,0.138281335590485,0.307374204539756,0.18211440435307602,0.10370538734667901,0.001923363960026,0.097074203019785,0.16893725301932902,0.287967814627107,0.260193561391513,0.326581743677539,0.18656291041332201,0.259678010425254,0.171653507638411,0.10750208013824401,0.10696715501458401,0.125938491612292,0.294453096115801,0.048267314327064006,0.4661594960387,0.08531402854660301,0.146396922228161,0.046820480457058,0.30345571822669803,0.087011313646375,0.302593727039419,0.15442109875350402,0.28424690502272604,0.104873438826521,0.30574354572995904,0.188582246265623,0.081099682924701,0.07449627614540301,0.065380283405013,0.18154816424828202,0.09942018496089801,0.36530122599993203,0.36653729805755103,0.13582702155780801,1.0,0.34704659033310103,0.30328542718774204,0.156540362868671,0.5531508276039201,0.5171852447512391,0.33254564968446504,0.008119388388922,0.12439796094831701,0.167303472248671,0.048872378703237004,0.20073854019584,0.36700850372460103,0.08584887464702301,0.019751611044954,0.266274335778228,0.068779872888518,0.020768207778355002,0.11261422774730201,0.24264180711968003,0.094348211126849,0.018078649634595,0.11282721457321301,0.178106146088191,0.004205930369479,0.06364698608581801,0.068723669700297,0.13361551574153602,0.20699759583808203,0.204308152306118,0.305859594458123,0.311178709476557,0.182916749694183,0.10817951194635901,0.132804170254637,0.096596570550196,0.09263955291595001,0.15121794580404901,0.196127620344055,0.013622445570013,0.18213291766084502,0.169838660343157,0.04638566864286801,0.09589489899723001,0.06605967569323601,0.052739173370979005,0.158844430937157,0.085797935556262
411,0.28105050327868203,0.031640278573348,0.223359004951892,0.043338708615976,0.06840535966866401,0.249911829423125,0.28224845049512204,0.012668138813053,0.00037120318271400003,0.020745800066612002,0.069783670414184,0.15091568912309802,0.039556064999591,0.033055008158594,0.066098821296365,0.18049943106405503,0.061127762576089005,0.042399208999942005,0.067605867853642,0.049845571022849006,0.13815214242806,0.058790885977155004,0.277237359515596,0.022458721687802,0.384531549433126,0.028570891135403002,0.084918912531542,0.040060757022029006,0.054371619489656006,0.016969812563168003,0.10784705080996901,0.034794189137094006,0.46864186773486205,0.8760631759000971,0.014622033015029002,0.014664015318336,0.011029949066116,0.011055351652605001,0.145648170414566,0.172015725783275,0.130087777664702,0.139107822163223,0.34704659033310103,1.0,0.102275750628082,0.062078337082093,0.294665493741461,0.27347096057007303,0.14862802136432002,0.004674103895525,0.006736661023477,0.017177473470201002,0.018214262775513003,0.026372193333522,0.009155629522324,0.023115138391415,0.006108862436032,0.12316497995955,2.1000293684923313e-05,0.0013148267590530002,0.032375799228948,0.004416953555343,0.057889552785176004,0.002350222155898,0.089425761483683,0.020719625444935,0.00033126793971100004,0.08081219566398001,0.039397424730217005,0.01881668085996,0.12360808670216501,0.0055621345842740005,0.15181695910606902,0.119703291016598,0.0025162209284540003,0.019932612844640003,0.015093038570471002,0.025174487493616,0.035039082769638005,0.037868591041336004,0.022677700622391002,0.004430523457347,0.087025113479889,0.017509706674449,0.005499870787501001,0.041941861808094005,0.033312703333864005,0.005907039128951,0.025973355320297,0.026543744872483004
412,0.12460164697173401,0.47887975781589304,0.416548219624428,0.344196091172621,0.180334820178975,0.064054157355555,0.085951814611975,0.270093225762364,0.047129788834805,0.193314036252651,0.058447619905850005,0.44345278290091505,0.08868288862027601,0.180171370108082,0.18990122179041302,0.131537868445213,0.13408838624135,0.031153875492826003,0.043934821962541004,0.042181137033926,0.060012257593197005,0.41785471679476205,0.40501982109974005,0.057506527065934,0.03675895535976,0.061978727862434004,0.209566451594892,0.10742388525766101,0.21982988204429202,0.14504495643405801,0.174532018509751,0.06945573199860501,0.12615872014430202,0.08420339293093301,0.09899954902296101,0.093396550523848,0.030933479107530002,0.09059007919341901,0.44734588176350804,0.6817283375862481,0.33730687062428105,0.11177836488177001,0.30328542718774204,0.102275750628082,0.9999999999999991,0.151548210492364,0.36839543270924,0.345484254433355,0.263999695126432,0.037347811676872004,0.164976922099695,0.19226733315664601,0.123550811066247,0.12408347030729501,0.105844198381235,0.14540789102575802,0.053450713347446006,0.190852978670144,0.039894609228004,0.039781417959664,0.101566866243347,0.096685667377485,0.021382928915090003,0.015329754421811002,0.05370257450992601,0.245798626675287,0.008266626982384001,0.025120098231074,0.042045970029971,0.157927896119251,0.23250766294351602,0.071156999761253,0.300667818267463,0.41389972666477903,0.154802773103889,0.097748355110697,0.151687522961221,0.045271129289908,0.150774363725051,0.18811687222922502,0.155113588342523,0.056745282598872,0.10236344097682201,0.5221651888872261,0.17797348702852903,0.10184432298833901,0.058751751376687006,0.068435228961421,0.13124688359227302,0.11901076591407901
413,0.046364118572954006,0.173348181590696,0.22744461609016603,0.158290777981399,0.555208603420971,0.10949432805375602,0.049845862388882,0.114591281358314,0.007913718094449,0.069872224856006,0.029449684793096002,0.202692684983827,0.069553779642555,0.140080677284277,0.08692324165475601,0.189857240479773,0.111520178845203,0.034861970033103006,0.042451375361192006,0.040081179089617,0.041672606134304006,0.022722349746668,0.19139127814443202,0.023522475291116,0.013987930268330001,0.369963298268278,0.173695307923892,0.020652982429255,0.16758585812235902,0.07908787979734701,0.116785437668003,0.047584979744601005,0.053504919840712005,0.054230692245049006,0.026290002926915003,0.06576243934921401,0.010248892386705,0.139311077948706,0.08337816390815,0.21162525549266903,0.21166228229112002,0.10036026420185401,0.156540362868671,0.062078337082093,0.151548210492364,0.9999999999999991,0.23258174430623102,0.143088654916218,0.10911527679532401,0.007788304843346001,0.172758363224946,0.1672578280358,0.077760949479032,0.08570443332110601,0.08621231241456301,0.057584981321860004,0.014879797432419002,0.059245305908289005,0.053849303947033,0.037252963313454006,0.074461180814981,0.24741549179493202,0.010525725905838001,0.026334061560655,0.025584252158509003,0.16259253473568702,0.0013342804700140001,0.008399798630135001,0.030189389574233002,0.07799941099966501,0.209639831903721,0.07857659642592901,0.22199015334121303,0.13249666054741102,0.151832672762013,0.06962760506934401,0.15020113933631002,0.13098594608984102,0.125512425212261,0.162421837058967,0.20746558546096203,0.013668765930961,0.062766540538959,0.142117332984834,0.046326820002177006,0.054908240737279006,0.06560701478043701,0.089266434003407,0.7820577927326461,0.08088683157137301
415,0.360129041026922,0.352047544455153,0.746389966166631,0.17775370731233,0.265101405416707,0.234292062004362,0.337321522174023,0.283928714079965,0.058894160188931004,0.144309973542802,0.117419789554477,0.5551385014172711,0.227935149235047,0.286977243942006,0.24176461449237502,0.411981674495606,0.291706611442601,0.189469714048315,0.18061466474585403,0.15857774620043302,0.17503237666884502,0.17051522554662002,0.469546607799503,0.11723737021450802,0.27772173869995004,0.096116952711291,0.34134427807022905,0.160087433726185,0.31885806295686203,0.25494638902793404,0.32603013270179304,0.152263655211681,0.368991294952558,0.17211493341716502,0.11270784568097601,0.20646741377157102,0.07879758566193501,0.06468251766925101,0.22791451107423502,0.420595136212125,0.581417465630062,0.16088387633970103,0.5531508276039201,0.294665493741461,0.36839543270924,0.23258174430623102,1.0,0.636120872394849,0.48364415217177203,0.048824193445562006,0.22228011376751203,0.335033590365304,0.15560406647267302,0.23493680252088403,0.289695953165905,0.21127205275329403,0.08936199439325801,0.25615294380075004,0.15703224497662302,0.186010666300179,0.09769014524144301,0.22447049325975502,0.069218693462609,0.132429821060761,0.121048639141571,0.20604660623508403,0.012372134412288,0.073256686177529,0.280698413871112,0.184922431133956,0.46273034353670006,0.185886229926034,0.456709855190063,0.39313369317788904,0.18600186021456003,0.172864438344758,0.333710060245953,0.361986951221897,0.201666447525877,0.24549062396429402,0.150549049275462,0.066297821195653,0.21498519546239803,0.26293046950918403,0.09163293658961101,0.161557353481339,0.153226315152162,0.083631467401673,0.24110765138489101,0.100993836653814
416,0.504290242343117,0.317657206221973,0.552533346472019,0.16541871353294801,0.35971284038539403,0.324803446913481,0.232830170974856,0.24861792126081902,0.285723382951422,0.13697475761938802,0.093849520149918,0.437095968310073,0.21179985853853803,0.280095928458728,0.232472399648766,0.256292551673363,0.296908989834187,0.095397676060419,0.12641435076298102,0.10915029109740201,0.16728253268134702,0.149169740850844,0.443119854949346,0.08932408713510301,0.26597516195528903,0.09630119324299201,0.33171506070517603,0.112576981090741,0.299397124307817,0.22965878017115401,0.34683281474876604,0.20261425578533002,0.386254652221027,0.114535134382529,0.06456680287453301,0.16577657270305401,0.10596689999355001,0.010405972911031,0.17999297077467102,0.42631361356566805,0.5153048162531281,0.40093791878530705,0.5171852447512391,0.27347096057007303,0.345484254433355,0.143088654916218,0.636120872394849,1.0,0.39661958835555206,0.154762325823216,0.192127653427443,0.38354605028940203,0.156053758599765,0.36195411007627004,0.373778606277177,0.177365177006261,0.101087861704008,0.26825014455481,0.251274741600237,0.060682029619475004,0.099168339919821,0.43509085212902004,0.07772477833140001,0.036090293425706,0.09281058369540901,0.17632204137547403,0.025539641595662,0.14267908721838202,0.10716443680670101,0.192024865031652,0.24605968342282203,0.24309572973052102,0.29996969864974804,0.366981092330923,0.240128965149797,0.122767746206782,0.225043129543494,0.122706023324383,0.141862040343258,0.19892873508849102,0.05414730622734001,0.238097519179497,0.197873790443528,0.23380200836977702,0.104031362509515,0.148821745680043,0.038078192659906,0.10136186273745601,0.21300646903995002,0.10125351998689501
421,0.281598836934681,0.125568576152144,0.38455042391854205,0.08556717825145001,0.12553741866120302,0.21479736611319603,0.14910780530282602,0.14284460823553402,0.024030249392261,0.285010169199414,0.09517374219716401,0.23475303318686602,0.11712986857144601,0.098327382674358,0.210342641070473,0.062174027939815,0.257829156953478,0.610335126895656,0.38237941918794405,0.375022524287829,0.10773575364733401,0.26341663527102605,0.319759942385125,0.083910834196218,0.11649014947105,0.026449989966439002,0.106324357204038,0.065154706670959,0.10801147824736201,0.095399817800635,0.464813615437601,0.21697085425978901,0.24001371457066603,0.088683449427708,0.076281504247973,0.085630090586433,0.13533134738288902,0.042293216411168004,0.280163456711409,0.31678768630820503,0.388001455118041,0.07397171638958301,0.33254564968446504,0.14862802136432002,0.263999695126432,0.10911527679532401,0.48364415217177203,0.39661958835555206,1.0,0.029850156314538002,0.09088663501444601,0.10828737915359701,0.10948725747432701,0.124390571532416,0.065160814203362,0.10354505664305401,0.050076419981234,0.135010681929481,0.06888429118179801,0.049991194519732,0.19003249399556402,0.062635634983978,0.058450571847686005,0.587425656836378,0.105950764837533,0.09474176030328,0.056915436577428,0.12465124697755,0.28761532999752204,0.09815704552250701,0.19218453266388402,0.055091836806781,0.229789523548023,0.18974937653468701,0.07063843228615001,0.049980736052506004,0.144428713522361,0.059346395292336006,0.051525214113795,0.091537419048085,0.081527545187333,0.030174153618063002,0.08764484322426401,0.11625912833777101,0.034939948849052,0.11777796920262801,0.056191468138683004,0.033757338762195,0.081831045925548,0.203252669695999
511,0.024014878716955002,0.025370261531741004,0.037709897287161,0.000471222524642,0.002122947258825,0.000558936011187,0.012357884917413001,0.005532879690701001,0.575408767161613,0.019101130075874002,0.006624891000915001,0.06819463542477,0.025782889072929003,0.122465800004004,0.001866204412223,0.005570530863449,0.002168601138894,0.0007262801851610001,0.0032727227602660004,0.001984799841349,0.006051096924704001,0.00034162642728400005,0.015381144421680001,0.181963957783528,0.0041101817609180006,0.010409596069401,0.0036018153003810004,0.001041937007591,0.014227322337409,0.0008508507761760001,0.0016891519676640002,0.006077526655321,0.005784015807165001,0.003427532865217,0.002367962571056,0.0054762868938640005,0.027520878723154,0.0048815066579080005,0.000572896593781,0.10787160787865901,0.024460211873053,0.2418273667937,0.008119388388922,0.004674103895525,0.037347811676872004,0.007788304843346001,0.048824193445562006,0.154762325823216,0.029850156314538002,0.9999999999999991,0.020517605881606,0.22158005710494502,0.001694733847131,0.061189901769901,0.000656340117747,0.007799064844384001,0.0027030671253430003,0.024839461131832,7.094086340891993e-05,0.00012410866962200002,0.016719431008502,0.004257219965909,0.23045393767309003,0.06724692543539,0.028031084727705,0.027643834053830002,0.001234336890637,0.165339569471484,0.069307202603201,0.007417415610591001,0.034695576252601,0.003672720982029,0.005979389220522001,0.008399688544954001,0.011201652062371,0.00198803167713,0.011728620276788001,0.010093813484481,0.047748808204989,0.066440973004682,0.0012482434415630001,0.629371723592496,0.038726172246422004,0.039634779010762004,0.000665266832892,0.192173925259426,0.003014574675304,0.003223350554972,0.005012412810268,0.014792608998514001
521,0.020643458896896002,0.39941491963810904,0.256999638732598,0.004408764990625,0.142531565631235,0.06041578868828101,0.007375556612863001,0.076625774675617,0.029398497847016,2.6306442559931012e-05,0.001970823467174,0.102614509293576,0.06696534997237001,0.43894185777860706,0.060149632620884005,0.040917432293156,0.10221296775353901,0.006231202196154,0.004515237674216,0.005787115220569,0.004271142725567,0.001281182662255,0.184178595628107,0.045168905982064,0.00040916724343400006,0.000137022619357,0.307080761105164,0.0016928699643480002,0.33472716875131203,0.35316055170104005,0.038871181799568,0.063441966543182,0.006142303654547001,0.016360428962217,0.008228750484922,0.048880953855272004,0.0006912558038480001,0.05989029057786101,0.004167575822407,0.098682499121006,0.193331454512702,0.0011930844026330001,0.12439796094831701,0.006736661023477,0.164976922099695,0.172758363224946,0.22228011376751203,0.192127653427443,0.09088663501444601,0.020517605881606,1.0,0.714423294990548,0.16092176301188502,0.210949902422456,0.13704156109815402,0.228739420808859,0.07727397054282101,0.200900298258008,0.020073867299855,0.004749897358043,0.016655486525958,0.149668373334256,0.001213345812921,0.003982819733822,0.0032479164714480004,0.015330400934022001,0.00021130609909800001,0.001221116933584,0.000413870354982,0.048653544999397,0.061503080746718,0.18629308128156402,0.063093198310602,0.20564910643164502,0.355345306743847,0.19814854455083403,0.279936627289186,0.076298823128605,0.05691791659174,0.31795610694706,0.100207499431628,0.034055303666679006,0.07954609600231201,0.312633901619071,0.002289711035826,0.023850786337947003,0.014587610273833,0.0054509712909840006,0.133178250594036,0.013293347004736
522,0.030023744545991004,0.533994729556014,0.299793170783107,0.008007461756936,0.27224726349327705,0.014002087311040001,0.052852800675741,0.14788798230427702,0.233297806468093,0.015065415237579002,0.001357211140842,0.28298836605230404,0.11963745628392201,0.51662323497725,0.12169459869254501,0.12026303652508201,0.17459491040611003,0.015328145484408001,0.006753681915578001,0.006619760022571,0.008651650879949001,0.0035019836958320003,0.22231464705021903,0.060269496181478005,0.000651850936916,0.0066399097369250005,0.39297754652357003,0.007369373046016,0.44720237444534205,0.47044723771634306,0.14789515288423702,0.088187235089733,0.016125991719525,0.021182421900250003,0.014955770609802,0.09783235955508701,0.019368889420309003,0.01887256089569,0.009136038558277,0.15245971720613102,0.30528548508066,0.164517964198717,0.167303472248671,0.017177473470201002,0.19226733315664601,0.1672578280358,0.335033590365304,0.38354605028940203,0.10828737915359701,0.22158005710494502,0.714423294990548,0.9999999999999991,0.29988867722579804,0.37913002723583605,0.27082102599539304,0.135926978460733,0.08627006406375101,0.202156357622251,0.24042550546909003,0.031332850536893005,0.046676408920621006,0.24013933537544002,0.0019480515858220002,0.016136038396852,0.004132056712003,0.029987049075579003,0.002268505981785,0.002588896424278,0.004737048654675001,0.08205091925555501,0.20915554489940402,0.138009103149661,0.134289814830473,0.272854230380266,0.46952919615355404,0.16192369795706502,0.46027185645449603,0.124835848800786,0.09942974953187501,0.25742465610013104,0.074765544394226,0.17339447278205702,0.12534659144465402,0.325003989249571,0.006533428020486001,0.061362396113129006,0.017778313535922,0.024957376936434003,0.16218252262159202,0.024764149703519003
523,0.01640261727742,0.124701217912818,0.10181890444088301,0.004748815470206,0.218623708372938,0.049104700552766,0.004028712128065001,0.225545788030617,0.004192150463414,0.010024599726889,0.000552436964917,0.238868175855586,0.014146711918026002,0.21572994035269902,0.044466452017862,0.020621099258857002,0.021335493779157003,0.018473183784236,0.0029813794443980003,0.004032586542382,0.002503727382146,0.001627693670312,0.081094265924865,0.019425909117269,0.0014082173780460001,0.008345430592393,0.12048609926143102,0.006256682165065,0.14460258345916202,0.091932625556742,0.06969384765068,0.028327831330274004,0.0042501236837190004,0.043026209021982,0.002405574100865,0.01331197602661,0.001943021713408,0.11388669161037501,0.006698091360416001,0.06557801432844701,0.11575678802809101,0.012371460361909002,0.048872378703237004,0.018214262775513003,0.123550811066247,0.077760949479032,0.15560406647267302,0.156053758599765,0.10948725747432701,0.001694733847131,0.16092176301188502,0.29988867722579804,0.9999999999999991,0.09137291996405,0.23534562097920303,0.020895416528181002,0.012168444497722001,0.032318439980932,0.000539632618696,0.00093925348603,0.008686202956876,0.039592104726548005,0.000948745217969,0.00107390279905,0.0019178262366850002,0.081976848503906,0.002008790338865,0.0012732486433070002,0.0011994623654550001,0.18848279049569702,0.08513874320455801,0.08628969308002901,0.08330934703485601,0.228853050902027,0.089523323815115,0.05455467674508101,0.273195077948721,0.046167484939818,0.138064572232086,0.06485264273722001,0.112956350844472,0.0030091113423360003,0.023110431021585002,0.055917796597355005,0.004036087136327001,0.07857981898416,0.019371495875942002,0.006064199102364,0.07867788487089801,0.012950967069076
524,0.043143267744988,0.27300457071571504,0.26638194263436504,0.022413895163086003,0.127210240946175,0.0062517269069280006,0.029079288360023003,0.13345096472404702,0.0043946520227380005,0.044010734097604004,0.006697648179877001,0.287533349889291,0.170606409092341,0.414579123623239,0.262860965722778,0.07071199270838101,0.142958077690715,0.011109095190424,0.006921944275616001,0.005590886229702,0.008142142008086,0.008467918445526001,0.179859026130006,0.047441700849511007,0.007301674917601001,0.0021005496230390003,0.15776829127439201,0.066444996979952,0.29188625422521103,0.15873266064538502,0.47401438507640703,0.023762852384521003,0.033463401303924,0.045337650815385,0.085923900520154,0.077115507768377,0.017067480581746,0.002570689444249,0.036425167700244,0.145864671898764,0.27914378213947805,0.044836487352846004,0.20073854019584,0.026372193333522,0.12408347030729501,0.08570443332110601,0.23493680252088403,0.36195411007627004,0.124390571532416,0.061189901769901,0.210949902422456,0.37913002723583605,0.09137291996405,1.0,0.24458025227847202,0.33310188373411703,0.358625759354037,0.274137434720697,0.384992104670902,0.033559838527030005,0.029245198673489,0.27834130090361203,0.005161889025147,0.001332608587269,0.005916455104098,0.027440748731465,0.0014588346954060001,0.011729986825611001,0.009719713598163001,0.07612949783386201,0.11893764049153802,0.086367798055138,0.225915212218383,0.230074574812409,0.185170508418132,0.11969979381932101,0.23922646982721502,0.08773195599279,0.040962395461388,0.129246284540348,0.039063558618654,0.0009289986399020001,0.24003359310416003,0.169860605729329,0.010295741896439,0.032388794627291,0.105781180356074,0.007887358397499001,0.08198272845471101,0.025640098810448
525,0.024310920021727002,0.23886520181435203,0.194150544307109,0.001247950651869,0.10002143094301501,0.15817870173452903,0.042644663222615,0.106219826948694,0.012259520714255002,0.00046196283079600004,0.0006995430654660001,0.17988446577659,0.029008437618800002,0.15797459493170402,0.07267854810294601,0.06651656022947601,0.032052877912952,0.096535030975402,0.0031803862370770003,0.002066800861481,0.001239325753531,0.00087178122153,0.09028156658097301,0.023409378654907,0.007435417905103001,0.00011862402654500001,0.26510550166984204,0.0022832243587530003,0.159516166811788,0.13785237011814602,0.10694612078670501,0.016066528183366,0.018525897744911,0.011639348710868,0.004466432217591,0.024715939329399,0.00039241808182300005,0.13133528355197802,0.004267834541543,0.104861723464789,0.121990931542997,0.001170507285101,0.36700850372460103,0.009155629522324,0.105844198381235,0.08621231241456301,0.289695953165905,0.373778606277177,0.065160814203362,0.000656340117747,0.13704156109815402,0.27082102599539304,0.23534562097920303,0.24458025227847202,1.0,0.084878730867306,0.05054559427224901,0.075616723441776,0.274780192925965,0.001318586711557,0.062637588737709,0.703545162773286,0.0010950570285430002,5.850702092027858e-05,0.002896726549829,0.037128705023428,0.00026336950764000003,0.00146285292291,0.038335988637946,0.210706830387376,0.041696285696467,0.525099925491189,0.11950782330315801,0.41002605744205906,0.12792277468683702,0.063396442593334,0.20863281809292902,0.07154421521920501,0.09480117053458101,0.064331411611746,0.21614016841232,0.008901841025011,0.055918613310668004,0.060308702271637,0.002119342547112,0.035100874060407,0.034256211154424,0.007216945878784,0.162657926042338,0.034974922208569
531,0.015838472794847,0.353319734597056,0.19001052522337,0.041824904096024004,0.06476527019530201,0.0015625624550710002,0.020939112485247,0.129257702839286,0.0023544063947,0.011770535336929,0.01133691250486,0.192483496989749,0.024726216040357,0.19165298850227203,0.032472076576582,0.08708262659021601,0.09112179494734601,0.002090650893777,0.0033579210827370002,0.002606814271518,0.006577400648999,0.0031169114468420005,0.135473174227898,0.089277160196276,0.00455589933157,0.013286652478881,0.09028382368302901,0.009177160082092,0.105241606699858,0.15454454829553202,0.045324564991177006,0.014016360455047,0.044521599922372,0.006384283040502,0.008569119991046,0.074290663700028,0.0016802973025600001,0.007400537292264001,0.010869037496813,0.093885624415217,0.15524451601080103,0.014058830990816002,0.08584887464702301,0.023115138391415,0.14540789102575802,0.057584981321860004,0.21127205275329403,0.177365177006261,0.10354505664305401,0.007799064844384001,0.228739420808859,0.135926978460733,0.020895416528181002,0.33310188373411703,0.084878730867306,1.0,0.737971948736403,0.47579918775512103,0.044081371058205004,0.014654203676547002,0.009441133173332,0.166238028736219,0.002160741901489,0.000991915975234,0.006507651291363,0.005077169275209,0.00011217805460700002,0.013074514252775001,0.035636137629346004,0.061888124072393004,0.060522633151564004,0.007224457257478001,0.08129978734008901,0.045091067321249005,0.10301174188329401,0.126893757046414,0.135580433164627,0.21619087568434703,0.038843460510477004,0.21280617273692,0.034215588383157004,0.004126264359982,0.500010639762632,0.13031411581788102,0.006037188926189,0.020082496522344003,0.009850549775867001,0.005565634302548,0.07418680552573301,0.010135781924284
532,0.0038633641751700002,0.15180737320593402,0.056597170891867006,0.016282787277611,0.016910416903978,0.0009704749182080001,0.003662132040765,0.021580241233362003,3.423936790142858e-06,0.014308354148433,0.00569976434179,0.08847123631445601,0.001030051104703,0.067197819411698,0.010447214922061,0.011882687174369001,0.022971260774254,0.002317808739201,0.003395650622629,0.0036476281000670002,0.0018974056987800002,0.00039559960661800003,0.044428246911502,0.042156512621896,0.0006517827027010001,0.001346295508758,0.031082272252005,0.0032462188685650002,0.032357516293063,0.07631979075806,0.012286541648064002,0.005489310305881,0.017134531313590003,0.005284797096892,0.011488727087874,0.024345744172413003,0.0009607494753100001,0.003178948668511,0.009534263678989002,0.027745932368716003,0.04814160970944,0.0026569466571340003,0.019751611044954,0.006108862436032,0.053450713347446006,0.014879797432419002,0.08936199439325801,0.101087861704008,0.050076419981234,0.0027030671253430003,0.07727397054282101,0.08627006406375101,0.012168444497722001,0.358625759354037,0.05054559427224901,0.737971948736403,1.0,0.301083109918505,0.021384827977301003,0.00027487530264900005,0.008273864884433001,0.047000998976387,0.0013405184323950002,4.211121992520395e-05,0.005053563064629001,0.001382861622515,6.670927227587643e-05,0.006939687917737001,0.014061517048138001,0.014661823422292001,0.018629692130603,0.003250451451441,0.025224746129771002,0.02431885450107,0.017471405016862,0.020643830097405003,0.035605567520025,0.128318063675527,0.014641619605245002,0.05921658220972,0.01689971277203,0.000154297179973,0.27781038808318403,0.028709893509149,0.002477734552599,0.009727817467091001,0.001962167298891,0.004096659666384,0.023508139947035003,0.011035409931084001
533,0.044638069606041005,0.291357187933149,0.19668392747344102,0.03347964220215,0.127876259958878,0.0016737284787150001,0.018021819702413,0.027274125230510003,0.00302532265669,0.157648621662618,0.012592470101671001,0.30053984399743805,0.20626497571440602,0.5019603109969341,0.05614290304916401,0.43333811923353904,0.073853458983511,0.010742557587461002,0.005925140290591001,0.003054070654577,0.019849111078005,0.026396803731938003,0.27699224175492004,0.13870454848374902,0.022329894222393003,0.005049233855454,0.22600356769815103,0.032985528701506,0.28118954202553503,0.197963150087888,0.07740286065559801,0.018752504526136003,0.11999591866713501,0.015237096509637001,0.060713229615483005,0.016055553954304,0.011579220380993,0.055411194867913,0.051630984783257006,0.149097257240025,0.16425674889451,0.20236725474524603,0.266274335778228,0.12316497995955,0.190852978670144,0.059245305908289005,0.25615294380075004,0.26825014455481,0.135010681929481,0.024839461131832,0.200900298258008,0.202156357622251,0.032318439980932,0.274137434720697,0.075616723441776,0.47579918775512103,0.301083109918505,1.0,0.0018440105571200002,1.9430929922726352e-05,0.081908924579202,0.012232206596026002,0.007308363965084001,0.0017145741550890002,0.012491882506762001,0.025144325853465002,0.000755073112851,0.056625179922214004,0.20659197520184103,0.020683483364358,0.12289056335830802,0.006389039726819001,0.185306831482207,0.08769537799582701,0.082871147205458,0.14090860075778502,0.039381584762182,0.231246083299413,0.05810247144793,0.262545916313077,0.084325083481255,0.008725171467848,0.6937252002692681,0.11198283978374401,0.006811117540323,0.150674239241138,0.015745953756499002,0.004748559902173001,0.04170385423984101,0.10235886039090901
541,0.023179885312432,0.227506631390811,0.172245992876204,1.5129627968009702e-05,0.10334713738916,0.0,0.000614448936123,0.23208627773885102,0.016978752374204,0.000814085348117,0.00010567105845300001,0.185578155846317,0.040516320263793,0.041289374691471,0.055136620348888006,0.0031062909087480003,0.19043309012866502,0.020870774439112002,0.0007708038523930001,0.000632861087582,0.0006298128522230001,4.236885660578455e-07,0.019123926904781003,0.0005977033191680001,2.5256634568461813e-05,0.000170943228763,0.042645015266223,0.001022829963009,0.034952674716032,0.10298744756900201,0.20410520756324602,0.002194367743911,0.00039737811786700006,3.297427112252903e-05,0.005530474659166,0.22704685116342901,0.0018971735840930001,2.110384729688451e-05,9.137837078099307e-05,0.031946683533982,0.11259456648697701,0.000662477778448,0.068779872888518,2.1000293684923313e-05,0.039894609228004,0.053849303947033,0.15703224497662302,0.251274741600237,0.06888429118179801,7.094086340891993e-05,0.020073867299855,0.24042550546909003,0.000539632618696,0.384992104670902,0.274780192925965,0.044081371058205004,0.021384827977301003,0.0018440105571200002,1.0,0.037892822672732,0.009520578691483001,0.588398887173269,0.00022001066653900002,0.013564423422308002,0.003481620105161,0.00442716978219,4.659154001840654e-05,5.550579031197595e-05,4.0348890880907226e-05,0.061004755199025006,0.13427982102789002,0.111534466376282,0.024161689220451,0.074194303541952,0.12905105343095702,0.070968884049561,0.5855910342546531,0.021468710247684,0.039847205618863006,0.042172870985930005,0.000175557384628,0.007958568964153001,0.074009695572068,0.214374004843391,0.007740863822669,0.05350908431098501,0.000112549530543,0.004108747565224001,0.107291346473718,0.011545081736408001
542,0.004122009283924,0.26567680012336703,0.18904820687668503,0.009564980286675,0.006588499735833001,0.0,0.00023949277018800002,0.11726387358763,0.000437403939835,0.0012674244474670002,0.0008527955030130001,0.142123590903106,0.012166648285998002,0.03877943682484,0.026432427000320002,0.016916362015111,0.050261662737643,0.000255519997682,0.0012379605265590002,0.00022637620833900003,0.0022116727079170002,0.000154707523786,0.037646527258418,0.0015934973181970001,1.790997791076112e-05,0.00022507078196800002,0.017760931487584,0.024414250662354003,0.031757567283736,0.020263139397756,0.028053920844982,0.002262364787766,0.002034941933533,6.877100308480485e-05,0.026192801673868,0.230626251402748,0.002279666415687,2.0200368440384172e-05,0.004214560140503001,0.034008554794909,0.13207305401986,0.001988949402785,0.020768207778355002,0.0013148267590530002,0.039781417959664,0.037252963313454006,0.186010666300179,0.060682029619475004,0.049991194519732,0.00012410866962200002,0.004749897358043,0.031332850536893005,0.00093925348603,0.033559838527030005,0.001318586711557,0.014654203676547002,0.00027487530264900005,1.9430929922726352e-05,0.037892822672732,0.9999999999999991,0.001214784318628,0.054836121217679,0.005096054078136,0.00046354043923300004,0.00041937526678300003,0.000937995176032,0.000252560653783,0.00013799323432500001,3.1161978114924154e-05,0.036916931946132006,0.133972974319887,0.0028871638441310002,0.08070961156542,0.017442737814096002,0.080423533983591,0.10433838350730601,0.078083638595032,0.001560461480285,0.0061581778683660006,0.068741721321028,0.00036914896656800003,0.000761178963365,0.00015590805430300002,0.11493410458834201,0.01027729433736,0.00870326820383,0.0005439419929120001,0.003592297779793,0.10149560619570801,0.0017923658366770002
543,0.020313602841313002,0.085330774904284,0.145732797608065,0.002033503185904,0.049168231778727006,0.146250375025716,0.046735784391257,0.110017137929484,0.011906901023569,0.6075207002919151,0.12121510333971801,0.171465018674184,0.022848991624995003,0.031617409161105,0.025706501878268003,0.036198661907936004,0.022451424333123002,0.011173186001409001,0.039994645935399004,0.030487567901416,0.045249502822129,0.009941451713143,0.04788935468553,0.0018009693462130002,0.042663383331384,0.053044204652571,0.053209425573047,0.035458372688515004,0.09025949506795701,0.044044733564814004,0.041627328624755,0.061695313070447004,0.06482093386149701,0.02594732870866,0.053886044447490004,0.020089612806275,0.09589381543768301,0.11507053736905001,0.008342246589044,0.074923827937975,0.1396190842009,0.033628328305482,0.11261422774730201,0.032375799228948,0.101566866243347,0.074461180814981,0.09769014524144301,0.099168339919821,0.19003249399556402,0.016719431008502,0.016655486525958,0.046676408920621006,0.008686202956876,0.029245198673489,0.062637588737709,0.009441133173332,0.008273864884433001,0.081908924579202,0.009520578691483001,0.001214784318628,1.0,0.029359601574930002,0.023996613303554,0.012001903543386,0.113307981369515,0.08401393034414201,0.0026406579688920003,0.085577294054041,0.37015620022330004,0.210472645122695,0.07298589774231601,0.1092146837556,0.09081419888521801,0.086132188827583,0.277744104269242,0.013013336369658,0.074270339622693,0.035954434506094,0.051430703878454005,0.021713811570827003,0.1758265480949,0.030387941298035,0.009207951543973001,0.199650058268758,0.011114252363529,0.10723966490261701,0.035709980517715005,0.10447123877945401,0.037914048599591,0.8633854708059671
544,0.007786005452648001,0.302286530745073,0.187340398291716,0.000277605535605,0.29923514850187805,0.075388455393674,0.008252158112806001,0.161558125817541,0.005843811015311001,0.008827322639813001,0.0026940162929910004,0.20182101041320902,0.022850012697383,0.08791632508588401,0.042624363627777,0.018062826919428003,0.11808306911440002,0.073114725806821,0.0016388241056370001,0.002842302922501,0.015087461734171002,0.0007064840976060001,0.05746483003521,0.008491521018651001,0.01428612958162,0.002470622872251,0.18122210908827702,0.013165584104666,0.08926472093898301,0.153713025763092,0.12111994303935202,0.07279814331098901,0.00879004280979,0.001663136613089,0.058916431966775006,0.209282927451543,0.004776249667436,0.058146836054219005,0.0028336904048780003,0.10834653559474101,0.138383180607238,0.006058579717701001,0.24264180711968003,0.004416953555343,0.096685667377485,0.24741549179493202,0.22447049325975502,0.43509085212902004,0.062635634983978,0.004257219965909,0.149668373334256,0.24013933537544002,0.039592104726548005,0.27834130090361203,0.703545162773286,0.166238028736219,0.047000998976387,0.012232206596026002,0.588398887173269,0.054836121217679,0.029359601574930002,1.0,0.0021670877403440003,0.002547843636433,0.004285247786421,0.019626108024176,0.000367962676231,0.004105822164795,0.002678617141025,0.17857918379721502,0.070422667181867,0.40376588099307004,0.070370550963362,0.26819657067474,0.155790203225096,0.125601068676497,0.35341130216085004,0.035391514349393,0.041266023499681004,0.110145592410123,0.093147453767928,0.012874192995985,0.050790500429806006,0.154401181515765,0.012449546848369,0.035274064591504,0.010403111926103001,0.049278002466392,0.372090456272461,0.030660011926340002
612,0.028035650604089003,0.003973698147198001,0.047636033227773,0.005518726774097001,0.007210442916725001,0.002775522384823,0.14912531455235,0.012577976214591,0.002281548818433,0.021863815394822003,0.056294948590407005,0.033277102710568,0.016243073463096003,0.0026806438313850003,0.010708321685597,0.003937646522495,0.013962172968041002,0.009007970037023002,0.052418488680203004,0.019017711166197,0.357882713285878,0.002705724343778,0.030675722997757,0.665609593966489,0.133586009599304,0.019803423159747,0.011545193533581001,0.010496853356857001,0.019483684651308,0.0033293613220000003,0.027571981070001004,0.038066896135230004,0.194160964113746,0.018689756011208,0.015357647593154002,0.006072633799195,0.07682374939877301,0.0016171012746530001,0.011631486060115001,0.013983201515922,0.07410635868024501,0.016494279466734003,0.094348211126849,0.057889552785176004,0.021382928915090003,0.010525725905838001,0.069218693462609,0.07772477833140001,0.058450571847686005,0.23045393767309003,0.001213345812921,0.0019480515858220002,0.000948745217969,0.005161889025147,0.0010950570285430002,0.002160741901489,0.0013405184323950002,0.007308363965084001,0.00022001066653900002,0.005096054078136,0.023996613303554,0.0021670877403440003,1.0,0.008815544802209,0.21560134266250303,0.013379505971781001,0.01552455231482,0.47294700198402206,0.010169633823157,0.007229017773254001,0.013348370725302,0.01302653172799,0.013475863463977,0.012059744532129001,0.0012860953035890002,0.0012270959964220001,0.0022616994599070003,0.004696142204554,0.021095122922937002,0.002194273852803,0.005734478838367,0.021421296623608,0.046437741661305,0.0038337415378550004,0.009446715268151001,0.133803122884657,0.015836855080517,0.006250867176756001,0.005180929578793,0.026004123233186002
613,0.00876226304297,0.004738268380173,0.029482135946442,4.831176976877531e-05,0.009893610478242,0.000109678689354,0.002371380917104,0.020852725730429,0.10177569890841301,0.034884650154398004,0.015140997784244001,0.061767499215754,0.11119045158440101,0.0008422140858490001,0.0014247850954560001,0.017886164518325,0.23378842359878801,0.8060399053613131,0.24653669992172902,0.259314674261441,0.010839912273948002,0.001248626570746,0.012712985420629002,0.00042488869662900004,0.005023162375876001,0.049789940440139006,0.001718716033867,0.0014508023387270002,0.004440907458430001,0.0015961537299670002,0.004698848066178,0.21612060638374303,0.022751225256182003,0.000676578214316,0.005745185387671,0.004726344534191,0.07492627740289301,0.001482781808104,0.0012018608847560001,0.0035646272125970002,0.043106087255337,0.05082919548991,0.018078649634595,0.002350222155898,0.015329754421811002,0.026334061560655,0.132429821060761,0.036090293425706,0.587425656836378,0.06724692543539,0.003982819733822,0.016136038396852,0.00107390279905,0.001332608587269,5.850702092027858e-05,0.000991915975234,4.211121992520395e-05,0.0017145741550890002,0.013564423422308002,0.00046354043923300004,0.012001903543386,0.002547843636433,0.008815544802209,1.0,0.023891667942210003,0.032946991705106,0.28904466511293003,0.002744570307344,0.029693048863993002,0.012562742027791,0.017897241997028003,0.019071536261254,0.011030852229760002,0.004581083451982,0.004367157847086,0.001379744656997,0.015008431719865002,0.002610196727396,0.00497459458041,0.011612944498318001,0.0009083155794900001,0.102164088740035,0.00774417398619,0.013517651946972001,0.0017587219896430001,0.059379194172785005,0.0023571180857920003,0.007348333731948001,0.005745474578147,0.030170939804419
614,0.06346255342783501,0.006840675825667,0.09976221311719201,0.012257392597132,0.012109548273089,0.0034529114018310002,0.529884433407676,0.020147042833744,0.005012814974707,0.01099499325164,0.9104717032214601,0.10927092400948701,0.021971183440496003,0.004111134784785001,0.012580822662958001,0.0077943548154070005,0.022057430677217,0.11158602501292701,0.31566687822690104,0.35336236869353604,0.063658041306883,0.00432690232056,0.057804519076671,0.0028609000256050003,0.22091018431657003,0.015100936354017,0.015104412532242002,0.012425112627151002,0.014802077015129,0.0026558996216810003,0.025282683838981003,0.23663074689271402,0.378426340043779,0.026911626877288004,0.005747749804636,0.004056026134891,0.017700453580296,0.0008249870693680001,0.018212202996781002,0.029538394356605,0.06320000952400301,0.013325359857667002,0.11282721457321301,0.089425761483683,0.05370257450992601,0.025584252158509003,0.121048639141571,0.09281058369540901,0.105950764837533,0.028031084727705,0.0032479164714480004,0.004132056712003,0.0019178262366850002,0.005916455104098,0.002896726549829,0.006507651291363,0.005053563064629001,0.012491882506762001,0.003481620105161,0.00041937526678300003,0.113307981369515,0.004285247786421,0.21560134266250303,0.023891667942210003,1.0,0.009482321742002,0.072347056944219,0.18763947541897902,0.024220886823943,0.009308020216999,0.030104118673456002,0.018130754667817002,0.025151906367814003,0.015981143556412,0.004436811855152,0.001236600900667,0.004811221211473001,0.042890399875069006,0.034455190228898,0.0037709823431830002,0.011267030938360002,0.007936727924477001,0.043318872733034,0.007326757156546001,0.0052942021615130005,0.10961294490461101,0.0031591207138,0.009249730237357002,0.008104668843906001,0.08027044547571201
621,0.04803125076373,0.014661830766496001,0.123635680707042,0.0017737611906130002,0.07091820967517401,0.09361999065934601,0.020385056897119003,0.21148583293835602,0.041707330460446,0.48942062757088806,0.005555195614351,0.25100686334231004,0.055749750423176,0.12081388253468801,0.08937322650825101,0.08743896074563201,0.032011671894268005,0.076508107623102,0.017497498363511003,0.0007341870582650001,0.022519097310733,0.002549230092492,0.063288036678038,0.004302212311898,0.039479950398355,0.231110144127316,0.015512503635892001,0.13172678114066602,0.033655934189571,0.007627233488712,0.09170229842184001,0.038611511848564005,0.038859611851439005,0.018169145533929003,0.07639675266884101,0.034516524477927,0.248061037361746,0.49410683390910404,0.003693273044756,0.11154361193916601,0.155344980290808,0.119547769117559,0.178106146088191,0.020719625444935,0.245798626675287,0.16259253473568702,0.20604660623508403,0.17632204137547403,0.09474176030328,0.027643834053830002,0.015330400934022001,0.029987049075579003,0.081976848503906,0.027440748731465,0.037128705023428,0.005077169275209,0.001382861622515,0.025144325853465002,0.00442716978219,0.000937995176032,0.08401393034414201,0.019626108024176,0.013379505971781001,0.032946991705106,0.009482321742002,1.0,0.005589127100995001,0.015946561186683,0.061838029178625006,0.079593023995271,0.073837960369508,0.019365150926830003,0.19500397075192302,0.18043832442455202,0.013305645535462,0.013497290085382,0.008286483295230001,0.011727621881748002,0.058852685677871004,0.021825614553797,0.36090859958825,0.040107471331135,0.004775780151625,0.024304289487920003,0.018403239696521002,0.041072883947397006,0.047493540878567005,0.036315529359239006,0.08965482985904201,0.171520621069069
622,0.0065307567817160005,0.00177433529701,0.018774942888205002,2.1309871177907403e-05,0.026730028039587003,0.0,0.000702286284559,0.039099002977693004,0.043754573788779005,0.0071117893964980005,0.04601571607028,0.10725491862504101,0.012584427165718,0.000714035726576,0.0020189185169690003,4.6921237664486724e-05,0.028619292138354003,0.011722036430001002,0.049834820416363,0.0008516422888060001,0.011002798610317001,0.00018491282805500002,0.026179004105397002,2.7881787524048872e-05,0.000124247114745,0.00018472524095500002,0.0015747580751450001,0.004227823528349,0.0019469998938200003,0.00046706565117900006,0.006790602528112001,0.7177366892143471,0.060033173140681004,0.000496701953682,0.014487417456836,0.0016274475147970001,0.034921556335449,0.00039206836478200004,0.000126560027979,0.002370921093263,0.015187334621633,6.497432030920997e-05,0.004205930369479,0.00033126793971100004,0.008266626982384001,0.0013342804700140001,0.012372134412288,0.025539641595662,0.056915436577428,0.001234336890637,0.00021130609909800001,0.002268505981785,0.002008790338865,0.0014588346954060001,0.00026336950764000003,0.00011217805460700002,6.670927227587643e-05,0.000755073112851,4.659154001840654e-05,0.000252560653783,0.0026406579688920003,0.000367962676231,0.01552455231482,0.28904466511293003,0.072347056944219,0.005589127100995001,0.9999999999999991,0.00048608678846600006,0.076355283715115,0.022276389991768,0.013083355506313002,0.051567471615099,0.019472858675531002,0.001160300653698,0.004027351556818,0.0014663226372790001,0.0006541576596350001,0.000324956951733,0.007391090216692001,0.0018273193185820002,0.0014002603783790002,6.0821436597014705e-05,0.016075074950710002,0.004203918732715001,0.004275446609504001,0.09940317383918701,0.000444718968109,0.0061396728245200006,0.012584881689326002,0.022397827326752003
623,0.040781775723421,0.009071358466031,0.041625344854218004,0.006789283588608,0.01340262687449,0.0035918929606940002,0.037160086028852006,0.00842207504774,0.00042790345281500005,0.111951926398623,0.082169881738183,0.06093896579662401,0.006753257908116,0.004809466586488001,0.009324027879309001,0.015483079906598002,0.007010114666063,0.0076696661699240005,0.018294591208025002,0.022076264762175002,0.054022114574086004,0.008668855264218001,0.034590247436206,0.00765358254712,0.17841460128095601,0.012137972115294,0.018872959769755,0.008525352182477,0.007488614342932001,0.010522472587474001,0.012148356883914002,0.022161315711494,0.13512036528082702,0.036862832602447,0.008965029258307,0.006551493694326001,0.019631650228852,0.0009035732720750001,0.012950961186815001,0.020739220606618,0.138347786002698,0.058083822572619,0.06364698608581801,0.08081219566398001,0.025120098231074,0.008399798630135001,0.073256686177529,0.14267908721838202,0.12465124697755,0.165339569471484,0.001221116933584,0.002588896424278,0.0012732486433070002,0.011729986825611001,0.00146285292291,0.013074514252775001,0.006939687917737001,0.056625179922214004,5.550579031197595e-05,0.00013799323432500001,0.085577294054041,0.004105822164795,0.47294700198402206,0.002744570307344,0.18763947541897902,0.015946561186683,0.00048608678846600006,0.9999999999999991,0.173516734535855,0.010649276576114001,0.045845317633306,0.002305486732449,0.018347244266952,0.013143054861192001,0.005200518243899,0.001177758169076,0.0065630392114900005,0.018740710562719,0.007400156200337,0.014956684480712001,0.0009045590010110001,0.045949297032366006,0.10278769743839401,0.011540841177224,0.001326468944755,0.328134129706917,0.053813450203797006,0.001372555780561,0.0060679836385060006,0.084646131436426
624,0.018275744611231,0.008009940736064,0.14232634194770902,0.000322390713641,0.008897897720516001,0.0008419407431050001,0.13180940591964102,0.016501165843535,0.004727591981399,0.5813928027303,0.017140069696348,0.173319271951959,0.0494901506236,0.0038657574132080004,0.006129977242103001,0.160883969963133,0.004722837975119,0.012454069962684,0.026247407510727003,0.020710477592172,0.015033732273679,0.004483245663063001,0.02950812591241,0.014400623607556002,0.12431699484498301,0.037538340714427,0.038703640056864004,0.010877777874930002,0.031260502859425006,0.008215308024863,0.014441806176602002,0.11534489557091701,0.08009519869451101,0.0298068037915,0.014215798018099001,0.009368580825854001,0.041365568863430006,0.002843157721568,0.001974837774629,0.027945790723108002,0.07085033298908301,0.030041097775378,0.068723669700297,0.039397424730217005,0.042045970029971,0.030189389574233002,0.280698413871112,0.10716443680670101,0.28761532999752204,0.069307202603201,0.000413870354982,0.004737048654675001,0.0011994623654550001,0.009719713598163001,0.038335988637946,0.035636137629346004,0.014061517048138001,0.20659197520184103,4.0348890880907226e-05,3.1161978114924154e-05,0.37015620022330004,0.002678617141025,0.010169633823157,0.029693048863993002,0.024220886823943,0.061838029178625006,0.076355283715115,0.173516734535855,0.9999999999999991,0.021686205516501002,0.037677471487896005,0.006414527287209,0.055301349725823006,0.033336845184006,0.011064633301574001,0.029693787959300003,0.030424301839919003,0.229097287946833,0.029729426300343004,0.006343792485078,0.001592563148979,0.021671307230042,0.014370945443476,0.034348191555339004,0.001349361793747,0.43623556574506905,0.034352525470417006,0.0053443777471090005,0.02267731925745,0.361475603680915
711,0.021478049341781002,0.10814808049756301,0.177494871745339,0.045285608178442,0.15168700211980202,0.0006070242169620001,0.037127387302454004,0.7469826394697031,0.005968008777787,0.136120210654247,0.009349744708331,0.306172172232935,0.015651975982487,0.050722271884682,0.07451667822012001,0.022907123992289002,0.07352295034353401,0.08271688303810501,0.024734487704657002,0.013163015015378001,0.012004008818984,0.009235901014362,0.088224523975617,0.009362821380651,0.026580248027261003,0.026209428116181002,0.07946133518927401,0.037125507132737004,0.057149102835996,0.026849771882946002,0.087526095294989,0.12471777364309401,0.037022994911824,0.017043679496595,0.058304824307012004,0.06210326614405701,0.050172420323903004,0.014254252696733001,0.025939759693929,0.096124612008464,0.212506295608821,0.01986219703339,0.13361551574153602,0.01881668085996,0.157927896119251,0.07799941099966501,0.184922431133956,0.192024865031652,0.09815704552250701,0.007417415610591001,0.048653544999397,0.08205091925555501,0.18848279049569702,0.07612949783386201,0.210706830387376,0.061888124072393004,0.014661823422292001,0.020683483364358,0.061004755199025006,0.036916931946132006,0.210472645122695,0.17857918379721502,0.007229017773254001,0.012562742027791,0.009308020216999,0.079593023995271,0.022276389991768,0.010649276576114001,0.021686205516501002,0.9999999999999991,0.340655119998069,0.8259902832140461,0.26773052478444503,0.297263152513339,0.09093416107570301,0.039574749646393,0.101499164752525,0.012241265359669,0.09125554906275701,0.07296612012797801,0.025097999620129003,0.008676932677606001,0.023624424236400002,0.11132212575946401,0.060144121912096005,0.055379194597901006,0.026672996057773003,0.916321797166416,0.144437032028631,0.171803713225981
712,0.12307101821489701,0.23514827299485203,0.44558303431425306,0.286128421428543,0.25763611869103503,0.002012165390857,0.041024191105722,0.41095249432301906,0.034326390260928,0.083935672659025,0.044813914716637,0.5776732837117541,0.068801870483292,0.09165907365725501,0.195844152308459,0.120386683236468,0.18371116209830302,0.018548868985867002,0.025863454346386,0.008423947344445001,0.031444750642837,0.023876329417951002,0.273716854264106,0.046090864683920006,0.13548638583451902,0.052531133739069,0.141316418208874,0.13918449304681002,0.130193324759516,0.087999454707681,0.17983190259549803,0.049719394418541,0.24312249000072803,0.031733761285355,0.10870770309112501,0.19732028859364903,0.06491406233956401,0.010283131371386001,0.125627712554125,0.353103580623765,0.5364291583752221,0.092237071692655,0.20699759583808203,0.12360808670216501,0.23250766294351602,0.209639831903721,0.46273034353670006,0.24605968342282203,0.19218453266388402,0.034695576252601,0.061503080746718,0.20915554489940402,0.08513874320455801,0.11893764049153802,0.041696285696467,0.060522633151564004,0.018629692130603,0.12289056335830802,0.13427982102789002,0.133972974319887,0.07298589774231601,0.070422667181867,0.013348370725302,0.017897241997028003,0.030104118673456002,0.073837960369508,0.013083355506313002,0.045845317633306,0.037677471487896005,0.340655119998069,1.0,0.23520152002699102,0.509072119242042,0.341935977233557,0.10073181878314201,0.042328047850883004,0.19639440696836902,0.05514892343416301,0.1784943474665,0.24434562542676402,0.06261309790380801,0.046654410506990006,0.19462934762693002,0.16145886184615402,0.024917751390627,0.11167399511290702,0.04277848758822601,0.24048281470168703,0.17857254040030401,0.087731956302437
713,0.009208022491659001,0.09190418103422,0.15479794914901002,0.019240886178765,0.134182311716532,0.0,0.026635868957584,0.586410063123299,0.0028448802006390004,0.050095133499796,0.007037597124851001,0.181922378043435,0.0037400338995270004,0.014630203536928002,0.041335032806249006,0.000922823397471,0.056722946719795005,0.108129840819718,0.018156691900709003,0.000978632805802,0.003354292055993,0.000520910381192,0.032468998093363004,0.002669006634061,0.011180638364362,3.63521707971135e-05,0.14299786440142,0.004380344907466,0.060932261060443006,0.0054890100634910005,0.041592000844554,0.118069596037777,0.022488942084148002,0.0060584213732070005,0.006478300349595001,0.008730076399785,0.07406188463582901,0.0014197543531120002,0.012537003900427002,0.052098118974359,0.123281550970254,0.011266949614083002,0.204308152306118,0.0055621345842740005,0.071156999761253,0.07857659642592901,0.185886229926034,0.24309572973052102,0.055091836806781,0.003672720982029,0.18629308128156402,0.138009103149661,0.08628969308002901,0.086367798055138,0.525099925491189,0.007224457257478001,0.003250451451441,0.006389039726819001,0.111534466376282,0.0028871638441310002,0.1092146837556,0.40376588099307004,0.01302653172799,0.019071536261254,0.018130754667817002,0.019365150926830003,0.051567471615099,0.002305486732449,0.006414527287209,0.8259902832140461,0.23520152002699102,1.0,0.173542205849489,0.320762972215804,0.086385877992908,0.020366223109527,0.054275456379862,0.007142164385292001,0.07426109246784801,0.097663549198837,0.015435161025373002,0.0026734771736390004,0.010780545650643,0.086705508223374,0.032237922830497,0.029686448184029,0.006656707269999,0.7437935543987451,0.18633169895929103,0.077799944945434
721,0.105129120672483,0.15614119903429602,0.488132487046642,0.3342631097457,0.18810045663299102,0.031807271510434006,0.08881050202184,0.294800440225142,0.004692718718156,0.175607358221218,0.028434648167319002,0.372607692335545,0.08902181983139301,0.158462863712951,0.268150532296689,0.24726838481200203,0.190283668473044,0.03419365354086,0.069008051994524,0.03109230907309,0.027021695005801,0.048909707324377,0.442353869419825,0.026240674535821,0.031143063476407003,0.055215353040398006,0.35156776237354503,0.154119190761938,0.20246980813397203,0.09358265458188901,0.281398601111646,0.06443970458402801,0.10810155567724801,0.10059404148624201,0.09901548052966701,0.09160617315342001,0.033498568503228,0.032054166686152005,0.166220162958818,0.39985350161546,0.5218369030116671,0.103751524834225,0.305859594458123,0.15181695910606902,0.300667818267463,0.22199015334121303,0.456709855190063,0.29996969864974804,0.229789523548023,0.005979389220522001,0.063093198310602,0.134289814830473,0.08330934703485601,0.225915212218383,0.11950782330315801,0.08129978734008901,0.025224746129771002,0.185306831482207,0.024161689220451,0.08070961156542,0.09081419888521801,0.070370550963362,0.013475863463977,0.011030852229760002,0.025151906367814003,0.19500397075192302,0.019472858675531002,0.018347244266952,0.055301349725823006,0.26773052478444503,0.509072119242042,0.173542205849489,0.9999999999999991,0.622664409656794,0.09741745424900801,0.093144518646201,0.12246359311464601,0.34844648710721904,0.212464624842491,0.17407376326275,0.1279930465954,0.005838943759611,0.14149838620086402,0.18490795216556402,0.075282881324229,0.083521421248408,0.051952212885772,0.141773996778208,0.141329667924341,0.096009912342393
722,0.102466927371386,0.19549800855333402,0.487739630563484,0.41584659574460403,0.176706693745829,0.02812452144596,0.074445994933725,0.34083095737427604,0.008487422230413,0.17964644410532302,0.014154028153291,0.520462579528803,0.020809439149476,0.18276258824864802,0.330787543505873,0.055241380710877,0.10985201083692901,0.05159510468171501,0.037185920247025,0.009017954819321,0.018667123402243,0.030044332229637004,0.34032706404425,0.026583759316789003,0.015083014186671,0.004122157001688,0.2562545865859,0.299306644517769,0.186898492209628,0.147195377925874,0.284867437109668,0.029240811392231003,0.077911093144401,0.12405784558196001,0.08406704206575101,0.09699693585196101,0.016427238630782,0.009536033104932,0.13604656829317402,0.378510748215924,0.422531443026041,0.020957663984824,0.311178709476557,0.119703291016598,0.41389972666477903,0.13249666054741102,0.39313369317788904,0.366981092330923,0.18974937653468701,0.008399688544954001,0.20564910643164502,0.272854230380266,0.228853050902027,0.230074574812409,0.41002605744205906,0.045091067321249005,0.02431885450107,0.08769537799582701,0.074194303541952,0.017442737814096002,0.086132188827583,0.26819657067474,0.012059744532129001,0.004581083451982,0.015981143556412,0.18043832442455202,0.001160300653698,0.013143054861192001,0.033336845184006,0.297263152513339,0.341935977233557,0.320762972215804,0.622664409656794,1.0,0.133807121076106,0.058241085859569004,0.17105491504432202,0.031433318847635006,0.13764438438592802,0.08565243326657401,0.06446939850479401,0.0035141704226210003,0.046435039165035004,0.137484462185638,0.067516696664735,0.09498658118372601,0.037323423460717,0.088523325463832,0.12891216997882302,0.127777584939884
811,0.033328213313564004,0.6043419658564181,0.345616512078777,0.0029261342365920003,0.297530990304646,0.012941914316657002,0.072856241131543,0.14169003196597002,0.019955960677318002,0.006824167029587,0.001292703890125,0.185311882985315,0.189184545815192,0.358589068061315,0.104052044895653,0.11764627794259801,0.22224130905448902,0.0047000758404420005,0.001895637115044,0.006925853300637001,0.012015725495821,0.00034805414171200003,0.17197216731366202,0.014364051246256001,2.489174098167716e-06,4.374050979647936e-05,0.300527768559466,0.0036212892369400004,0.49519781497763204,0.215956117517512,0.105742736680403,0.07735041266065601,0.017929865615671,0.018202666500787,0.0061134859362390005,0.10916409324456801,0.0052197621708420005,0.0036979088430660004,0.003235565100516,0.142422256022185,0.38185397744645205,0.021849455278999,0.182916749694183,0.0025162209284540003,0.154802773103889,0.151832672762013,0.18600186021456003,0.240128965149797,0.07063843228615001,0.011201652062371,0.355345306743847,0.46952919615355404,0.089523323815115,0.185170508418132,0.12792277468683702,0.10301174188329401,0.017471405016862,0.082871147205458,0.12905105343095702,0.080423533983591,0.277744104269242,0.155790203225096,0.0012860953035890002,0.004367157847086,0.004436811855152,0.013305645535462,0.004027351556818,0.005200518243899,0.011064633301574001,0.09093416107570301,0.10073181878314201,0.086385877992908,0.09741745424900801,0.133807121076106,1.0,0.165407450733285,0.42738681828915903,0.044574271934551005,0.07294489784593801,0.21086403603178502,0.014330530810636,0.027509315827173003,0.031541813219709,0.5671439139116711,0.00826508448733,0.060090342445719,0.035654184558502,0.044462567698468,0.18555268505299602,0.050601901053873
812,0.02377613683413,0.306942788257056,0.158932198747073,0.001829486108148,0.08225982526851401,0.00289955864,0.028570105629169004,0.08302775060459301,0.008308382512707001,0.000781545103877,0.000617857324324,0.10569904625884101,0.13838336507809001,0.23269285551802302,0.39285712282102503,0.139481187114849,0.050141739696479004,0.0041331716633370005,0.0019283476694370002,0.0015832387940110002,0.0034745178889390004,0.005653381154055,0.11077215591106301,0.095342635940975,0.005329106115418001,3.833912426057114e-05,0.12129165472417601,0.015345630529165,0.21763581883944402,0.138102387601471,0.054677604873079,0.032081770996656,0.001663822493289,0.004795688807136001,0.004945850275061001,0.07541198466014301,0.00160531783826,0.017056766389505002,0.012226051993456001,0.074499777010022,0.138611012685074,0.046860895936944,0.10817951194635901,0.019932612844640003,0.097748355110697,0.06962760506934401,0.172864438344758,0.122767746206782,0.049980736052506004,0.00198803167713,0.19814854455083403,0.16192369795706502,0.05455467674508101,0.11969979381932101,0.063396442593334,0.126893757046414,0.020643830097405003,0.14090860075778502,0.070968884049561,0.10433838350730601,0.013013336369658,0.125601068676497,0.0012270959964220001,0.001379744656997,0.001236600900667,0.013497290085382,0.0014663226372790001,0.001177758169076,0.029693787959300003,0.039574749646393,0.042328047850883004,0.020366223109527,0.093144518646201,0.058241085859569004,0.165407450733285,1.0,0.278372361501926,0.11990977959274801,0.07791679476220001,0.384212360382569,0.015112795094015,0.0035728702074540003,0.062575621836943,0.204464097293303,0.008076563409175001,0.044872936008501,0.008273319324507,0.006283740634948001,0.097272825232407,0.034801770343328
813,0.08700336786113501,0.564093572033985,0.38260840609774605,0.013239193563247001,0.24835679949857503,0.017700514228582,0.11630150630676601,0.290692237901499,0.041920352794263004,0.013820195387678001,0.00077189645028,0.296585911500492,0.139994237199302,0.40528474015331606,0.11818778885426501,0.06921002110523701,0.362222910121549,0.011129530063602,0.004373259412195,0.008642584698009001,0.007086577648342001,0.001058670168676,0.16944956450818202,0.06222977743390801,0.004848904031999,0.000283730605805,0.32197118488583204,0.018488718826165002,0.42881384800001704,0.33000777210320503,0.20820508906325802,0.10320743094443001,0.010476514884672002,0.026182499707889002,0.016837600444604,0.227040872425077,0.0026787351220920004,0.0050054914057140005,0.005804563662235001,0.13241509086754702,0.40337379522009403,0.051851801146478006,0.132804170254637,0.015093038570471002,0.151687522961221,0.15020113933631002,0.333710060245953,0.225043129543494,0.144428713522361,0.011728620276788001,0.279936627289186,0.46027185645449603,0.273195077948721,0.23922646982721502,0.20863281809292902,0.135580433164627,0.035605567520025,0.039381584762182,0.5855910342546531,0.078083638595032,0.074270339622693,0.35341130216085004,0.0022616994599070003,0.015008431719865002,0.004811221211473001,0.008286483295230001,0.0006541576596350001,0.0065630392114900005,0.030424301839919003,0.101499164752525,0.19639440696836902,0.054275456379862,0.12246359311464601,0.17105491504432202,0.42738681828915903,0.278372361501926,1.0,0.125648753411804,0.1323128063974,0.35930081035785305,0.027920815102172,0.025176562124068002,0.031527022304049,0.454534100250912,0.022073070323111003,0.107439325449074,0.012801068102386001,0.022480109339876,0.237231190459215,0.048902466355878006
814,0.009300619917471002,0.122781010558291,0.205869534494964,0.012373659969799,0.09873007074662701,0.0014558232233910001,0.16500335239330702,0.013117195111008001,0.0045290967050580005,0.050938027340643004,0.047133766268363006,0.151292391283246,0.07180409444937,0.265128269881898,0.024136702811604002,0.234521491647208,0.06572542893035101,0.002756884551451,0.008090540083227,0.011777585528821001,0.007928522069563,0.006646808045967001,0.261231973864951,0.060595752257362,0.041278948569691006,0.0019109354375910002,0.48419843220183206,0.004878875777858001,0.11540666426126502,0.068490999177371,0.017060113463103002,0.038387726766238,0.024357783130162004,0.010534413676545,0.005056955556092001,0.017903589048388003,0.027945520697959,0.003648813112659,0.007913053190524,0.040929893580108005,0.08841036163556101,0.017899282058322002,0.096596570550196,0.025174487493616,0.045271129289908,0.13098594608984102,0.361986951221897,0.122706023324383,0.059346395292336006,0.010093813484481,0.076298823128605,0.124835848800786,0.046167484939818,0.08773195599279,0.07154421521920501,0.21619087568434703,0.128318063675527,0.231246083299413,0.021468710247684,0.001560461480285,0.035954434506094,0.035391514349393,0.004696142204554,0.002610196727396,0.042890399875069006,0.011727621881748002,0.000324956951733,0.018740710562719,0.229097287946833,0.012241265359669,0.05514892343416301,0.007142164385292001,0.34844648710721904,0.031433318847635006,0.044574271934551005,0.11990977959274801,0.125648753411804,1.0,0.209869751151936,0.222294506987636,0.040466514330317005,0.00809178405192,0.314540601809467,0.041158405329732,0.004493560069339,0.13654883000407,0.033600155322098,0.009200974159185001,0.060274192052304006,0.037365805416456004
821,0.027922480112045,0.12328835517365401,0.151607457141119,0.060874899262909,0.38989141713005304,0.001664886964854,0.030580370467659,0.14430358790765602,0.016478766543573,0.019627869239187003,0.010369024665853,0.192368212072093,0.038093481563315004,0.10634260903463401,0.025432944005652002,0.045175599573142,0.041660556675899005,0.008855604616264001,0.011713441545868002,0.007733221692522001,0.024122329908248002,0.0035050378946660005,0.10420744235253901,0.034542041868027,0.009343921925304,0.000806587374258,0.15140707821586502,0.005658882445956,0.090974006168396,0.097070045585169,0.039410636943791,0.022034987090577003,0.022695457910784003,0.024002350396052002,0.006101224580534001,0.02445757808434,0.007965652141943001,0.019147721495879,0.021180039156894002,0.059303035952077005,0.133353213679225,0.13860854712206502,0.09263955291595001,0.035039082769638005,0.150774363725051,0.125512425212261,0.201666447525877,0.141862040343258,0.051525214113795,0.047748808204989,0.05691791659174,0.09942974953187501,0.138064572232086,0.040962395461388,0.09480117053458101,0.038843460510477004,0.014641619605245002,0.05810247144793,0.039847205618863006,0.0061581778683660006,0.051430703878454005,0.041266023499681004,0.021095122922937002,0.00497459458041,0.034455190228898,0.058852685677871004,0.007391090216692001,0.007400156200337,0.029729426300343004,0.09125554906275701,0.1784943474665,0.07426109246784801,0.212464624842491,0.13764438438592802,0.07294489784593801,0.07791679476220001,0.1323128063974,0.209869751151936,1.0,0.30063468956314704,0.38928055566541603,0.023342917959633003,0.069403477501115,0.10798190580674201,0.28098009645445904,0.13322040408639602,0.021189384517141002,0.052698304968353,0.19715641437120301,0.051745945106215004
822,0.027182131916165003,0.46542897960008905,0.24329267911344402,0.00785036335016,0.26255677477606504,0.0,0.002157683121631,0.166700511973837,0.091682178536515,0.0038838793550290004,0.0063921661420620005,0.31897409481585304,0.10440605808116,0.263178661129554,0.042523137325521,0.152078120440329,0.09968802019801001,0.0038290682772990003,0.005971205489631,0.0027214374214970002,0.010020841870426001,0.008413123028671001,0.184412208945049,0.170735584950532,1.364443897109771e-05,0.000502083843514,0.21634545394691201,0.007628612469257,0.32379834525169104,0.20948140573353802,0.07232129540949901,0.020723745062776,0.007994261472147001,0.019905043671576,0.00531820239178,0.063448849049766,0.008862846032146,0.027566367134324,0.014316577500248001,0.11799925181064201,0.246954386660822,0.42745830946331304,0.15121794580404901,0.037868591041336004,0.18811687222922502,0.162421837058967,0.24549062396429402,0.19892873508849102,0.091537419048085,0.066440973004682,0.31795610694706,0.25742465610013104,0.06485264273722001,0.129246284540348,0.064331411611746,0.21280617273692,0.05921658220972,0.262545916313077,0.042172870985930005,0.068741721321028,0.021713811570827003,0.110145592410123,0.002194273852803,0.011612944498318001,0.0037709823431830002,0.021825614553797,0.0018273193185820002,0.014956684480712001,0.006343792485078,0.07296612012797801,0.24434562542676402,0.097663549198837,0.17407376326275,0.08565243326657401,0.21086403603178502,0.384212360382569,0.35930081035785305,0.222294506987636,0.30063468956314704,1.0,0.087286845295987,0.10653611621219101,0.36310378703843604,0.333938802921738,0.013943162524891,0.26706965167646,0.021288944310804,0.036079474982404006,0.27687455352327,0.06017788301042001
823,0.045548707776673004,0.045415504078115,0.12176916025428301,0.022516714540805,0.257813476287145,0.523350371775232,0.004867937101885001,0.040198306929768,0.000133597747592,0.023753967954988003,0.0009218090876150001,0.068389279698836,0.023262112371627,0.144583028542199,0.048025758401017006,0.009287393368222001,0.012401093438334001,0.06202312225321,0.007170374252996,0.004393028863515,0.0022867851197010004,0.002006146034712,0.070223613690263,0.015211488157144001,0.001150757522495,0.00026364090358000004,0.085604414329443,0.007075312839165001,0.064129944706281,0.047422584906751004,0.063256937010173,0.019796822564353,0.011565051266059001,0.039523106702849004,0.011834918816287001,0.005990141692497001,0.014049545889908002,0.7590597441777841,0.010291365557168001,0.16188120053155902,0.08042683737787401,0.00260081761884,0.196127620344055,0.022677700622391002,0.155113588342523,0.20746558546096203,0.150549049275462,0.05414730622734001,0.081527545187333,0.0012482434415630001,0.100207499431628,0.074765544394226,0.112956350844472,0.039063558618654,0.21614016841232,0.034215588383157004,0.01689971277203,0.084325083481255,0.000175557384628,0.00036914896656800003,0.1758265480949,0.093147453767928,0.005734478838367,0.0009083155794900001,0.011267030938360002,0.36090859958825,0.0014002603783790002,0.0009045590010110001,0.001592563148979,0.025097999620129003,0.06261309790380801,0.015435161025373002,0.1279930465954,0.06446939850479401,0.014330530810636,0.015112795094015,0.027920815102172,0.040466514330317005,0.38928055566541603,0.087286845295987,1.0,0.028083487155509002,0.042675324023535,0.074207199888877,0.109854743344536,0.03461099291742,0.08392835170889701,0.026524836484330003,0.21946812438227803,0.129599631163291
911,0.036007975335604,0.043039740048077,0.060081731496605006,0.00041037280151,0.003387929937962,0.023801593393652003,0.004223907623324001,0.004394997555136,0.945218037384359,0.007772150594659,0.0023907231142160004,0.08753534150622501,0.045521966983771006,0.0031617113941980004,0.001525557761554,0.0049008369612940006,0.002757244403116,0.00034995413502100005,0.0010806581812070001,0.000862386079183,0.006744382710284,0.00018675799574600002,0.018693140520674,0.0009725835118110001,0.000415936273541,0.008025194221688,0.0039102284387340005,0.00038202296379800005,0.020555462878512003,0.0027068172706340003,0.0024151048293660003,0.0019723159583450002,0.0015705764411720002,0.004000141937867001,0.0014626619960150002,0.0034525390437590005,0.010388462404329,0.025350641011770002,0.0005462975251490001,0.007680701384060001,0.014046482097875,0.407972127735642,0.013622445570013,0.004430523457347,0.056745282598872,0.013668765930961,0.066297821195653,0.238097519179497,0.030174153618063002,0.629371723592496,0.034055303666679006,0.17339447278205702,0.0030091113423360003,0.0009289986399020001,0.008901841025011,0.004126264359982,0.000154297179973,0.008725171467848,0.007958568964153001,0.000761178963365,0.030387941298035,0.012874192995985,0.021421296623608,0.102164088740035,0.007936727924477001,0.040107471331135,6.0821436597014705e-05,0.045949297032366006,0.021671307230042,0.008676932677606001,0.046654410506990006,0.0026734771736390004,0.005838943759611,0.0035141704226210003,0.027509315827173003,0.0035728702074540003,0.025176562124068002,0.00809178405192,0.023342917959633003,0.10653611621219101,0.028083487155509002,1.0,0.03115648826845,0.053071927935526,0.00050437057631,0.06925015198227401,0.004914531734821001,0.0030715375542470003,0.009518491675180001,0.013991649184085
912,0.012028037655749,0.25289725984911104,0.184646832291668,0.038518945592345005,0.186793848541035,0.0017473901556090002,0.012117008865036001,0.045576807103749006,0.014868824194310001,0.004158905495279,0.043080791980074,0.266554396531619,0.021208278031509,0.243635566819381,0.054919720179857,0.38104204148206705,0.088412447589834,0.002261455188785,0.006275237029031,0.009223045180624001,0.011873880123804002,0.022875884979986,0.168991387043084,0.14430933384951902,0.001331904471654,0.003686924286377,0.09740031712274501,0.019544930261122,0.13598127486504302,0.10627072188351301,0.10716089698936601,0.015427142903559002,0.025078205918119004,0.008678934381412,0.001917817860522,0.019777405915588003,0.006494524752341001,0.002108505190686,0.032890948794359005,0.10470472159490601,0.13694917415027502,0.16811972260367802,0.18213291766084502,0.087025113479889,0.10236344097682201,0.062766540538959,0.21498519546239803,0.197873790443528,0.08764484322426401,0.038726172246422004,0.07954609600231201,0.12534659144465402,0.023110431021585002,0.24003359310416003,0.055918613310668004,0.500010639762632,0.27781038808318403,0.6937252002692681,0.074009695572068,0.00015590805430300002,0.009207951543973001,0.050790500429806006,0.046437741661305,0.00774417398619,0.043318872733034,0.004775780151625,0.016075074950710002,0.10278769743839401,0.014370945443476,0.023624424236400002,0.19462934762693002,0.010780545650643,0.14149838620086402,0.046435039165035004,0.031541813219709,0.062575621836943,0.031527022304049,0.314540601809467,0.069403477501115,0.36310378703843604,0.042675324023535,0.03115648826845,1.0,0.039694506001603,0.010461126215575,0.09611638853158201,0.015187003495035002,0.006434017332833,0.059464580432215,0.009535756287154001
913,0.040378095025655,0.690590761102689,0.318243659030204,0.0043758509255180005,0.281005495397717,0.001847925272351,0.047787512225692004,0.21937916084786802,0.038094334207851,0.011556818590342001,0.007219205606146001,0.22043153026782603,0.126939495071474,0.279160176932093,0.046732878165925,0.037895959987804005,0.24444022286160802,0.00563939063441,0.012747054441113001,0.006744052211474,0.018225692930944,0.0007598958213530001,0.12516030797474,0.0094012062127,0.00025979136737400003,0.000362788011758,0.24088673961495602,0.004791867876399,0.263282722390561,0.200292444055672,0.09282436025377601,0.071192349559966,0.013942538739463,0.02537521099717,0.011095407421186,0.140469769606751,0.009945665510591001,0.025382553895064,0.006738157682595,0.41399080481841805,0.35835795035086104,0.06958279233594701,0.169838660343157,0.017509706674449,0.5221651888872261,0.142117332984834,0.26293046950918403,0.23380200836977702,0.11625912833777101,0.039634779010762004,0.312633901619071,0.325003989249571,0.055917796597355005,0.169860605729329,0.060308702271637,0.13031411581788102,0.028709893509149,0.11198283978374401,0.214374004843391,0.11493410458834201,0.199650058268758,0.154401181515765,0.0038337415378550004,0.013517651946972001,0.007326757156546001,0.024304289487920003,0.004203918732715001,0.011540841177224,0.034348191555339004,0.11132212575946401,0.16145886184615402,0.086705508223374,0.18490795216556402,0.137484462185638,0.5671439139116711,0.204464097293303,0.454534100250912,0.041158405329732,0.10798190580674201,0.333938802921738,0.074207199888877,0.053071927935526,0.039694506001603,1.0,0.024146543451492003,0.15496407295587702,0.020841979967024003,0.06132805996254301,0.293809845525394,0.043158877126939006
921,0.006045239031872001,0.018252362611577002,0.055384917361657,0.213603754635479,0.17179284601344702,0.00044309238765700005,0.003970609279316,0.025234228737531002,0.00034711444830200005,0.008325716008522001,0.0039564097427370005,0.058504857158217,0.0032260209132810003,0.022526046582905003,0.024097535201191,0.049392449793502005,0.00402800187026,0.007301812465158,0.004128981149983,0.003293652360862,0.005387776426176,0.021310555783066003,0.035767345104326005,0.005556651419158,0.0009022964943580001,0.00039466286505000005,0.006002115121004001,0.070147423591816,0.011178115072591002,0.01201055252856,0.040040047625661004,0.007766776017325,0.010269113672032001,0.017036308032057003,0.026100467476446003,0.018395798964582002,0.008798808110253001,0.026204784957488,0.021613094379095,0.025891892753318,0.047745994100899004,0.0028455695712080002,0.04638566864286801,0.005499870787501001,0.17797348702852903,0.046326820002177006,0.09163293658961101,0.104031362509515,0.034939948849052,0.000665266832892,0.002289711035826,0.006533428020486001,0.004036087136327001,0.010295741896439,0.002119342547112,0.006037188926189,0.002477734552599,0.006811117540323,0.007740863822669,0.01027729433736,0.011114252363529,0.012449546848369,0.009446715268151001,0.0017587219896430001,0.0052942021615130005,0.018403239696521002,0.004275446609504001,0.001326468944755,0.001349361793747,0.060144121912096005,0.024917751390627,0.032237922830497,0.075282881324229,0.067516696664735,0.00826508448733,0.008076563409175001,0.022073070323111003,0.004493560069339,0.28098009645445904,0.013943162524891,0.109854743344536,0.00050437057631,0.010461126215575,0.024146543451492003,1.0,0.004859563667635,0.002870843892925,0.015777798643374003,0.10684121163949,0.004984505039385001
923,0.025807264946208,0.09900770600589501,0.11545802990652901,0.008915358883714001,0.045267019302995,0.024534092707006003,0.10172069495157601,0.087012544692233,0.011137926610339001,0.128742736694997,0.07448388344463501,0.271952370646976,0.043512072616497005,0.060749557833533,0.020130521107096,0.035069812271653004,0.027605145262172,0.02973257994203,0.039727294310747,0.039754898883291,0.050151144018896004,0.01261815470617,0.09397102253757601,0.015914300859884,0.074373495864977,0.028172216317747002,0.093400109422988,0.015450567687682002,0.070459391913468,0.06110332025124301,0.028990587177463,0.105152149336126,0.07224098793410001,0.019789284542234,0.022120648047046002,0.052762441487734006,0.041333094942487006,0.019236633811831,0.015339371686853,0.051202169724589006,0.12474823997244801,0.270322352676933,0.09589489899723001,0.041941861808094005,0.10184432298833901,0.054908240737279006,0.161557353481339,0.148821745680043,0.11777796920262801,0.192173925259426,0.023850786337947003,0.061362396113129006,0.07857981898416,0.032388794627291,0.035100874060407,0.020082496522344003,0.009727817467091001,0.150674239241138,0.05350908431098501,0.00870326820383,0.10723966490261701,0.035274064591504,0.133803122884657,0.059379194172785005,0.10961294490461101,0.041072883947397006,0.09940317383918701,0.328134129706917,0.43623556574506905,0.055379194597901006,0.11167399511290702,0.029686448184029,0.083521421248408,0.09498658118372601,0.060090342445719,0.044872936008501,0.107439325449074,0.13654883000407,0.13322040408639602,0.26706965167646,0.03461099291742,0.06925015198227401,0.09611638853158201,0.15496407295587702,0.004859563667635,1.0,0.023320617205071,0.020455407091791,0.062745691838096,0.115395812342219
924,0.008888691563459,0.027832938181781,0.064825345997451,0.016232505135147002,0.037750681867883,0.05660366758129701,0.027388746972174003,0.017294825250404003,0.0008811827710930001,0.035137509996079,0.0024278375915550003,0.06058343574993501,0.014465532841533001,0.018293581352789003,0.05296925516761,0.037991992167151004,0.008242443236920001,0.002456413852814,0.004749570308128,0.00244144614526,0.044459346959921,0.005525198885171,0.032719651360389006,0.005845930010243,0.016053760122384002,0.023877184075888003,0.019963550804966,0.005754851963012,0.032864524493637005,0.005381621147954,0.048212269215882,0.004745909772169,0.036244271086456004,0.301253045238682,0.024125586324947,0.020308465096993,0.015025496127768,0.048436257874280006,0.106869516253006,0.039044779769059006,0.047839894924601,0.009738478063260001,0.06605967569323601,0.033312703333864005,0.058751751376687006,0.06560701478043701,0.153226315152162,0.038078192659906,0.056191468138683004,0.003014574675304,0.014587610273833,0.017778313535922,0.019371495875942002,0.105781180356074,0.034256211154424,0.009850549775867001,0.001962167298891,0.015745953756499002,0.000112549530543,0.0005439419929120001,0.035709980517715005,0.010403111926103001,0.015836855080517,0.0023571180857920003,0.0031591207138,0.047493540878567005,0.000444718968109,0.053813450203797006,0.034352525470417006,0.026672996057773003,0.04277848758822601,0.006656707269999,0.051952212885772,0.037323423460717,0.035654184558502,0.008273319324507,0.012801068102386001,0.033600155322098,0.021189384517141002,0.021288944310804,0.08392835170889701,0.004914531734821001,0.015187003495035002,0.020841979967024003,0.002870843892925,0.023320617205071,0.9999999999999991,0.014534179526633,0.070544894218315,0.06607619232298101
925,0.0035083831679780003,0.029422362178438,0.082167002878008,0.004124483054134,0.15631202123256602,0.0,0.056846314952148,0.670960427917593,2.330558853106036e-05,0.032571204296560005,0.0072487600101110005,0.15179078265559,0.025754477327009,0.013697651229513,0.016707507037407,0.047555394656542,0.07868573028506301,0.06526220928814,0.012797903787541,0.010763893816602001,0.02034875117692,6.681761120369049e-05,0.026201911580910002,0.0023901839257630003,0.002781058125514,0.12853138935017902,0.041211892658194006,0.020588144914081,0.04472074030596,0.017682256304655003,0.029466046163349004,0.11711849165139301,0.012592719002412002,0.012394617691686,0.066862371956886,0.039091414845859006,0.0030301761956560004,0.006685247499991001,0.007309847052131,0.030447689128491003,0.125562554488748,0.026650829175,0.052739173370979005,0.005907039128951,0.068435228961421,0.089266434003407,0.083631467401673,0.10136186273745601,0.033757338762195,0.003223350554972,0.0054509712909840006,0.024957376936434003,0.006064199102364,0.007887358397499001,0.007216945878784,0.005565634302548,0.004096659666384,0.004748559902173001,0.004108747565224001,0.003592297779793,0.10447123877945401,0.049278002466392,0.006250867176756001,0.007348333731948001,0.009249730237357002,0.036315529359239006,0.0061396728245200006,0.001372555780561,0.0053443777471090005,0.916321797166416,0.24048281470168703,0.7437935543987451,0.141773996778208,0.088523325463832,0.044462567698468,0.006283740634948001,0.022480109339876,0.009200974159185001,0.052698304968353,0.036079474982404006,0.026524836484330003,0.0030715375542470003,0.006434017332833,0.06132805996254301,0.015777798643374003,0.020455407091791,0.014534179526633,0.9999999999999991,0.13249791113472,0.061942176651786
926,0.029046826670466003,0.239724034383815,0.227426443759699,0.023750798949913002,0.7623459160099161,0.018843900371041,0.064986922791053,0.231966830284062,0.009108635919069,0.016761017626048,0.009568789342908,0.22028864043248203,0.047402319996929,0.131353029215451,0.055039232295226004,0.058007171599924,0.16469274522456,0.035684356038805,0.012729498867221,0.009857959817061,0.016958604828882,0.001735607298138,0.077349830991502,0.011350905327327,0.0039058903345780003,0.000212199058106,0.158655643908392,0.022422590811809,0.164042958748905,0.11218539727454802,0.091140677196549,0.06774402327701501,0.015531519391915001,0.06478665006345301,0.011744899172739002,0.092490726917012,0.012579184634787001,0.12044723549988201,0.010799858587947,0.103836796232881,0.237559973594152,0.063176674020764,0.158844430937157,0.025973355320297,0.13124688359227302,0.7820577927326461,0.24110765138489101,0.21300646903995002,0.081831045925548,0.005012412810268,0.133178250594036,0.16218252262159202,0.07867788487089801,0.08198272845471101,0.162657926042338,0.07418680552573301,0.023508139947035003,0.04170385423984101,0.107291346473718,0.10149560619570801,0.037914048599591,0.372090456272461,0.005180929578793,0.005745474578147,0.008104668843906001,0.08965482985904201,0.012584881689326002,0.0060679836385060006,0.02267731925745,0.144437032028631,0.17857254040030401,0.18633169895929103,0.141329667924341,0.12891216997882302,0.18555268505299602,0.097272825232407,0.237231190459215,0.060274192052304006,0.19715641437120301,0.27687455352327,0.21946812438227803,0.009518491675180001,0.059464580432215,0.293809845525394,0.10684121163949,0.062745691838096,0.070544894218315,0.13249791113472,1.0,0.028911047585546003
927,0.017287953974175003,0.046411115639545,0.10312634385886,0.0005440955666000001,0.036293526095379,0.095561105161309,0.045076464107890006,0.10248677200325401,0.005410255368097,0.7562823313050351,0.084041591940834,0.23810923250804203,0.020268576690819003,0.022485975996593,0.029378466684819003,0.051155518679486006,0.025219935838681002,0.011119375398097,0.053614010712666006,0.027366612213661,0.046415056759638,0.005047300331189,0.04889719708813801,0.021302389983841003,0.055487517312033004,0.116373980720867,0.032387873446747005,0.046004155401969005,0.050024320127153,0.018059636261687002,0.023197237179658003,0.09283518471292501,0.06809980994249301,0.025029356443442,0.193698718538863,0.03946091326019,0.26142386807816703,0.08746224203342001,0.004881635842717,0.054271765591017006,0.101652557972165,0.072569934938483,0.085797935556262,0.026543744872483004,0.11901076591407901,0.08088683157137301,0.100993836653814,0.10125351998689501,0.203252669695999,0.014792608998514001,0.013293347004736,0.024764149703519003,0.012950967069076,0.025640098810448,0.034974922208569,0.010135781924284,0.011035409931084001,0.10235886039090901,0.011545081736408001,0.0017923658366770002,0.8633854708059671,0.030660011926340002,0.026004123233186002,0.030170939804419,0.08027044547571201,0.171520621069069,0.022397827326752003,0.084646131436426,0.361475603680915,0.171803713225981,0.087731956302437,0.077799944945434,0.096009912342393,0.127777584939884,0.050601901053873,0.034801770343328,0.048902466355878006,0.037365805416456004,0.051745945106215004,0.06017788301042001,0.129599631163291,0.013991649184085,0.009535756287154001,0.043158877126939006,0.004984505039385001,0.115395812342219,0.06607619232298101,0.061942176651786,0.028911047585546003,1.0
