,111,112,113,115,116,117,118,119,121,122,124,125,211,212,213,214,215,221,222,223,231,241,242,243,244,245,246,247,311,312,313,321,323,331,341,342,344,351,352,353,354,355,356,411,412,413,415,416,421,511,521,522,523,524,525,531,532,533,541,542,543,544,612,613,614,621,622,623,624,711,712,713,721,722,811,812,813,814,821,822,823,911,912,913,921,923,924,925,926,927
111,0.545571530079025,0.16033798797617602,0.13698382614859,0.22397640707211003,0.164181900731931,0.10255801058347401,0.21941717939264802,0.14059338084640202,0.080296071287592,0.129756960120119,0.208342049061005,0.10093915024228901,0.066359465003994,0.07276797503415501,0.072346553373432,0.09822209249578501,0.175201609877827,0.029515355611737,0.035105442481713,0.025068331915703002,0.11833600739770501,0.215765826345438,0.084892990735661,0.102292440975479,0.092548523303788,0.08309808603979901,0.09491017933631,0.125764364604105,0.05120598846070801,0.070590594929756,0.042315819519917,0.027850368219278002,0.11193784832440401,0.077985249895011,0.081275568972103,0.055372991220014,0.089526846547387,0.05940775843897401,0.075145188420611,0.08399923956015601,0.11945481358190001,0.026328076663857003,0.082944290613273,0.06897788191963,0.084953525858885,0.042455225621063006,0.053005502082047004,0.161605821411742,0.045942036747922,0.050035054592364,0.01679592559954,0.031337157695202005,0.024607182225514,0.041702482804395,0.082579299876487,0.051779816960753004,0.03688756838307,0.09990233361902601,0.019694765907481003,0.003589302924395,0.065869873104928,0.038485411779996,0.035276008930823,0.039395233965860005,0.042343690322507004,0.08202061838241001,0.036992771201482005,0.06116613465719101,0.031689693297717,0.044154871388138006,0.078661650806802,0.08889384833496401,0.067308795300951,0.11125545622505001,0.010671092049567002,0.020792372241152,0.035747519694504,0.028725183365974002,0.056989824129961,0.039839511088107,0.05795925326839001,0.018092209914733003,0.016039561634599003,0.005111069027272,0.039747807315372,0.029283104237859,0.058947956508822,0.021512809194292,0.024539908037442004,0.046551853763859
112,0.16033798797617602,0.506469330202245,0.25059043519022,0.127928248646124,0.147033718937947,0.128041122793479,0.13452388812166002,0.09384133205388001,0.136478257542441,0.15827403840515,0.131490440094144,0.21369320141838102,0.15910573888481702,0.217589700641378,0.152736417664277,0.298947839799488,0.14471329505781,0.06586941907789,0.038380151544664,0.031051824653620004,0.14248937077641002,0.033050182262338,0.20971856666237101,0.26499381800231503,0.049224847000259,0.091759533860191,0.227736694894683,0.11655480851026401,0.148538955260603,0.18636576353960102,0.086072461474616,0.036390551884058,0.135682033662181,0.144857715030407,0.126086976906279,0.10884580621075701,0.11309014209914801,0.09800430181813401,0.08186050494918101,0.161278713407452,0.207850376916234,0.12637843639152302,0.150096832632117,0.10973434010250001,0.16057188960922,0.09870128951616701,0.08845191079786101,0.130000943957856,0.087305623846944,0.15067321882950901,0.07099012062821901,0.10819972300428402,0.09834645109659201,0.132051566547587,0.09532250001218501,0.151676521311284,0.07250548890120301,0.114866053560896,0.037490110757642005,0.033511120114761005,0.11778541380095,0.08704335595116,0.019369122586143,0.07323765451396401,0.08191825982245,0.13125097563041202,0.025643968337662002,0.056169385929376,0.036937684379797005,0.06036297483383601,0.13199273642634402,0.06229251129083001,0.124467137786925,0.069883431502652,0.099845832284831,0.122005646705511,0.105101175777667,0.097296383754919,0.112586309941373,0.09060400620120901,0.115889087070196,0.08424312228619,0.024939518350779,0.040597129847985004,0.049306328027436,0.054730625371673,0.14861059062858,0.029233407712213003,0.044665906352640006,0.089967275546802
113,0.13698382614859,0.25059043519022,0.538621780851817,0.10731855810862001,0.123859307370433,0.094166129871995,0.116131787444814,0.08865695473368901,0.119997007773482,0.161638862943285,0.10560252618125801,0.252410513197865,0.201410139928201,0.191030202617014,0.23199908414578801,0.24394057830213403,0.084891182773418,0.182768289872031,0.117564251013703,0.08180844525943001,0.270462147587948,0.040767978034607,0.25166845290266404,0.24586195799748,0.156213958629554,0.131756877612589,0.28370061915446504,0.19162505859158702,0.157339229761219,0.168593261492818,0.12099365902698801,0.11589410481326501,0.23789799636720801,0.205072077824816,0.26221008087560504,0.15694902201434202,0.185358949716686,0.062159543681532,0.08343949825455,0.22411812050649102,0.258682812474751,0.10666432577243701,0.22101037885282201,0.135349826196443,0.209122359772887,0.156421699797121,0.10170364717312301,0.15037389501203702,0.120829280811899,0.126901221819439,0.039863445764713006,0.09643560476877401,0.084337348480781,0.134069469412852,0.07698334949206001,0.11861139613684701,0.06604361585917401,0.06739950479286,0.044424742584814006,0.030195121095451003,0.113492263849138,0.09224406336388001,0.044260349996062,0.106735433389918,0.11516618591872801,0.200102999933183,0.06228282787490601,0.055909430075652,0.029822551393753,0.079612825183765,0.179288668467131,0.067176503772155,0.107641604137477,0.083084493902514,0.043296988428828,0.077741233543066,0.10508753242975301,0.048110766307805,0.098845649754647,0.06520085263886101,0.083747155295434,0.051329896950245,0.017525937760425003,0.029103211983879003,0.04417597896513201,0.028205468554963004,0.115385662269066,0.028514407770540002,0.037094563258607,0.09383886118277
115,0.22397640707211003,0.127928248646124,0.10731855810862001,0.379447759026908,0.15923778180987,0.054798021515067005,0.160494592812875,0.152131391546488,0.080883510845158,0.09882778467910601,0.237985488180829,0.065330794767189,0.044020177088009003,0.049835481294636004,0.047814983127530006,0.07714536298481,0.175225453123646,0.015453730165847002,0.008830948215783,0.005512323565516001,0.07455640857410101,0.065964190035561,0.07033254285656601,0.06938544980213801,0.057394459689064,0.051526870772728,0.07357182545893201,0.08112359980619001,0.041468119395231005,0.044856962209520006,0.037862924914464004,0.010473847760136,0.08274109322565501,0.064865377678681,0.040320221222501,0.032771511572443006,0.056191969347829,0.035155540592181005,0.05954050287304401,0.06806648509990501,0.081756432434071,0.012450571099139001,0.05774948888706,0.07463505709055501,0.06868405131082801,0.041390780845867,0.032524840473457,0.136005267655953,0.030890092501551003,0.051338736335162005,0.014426985669439,0.020233142704236002,0.022722798190206003,0.034759477755177,0.04383903162694,0.045356525292574,0.03688756838307,0.06593828608316,0.009596400179807,0.003589302924395,0.05545569273588501,0.028756258396951003,0.029822430711053,0.030693982536427,0.021762940408312,0.049907437131772,0.029213886495785,0.045464755023864004,0.038216865839425004,0.034151509362496,0.061329930942092006,0.103771860264964,0.039055332011319006,0.09971451502146501,0.008489173692895001,0.019213078954418,0.024550397246230003,0.026422047322821003,0.027109266450064003,0.025717966519088004,0.032012013613627,0.024868744810935,0.012434653045315,0.002839482792929,0.027574088230131,0.026731938159289002,0.057420414662012004,0.023971415959354002,0.013424773220483001,0.029838375794913004
116,0.164181900731931,0.147033718937947,0.123859307370433,0.15923778180987,0.399716681387615,0.08504132718693701,0.14379547541398002,0.13093109346113102,0.124539521275525,0.122919989995,0.17509518109660702,0.102522860950813,0.065933960023368,0.089280164600034,0.07919822696386601,0.092883978337953,0.125331455150338,0.037067166462715004,0.037024413566186,0.031154232949524,0.08345679784107701,0.034355528560453,0.08922710716382601,0.08782562099580901,0.035876568356318,0.07628712995203,0.095397887146471,0.09320786340061,0.067970249968344,0.06728602081503,0.088437432171533,0.030194915266786002,0.080215110250462,0.07573376595335901,0.05292942541001901,0.056203791828650006,0.056129665054302,0.045820376298616,0.08615630138545301,0.09563560649631801,0.115616176838347,0.050863604465399004,0.071969227163811,0.08120059729597401,0.077520780476606,0.06296169494012001,0.038089964487607,0.12713487779566301,0.038570097206663004,0.072527875006726,0.026688512971636002,0.031132553741902002,0.027148720247563003,0.044357865056118,0.053796691786612005,0.05648193934285801,0.050316401544877,0.086319087842469,0.027645566190467003,0.039579672729655006,0.07490886940926901,0.039295384556039,0.02474675125826,0.048460334705059005,0.046164817705403004,0.048213430084983,0.033085683045861,0.05704481175653701,0.046205994404844006,0.062830699768014,0.06391683614723201,0.08262406186838801,0.0650241417859,0.11412410037951601,0.037959777921468006,0.04733493743299701,0.035655969164636,0.037108288328405,0.025563534997197,0.025638214351733003,0.04826965723154,0.058446769890184005,0.010889692221336001,0.024194901276083,0.034495615542355,0.026773044774204002,0.063978407585873,0.040661442063362,0.043900039972046,0.046750288764823004
117,0.10255801058347401,0.128041122793479,0.094166129871995,0.054798021515067005,0.08504132718693701,0.62659403630135,0.109449894261884,0.059471836389401005,0.11677351760733001,0.132375291210133,0.07617763187201501,0.11569701811493201,0.111620544885121,0.079355584979138,0.069053872872937,0.117896998927718,0.077453097224389,0.10511137815190501,0.094419011362689,0.055400278470337,0.10873185364021701,0.12506872448112902,0.16005558376925402,0.09560683385106601,0.129770748869421,0.051421775785161,0.128428593331459,0.091422704206725,0.14050604615932902,0.233453472610875,0.056985023452293004,0.066292384295017,0.17608606014435702,0.354675869604538,0.08199809136123101,0.05880616360165301,0.10298853091000001,0.099171791035426,0.27570435136985,0.10882891766988101,0.09236004820658901,0.12529341681435802,0.15782318009639001,0.159366706922578,0.12191938932154901,0.08658902080592601,0.09835822293955,0.080465275197762,0.109638376161219,0.14495359705632901,0.072568764026363,0.057928122265664,0.054998975230546004,0.068407773792931,0.091605037018033,0.071336973030548,0.032598982825980005,0.056264789516674005,0.013448535647106002,0.022921928794153,0.07090009487606301,0.044297576980738,0.057482055186363006,0.100868329307746,0.09565154956388101,0.143075634215307,0.020432789583303003,0.054920605680916,0.031804891099236,0.037324344362762,0.09272401092406701,0.025248599015061,0.10428778581860301,0.045753512454951004,0.045176335046651,0.047581777745762006,0.063193266092259,0.046815064430608004,0.08524290989867801,0.074477895471747,0.12298911532891901,0.078336718670564,0.028680523673882,0.036665406158864,0.04685041860684001,0.05466527189540601,0.267512302328665,0.015743446204391002,0.03714072950028,0.09402058324816301
118,0.21941717939264802,0.13452388812166002,0.116131787444814,0.160494592812875,0.14379547541398002,0.109449894261884,0.39010878143665,0.141696570709265,0.05505038770218901,0.12346701869622201,0.24120857390049502,0.093383134928489,0.06178995579349,0.049672890377305004,0.076512097841112,0.09270811302479301,0.16427120544186102,0.028071197369314002,0.035870738268362005,0.026278047205362,0.098801669764337,0.035030749322792,0.090249152057034,0.066099112588618,0.056941543517387005,0.080959971671098,0.08640103844423601,0.14439832132646502,0.038770883103260004,0.059431438405788004,0.076645932197201,0.025785130523633,0.07506452148453101,0.08319029092162801,0.07460378762986801,0.068713247988716,0.073875836987377,0.048533816982,0.061974436177769,0.08427901224796401,0.111196964929893,0.020156075583394002,0.06903554991944001,0.085408384938762,0.081564806866307,0.044692396240968005,0.058599084421768005,0.155225829510296,0.05782585061124901,0.037082447255649,0.012444329394146001,0.019843502242761,0.021651691528544,0.031015605650872004,0.045328678207530004,0.036536301138925004,0.017290377315395,0.040388992758701,0.013258156030781001,0.006959745914376001,0.058376494295782004,0.017277974201062002,0.044924537730919006,0.048743752146495005,0.046890479888471004,0.082134784259379,0.04689376504138101,0.066633384786129,0.052295346637525005,0.04597305949494301,0.071286191637127,0.08569383406759501,0.05556974105678301,0.08677138973989401,0.009449818172631,0.018195018351672,0.022783325472510003,0.024291087435108,0.051874536766244005,0.020165599286246002,0.041681590838722006,0.028869831406902004,0.0070272901613890005,0.015444658383587,0.032931089519501,0.031937411364866004,0.07210150201710201,0.024089836929273002,0.04093886505942,0.048332451894687004
119,0.14059338084640202,0.09384133205388001,0.08865695473368901,0.152131391546488,0.13093109346113102,0.059471836389401005,0.141696570709265,0.37387330777534206,0.063433905808956,0.09832091906305501,0.135362654693059,0.079250848422412,0.047351061669794005,0.041659767494702,0.057149156418036,0.067569804065154,0.12065812468848301,0.027264017872522,0.037117982566955005,0.019770352675172003,0.078498041076346,0.027578135920456003,0.056821107212214006,0.046183548859566007,0.051090557914286,0.063299783195152,0.05447310472649101,0.09046550885380901,0.03225093644587,0.043532213037286,0.031928591421327,0.024161569976994,0.06802446929306401,0.05568677088324601,0.053312058874214,0.045137125218976004,0.064782804318659,0.045861984659352005,0.045152001403633006,0.067585625798769,0.11273706480531001,0.036586368675247005,0.045874451689673,0.07326262547503701,0.10283187466921201,0.066467691608964,0.09171716757829201,0.159483500333821,0.054623780903808004,0.057142031348595,0.012815765968552,0.029131566654242002,0.033040322533863,0.032596652199630004,0.041929371007676006,0.029022352825468,0.038933873562479,0.059417002006946,0.038075391627597,0.021667549114443,0.061936149870296005,0.046984533484961004,0.06184194027702301,0.04651635178706601,0.044677513693134004,0.081724502555877,0.07380435575298401,0.09500478121431001,0.06873269656561401,0.122853554353718,0.088218230979014,0.266187243883071,0.05817307862332,0.09561642279025101,0.024557281037505003,0.026374700487845,0.038666988776543,0.012719866884237001,0.050456003118517,0.036587967400903004,0.068381189232362,0.047320063541527006,0.015990977960889,0.026734552067608,0.060078584370333005,0.041197217364860005,0.055911445883062,0.051022757309381,0.05885543547101801,0.055560722273391004
121,0.080296071287592,0.136478257542441,0.119997007773482,0.080883510845158,0.124539521275525,0.11677351760733001,0.05505038770218901,0.063433905808956,0.570518110880722,0.106540783000774,0.092324934719026,0.086645349951221,0.16216315090649,0.131376678734515,0.09898765230932201,0.18524332150855202,0.041198705178509,0.086933093679812,0.084324064208946,0.052638639675610006,0.12171314925387101,0.027132770304447003,0.11674299185480501,0.134425766468724,0.098828398397775,0.14482125178440902,0.12359250561205401,0.10804262221955001,0.108924741781123,0.090566132728081,0.07895840531778901,0.085658413067038,0.11432229202178401,0.10089417559429101,0.083450658121657,0.077610387443812,0.11668390324498301,0.061673336076935,0.07307706490889801,0.08843445543023601,0.10345281257735901,0.201241984394521,0.12263985534514801,0.09678027017277001,0.08920485938276301,0.093544973800625,0.087874206759513,0.08650929381203501,0.07329757464731701,0.21422987629102003,0.037242056684964005,0.052355549648346,0.037039940190177,0.05676282378738701,0.050226860182884005,0.07871937897898901,0.050693637383366005,0.049179774252207,0.02848849961607,0.040485939326918005,0.105499002775104,0.031769046218612006,0.046766451220127,0.10744950682305901,0.061296718579407,0.07769030079955701,0.025270520417058,0.046529256632920006,0.040006388818394,0.044807901193646006,0.055418557393855004,0.051260588493456,0.06497258128349301,0.056658115073379006,0.04885132389609,0.05527565033639,0.042926411021364005,0.065712415435787,0.11020213871326001,0.086966183758831,0.064923987740055,0.306648909601393,0.028720940281254003,0.023638046280481002,0.040580842806038006,0.032224381238481,0.08610111205033401,0.011648399124714002,0.036869696984531006,0.074455805633547
122,0.129756960120119,0.15827403840515,0.161638862943285,0.09882778467910601,0.122919989995,0.132375291210133,0.12346701869622201,0.09832091906305501,0.106540783000774,0.48985762485759105,0.10971050162324901,0.146349008599745,0.08517971778163401,0.07738157326417501,0.088675656903411,0.11010517071495901,0.068072058352352,0.10473313769046101,0.083404506825331,0.06411265565091201,0.154105605577291,0.030742386292055,0.11169504316459201,0.10234904791644701,0.060235580127985,0.07975106100652701,0.107724327967068,0.105843060993747,0.08065014267405701,0.081986900303602,0.048759731712131,0.077796408988534,0.12342727095241302,0.126756474050181,0.103830296834515,0.094749445399139,0.15359042092547,0.061876729847591,0.12111949722667,0.124360027585487,0.16047505688788602,0.060587839828846,0.09885533459245001,0.17159664037829,0.174505644341954,0.15310665900365703,0.162396408505896,0.12937062543421202,0.15516012293175002,0.098055012842594,0.064520653527237,0.05658075491358001,0.074853409554026,0.055366419871657004,0.07923014433418801,0.07591476779410901,0.05232969930273,0.053441638681523004,0.051974466789313,0.040755675223860005,0.307063329390733,0.077060586933604,0.060231411924761,0.130875404840601,0.135848515284569,0.185286342955917,0.07120201968226801,0.11308205247316301,0.046841436024458005,0.13318485600399102,0.13039133051126,0.10315130832505501,0.172106270760569,0.10406691698574301,0.098715451023949,0.053007482471125,0.07879329502017,0.06432874407492101,0.109646939895344,0.08349215355782601,0.09321155805219301,0.072197054733404,0.025634575000418002,0.08740436039566801,0.094783887514629,0.075933287311295,0.15285271368281803,0.058158219217349004,0.072343987177794,0.27044214031577
124,0.208342049061005,0.131490440094144,0.10560252618125801,0.237985488180829,0.17509518109660702,0.07617763187201501,0.24120857390049502,0.135362654693059,0.092324934719026,0.10971050162324901,0.352019200759071,0.070231957408886,0.052901852790585006,0.05805659096669501,0.06776466589427001,0.074375354160104,0.15530151804612702,0.021694722558924,0.028242841039232,0.026278047205362,0.07637059104565101,0.034328398779855,0.06969863333467201,0.067560021340496,0.040252729965774,0.08035456918448901,0.069256888512308,0.079858676515748,0.046391169771197005,0.060974667979102004,0.06413792217304501,0.013653493416823,0.065790658238356,0.07717959749094401,0.045338643205681005,0.06291301824489201,0.064719051832013,0.065485470467323,0.060005569879480004,0.06818802136580701,0.087944082961923,0.027566721581324,0.05947644231363201,0.08348782875215101,0.061577816818814,0.046339120761337005,0.050081540922934,0.15018074902585402,0.043660866030951005,0.053538870038875,0.022314912436234003,0.025016067394624003,0.032868263167279005,0.049291371574699004,0.064347606508137,0.043881185951975,0.039435916191873005,0.074513008418488,0.016210894547644,0.006959745914376001,0.06886253330780101,0.027192301517473,0.030834312326832,0.037416220586221,0.036761024949817006,0.054482645438544,0.039859132862052005,0.071945379717958,0.070678136085566,0.040823496609177,0.055182159479989,0.066789493443943,0.045068454703961,0.11844196778731,0.015813746712924,0.026749523654814002,0.032298211828396005,0.033887487614915,0.044470633758199006,0.035283834072227,0.048068438689484,0.032856028404668,0.016039561634599003,0.018284141176516,0.029090296257402,0.036493065076598004,0.07543590835100701,0.037908653188195,0.03793477456835,0.044204650862784
125,0.10093915024228901,0.21369320141838102,0.252410513197865,0.065330794767189,0.102522860950813,0.11569701811493201,0.093383134928489,0.079250848422412,0.086645349951221,0.146349008599745,0.070231957408886,0.674285591194775,0.183146993807129,0.225093920858314,0.17095550705075402,0.20826607531213,0.07099177288064301,0.20457339994717103,0.138389361059012,0.103230815361652,0.15741092890421202,0.029681843921932002,0.235275182284146,0.19124496583005302,0.07300401894401301,0.076742675746453,0.20727110727809903,0.11188910630946801,0.179437877692947,0.143974668882818,0.07328387546688901,0.16163916698906602,0.163399636381083,0.152054399965304,0.167243523598525,0.11275337972468301,0.174339851758977,0.07868082174714301,0.066037027745511,0.26354013989741504,0.252594270715721,0.07489656794817301,0.22632942669253803,0.125623646206373,0.21795973535215302,0.13889603929556202,0.105671223074524,0.09696485784023601,0.11224283780234301,0.165544500951905,0.10206457189380001,0.203315959222047,0.185071344202724,0.18781845053154803,0.085717448287806,0.19419537474751902,0.08065598088905701,0.061270615766527,0.06410187725135001,0.044590660923777004,0.10180619935458801,0.12363306169910102,0.059792306463599,0.148593508005745,0.26863941697840704,0.19356840276123602,0.18984485575803903,0.089987836253985,0.044602253208044,0.092023247443394,0.22586368116254602,0.075288288546299,0.12679487463963102,0.051995156249347,0.091985394239027,0.14623383694949502,0.158194308553746,0.12042937757586201,0.09906905582653901,0.11522651376218501,0.10551392492831001,0.053754435537984,0.059352154664790005,0.10398170616081001,0.05636876995390801,0.09223679848652001,0.132765006948494,0.044298129112685006,0.074705086205095,0.12722108777885902
211,0.066359465003994,0.15910573888481702,0.201410139928201,0.044020177088009003,0.065933960023368,0.111620544885121,0.06178995579349,0.047351061669794005,0.16216315090649,0.08517971778163401,0.052901852790585006,0.183146993807129,0.7634351165495441,0.35845701716175005,0.22498465448569402,0.337090145914607,0.07547153219454801,0.408367931013479,0.30751181597716604,0.26112513853846303,0.18853760642810902,0.021152468117442,0.319539487014364,0.24255940637365703,0.12674760990351902,0.11812099322116801,0.28443536210728104,0.076036460264863,0.39751720390030604,0.20200451419018,0.154502348859828,0.33274801606901705,0.198474920828137,0.201386043982089,0.16080750784478,0.10942197335954801,0.19468666219705202,0.045054285754875,0.059224133356303006,0.261779720050891,0.169873353356704,0.22315200900400603,0.30615509681691905,0.06244915374602,0.125580390636956,0.137490766149545,0.06558088950183101,0.065774075337573,0.12568440886245302,0.266016990128962,0.054341140432804004,0.14150208577069,0.06327424940458601,0.13154927189357202,0.049893919139364,0.12627643925989002,0.031290161417936,0.054068151198525004,0.043441987852011005,0.057292792487486005,0.08787614575679001,0.078208943097873,0.039426429700357,0.199434958047528,0.22324080765171803,0.11818662786592901,0.040499550174052004,0.039963224864365,0.015225742233373002,0.07787049714024001,0.10528080458393001,0.035168519813545004,0.04460277646306501,0.029327616713952002,0.070952141748751,0.10008855891045301,0.11515396755216802,0.057179483583994,0.082583227823007,0.054976783620949,0.06253646094253901,0.14226616582044901,0.021260953037844,0.058364915658792,0.031765723816107004,0.055770429198694,0.095680256917298,0.030798477061283,0.041033825171444,0.093067078884351
212,0.07276797503415501,0.217589700641378,0.191030202617014,0.049835481294636004,0.089280164600034,0.079355584979138,0.049672890377305004,0.041659767494702,0.131376678734515,0.07738157326417501,0.05805659096669501,0.225093920858314,0.35845701716175005,0.6703609358165881,0.356601046576255,0.34880183355756,0.065043677517903,0.18563517486719502,0.090177470241598,0.127063120777863,0.110490970979484,0.013011420376590001,0.36055821222370105,0.389519295574266,0.048334158229417,0.12400979625630001,0.337603783684693,0.07449666760847201,0.33225572547245,0.24625477535971602,0.23561131596327703,0.10356767077018401,0.10355314195470301,0.16748514291997701,0.11998433772123301,0.134519595460303,0.073674052178514,0.090660274928075,0.043073272001484,0.31522607650412104,0.19304651127993502,0.22089641086042403,0.244659153318028,0.063224418958587,0.11543400525072701,0.117775121205565,0.074635855597109,0.07331547682582201,0.070943872199951,0.25457937272770403,0.10433487473311101,0.2700849215901,0.155859446933367,0.261888814950663,0.08195893056239001,0.206453529192929,0.07503324094798301,0.086508942835888,0.062218766775419,0.07120788067026501,0.079576691383027,0.123417474798217,0.006931399810672,0.10149638062421601,0.06727740594925201,0.08315280784445901,0.026378690737111,0.039318715092116006,0.033587159633218004,0.0460037278402,0.14469526691234502,0.041033872117562,0.07156798243659701,0.047461629450466,0.110648510261802,0.16892384768030203,0.179110918908151,0.11749079536665101,0.06934431144128801,0.100702338055405,0.096655380075022,0.10088537333039901,0.068150475033184,0.09334475721855301,0.037661603096704,0.08350590861402,0.08983795666237901,0.036255503890175005,0.052588161205239,0.06107865286246301
213,0.072346553373432,0.152736417664277,0.23199908414578801,0.047814983127530006,0.07919822696386601,0.069053872872937,0.076512097841112,0.057149156418036,0.09898765230932201,0.088675656903411,0.06776466589427001,0.17095550705075402,0.22498465448569402,0.356601046576255,0.634491984138816,0.221073624428741,0.056167896506502,0.133082057996323,0.064889997979064,0.129653751936081,0.17857300970091303,0.006508995431883001,0.310040082767345,0.29912335080275004,0.0483949044601,0.25286490840187104,0.266623067984511,0.12211298199683801,0.198771677301281,0.18199537205940902,0.33770285265398503,0.09658177629830701,0.09689172012866101,0.14588492370511502,0.20203985369385202,0.22736331944749302,0.16058865144074702,0.072149082428617,0.055034020249183004,0.257781101419837,0.21235810699502203,0.15530034326494202,0.20242269630155602,0.09029470350728701,0.16305696223757002,0.163737235190234,0.11286042593277501,0.10246889351771801,0.11071456457594502,0.138666307260734,0.07537595196237301,0.195159148924678,0.13703163324630002,0.23212167773341702,0.084179807155561,0.114115501215979,0.06368428324049501,0.062773947256877,0.043707590100453005,0.057155565129259005,0.08950410579590701,0.093091319652325,0.027040421552893,0.09741646704426801,0.09075526955872701,0.125800050502686,0.033518209880761006,0.065609815889427,0.040772757762101,0.06568044584591701,0.21405649023278503,0.049663538004825,0.10693363030489501,0.054222822473403,0.09045494266819001,0.12512693308651102,0.141472554648646,0.080308151415522,0.127155032499705,0.086752063319794,0.092341442402761,0.037523037797778006,0.03146238320683,0.079680737950077,0.064218633503791,0.058307801186792005,0.095361101945896,0.036817531532564,0.049292582450864,0.085311313708528
214,0.09822209249578501,0.298947839799488,0.24394057830213403,0.07714536298481,0.092883978337953,0.117896998927718,0.09270811302479301,0.067569804065154,0.18524332150855202,0.11010517071495901,0.074375354160104,0.20826607531213,0.337090145914607,0.34880183355756,0.221073624428741,0.6519643735178681,0.103489515213352,0.134015075280314,0.07160817285543701,0.056331267288983,0.170236525746463,0.034101468087403004,0.304803918061059,0.355470440526295,0.09407365334100301,0.11535057099028201,0.27476910977116503,0.10206402342506801,0.263732803897662,0.249391019741196,0.126058785922053,0.08104341059527001,0.16086163419572502,0.20100803004568002,0.14576410619916802,0.090541315837111,0.09152263889062501,0.08085733458235901,0.08295181208195,0.23522273273361902,0.223918342264378,0.23628245262754802,0.190906751960249,0.10912616301423801,0.14337916632574702,0.150266475857874,0.061468226918839006,0.08197339628111301,0.068220533862772,0.28642222363817604,0.052859745666747004,0.119434080058177,0.083225938573349,0.16820714600960002,0.054454374750193005,0.154979963030645,0.053015190965068,0.07869217246570401,0.028861753548292002,0.037130425074989,0.08450367185815501,0.06689254833845601,0.014363901702116,0.11575164825608501,0.105123757713037,0.15031441798984102,0.022689879598934003,0.035324527666289005,0.026253131637960003,0.060168000000924,0.12637003516185602,0.053414827536204,0.09125658236513401,0.041181960794486,0.06958366721591501,0.11067513504179101,0.08179407156459201,0.08071380724360701,0.050292631215044,0.07259384760799201,0.08788718540183901,0.151418069865932,0.018053336956059002,0.054282730919344005,0.029642845865544002,0.055797992091477004,0.137337747276907,0.026324197278339,0.037587506112301,0.078293046161028
215,0.175201609877827,0.14471329505781,0.084891182773418,0.175225453123646,0.125331455150338,0.077453097224389,0.16427120544186102,0.12065812468848301,0.041198705178509,0.068072058352352,0.15530151804612702,0.07099177288064301,0.07547153219454801,0.065043677517903,0.056167896506502,0.103489515213352,0.457294012382682,0.019165898625646,0.019581257002577002,0.016483560277771002,0.07113094684573401,0.076011296787778,0.062562405846907,0.09282521210124801,0.055077280133452006,0.077035298769298,0.09046745861663301,0.075684998164532,0.057446004771565,0.059303631986229004,0.05327263897333501,0.013390577270697,0.061795329804222004,0.053680853637394006,0.041268595834082,0.023245224026098,0.042245656485676006,0.024798232087255002,0.06067422837727301,0.05548744434206301,0.077064323594087,0.0207592999625,0.042687951485199,0.040704969771407,0.057954567046794005,0.021400929340471,0.025724862311203002,0.10143961580829801,0.022369562597752003,0.036439202207606006,0.004556402627351,0.014820415373005002,0.016118008532618,0.045450547027732005,0.032218636718974,0.049910453377901,0.014742029506592001,0.076015222777695,0.0,0.003589302924395,0.036272659953320005,0.013166225801319001,0.0062971820926730005,0.016651912972486003,0.017277435758351,0.031784261877956,0.029213886495785,0.029349757604149002,0.025640594035173003,0.014875936818042002,0.040271189634676005,0.065410250546185,0.021134455267373002,0.043003528816018,0.002125245152602,0.010658573651275,0.012415067376512,0.016825647143013,0.016119493831096,0.010599731733106,0.021347677085874,0.013381249826464001,0.0034223815721050005,0.0,0.020523671771497002,0.018349535329701003,0.032640159056205,0.010152599700432,0.0035112745999520004,0.013389792583942002
221,0.029515355611737,0.06586941907789,0.182768289872031,0.015453730165847002,0.037067166462715004,0.10511137815190501,0.028071197369314002,0.027264017872522,0.086933093679812,0.10473313769046101,0.021694722558924,0.20457339994717103,0.408367931013479,0.18563517486719502,0.133082057996323,0.134015075280314,0.019165898625646,0.8524504709828171,0.562782289315088,0.410302312990863,0.19021761854508001,0.025868846910292002,0.18637305770018,0.128258404583138,0.20734940403611601,0.078003134421746,0.250222423842677,0.08362081628803801,0.25663628430129504,0.156308855152533,0.08725887408862301,0.570291322805291,0.314953271694907,0.21480691522664302,0.2273043143215,0.117214256384013,0.25008151138337903,0.042577177545737005,0.056462817893966004,0.18373571127333002,0.115729955600035,0.10522908062734102,0.27072327822979003,0.08151399342942,0.141749758125989,0.12488556700477801,0.095866586287667,0.033425177678923,0.19721895841799,0.186743188142241,0.051782150964866006,0.12852650421859402,0.06352249449542101,0.090574587591306,0.049779948857585,0.08157682744721101,0.046873147104457,0.040318647917282006,0.05062104778379901,0.05293366853517,0.085012647527145,0.10210208724753601,0.08773833498288301,0.283679511471496,0.447231762799763,0.160549373706306,0.11110342356445001,0.088186819526092,0.025793936290544002,0.09493430954097201,0.11894832200050501,0.025291455397801,0.09966751851147701,0.029707750616707003,0.07428919498143001,0.090069212557338,0.105935132858333,0.051286678887339,0.076348387744607,0.063983525721959,0.043525491380217,0.089023052731138,0.026320939651564002,0.040973081151302,0.050917099351329,0.031008098813484004,0.102718968169225,0.025085665930211002,0.033871564861490004,0.170060940543157
222,0.035105442481713,0.038380151544664,0.117564251013703,0.008830948215783,0.037024413566186,0.094419011362689,0.035870738268362005,0.037117982566955005,0.084324064208946,0.083404506825331,0.028242841039232,0.138389361059012,0.30751181597716604,0.090177470241598,0.064889997979064,0.07160817285543701,0.019581257002577002,0.562782289315088,0.851308340378628,0.5794695110266971,0.21901207218430002,0.033621214268342005,0.094730446378015,0.08822818018471801,0.23311807313537103,0.052307876473417,0.154737971405984,0.046718520629352,0.14878935754373301,0.09299539479259801,0.045511762001288,0.5698952238243451,0.34784876274873305,0.096703242186482,0.12162056662216301,0.074486011689693,0.32289501054048303,0.034083210633793,0.051240620797775006,0.10833490367161101,0.09227822573357901,0.077871988602963,0.17840604397092902,0.077660380575716,0.09800848209114,0.08266222090776701,0.08776327006723601,0.036308539376754004,0.22889841784422602,0.087060603342727,0.05722543465598601,0.094600603939634,0.060728151836505005,0.060049014485066006,0.056741130907717006,0.052443464917061006,0.022435920986325002,0.031155499134920002,0.051668309967081,0.055369569862734,0.05387850594112201,0.099394638526722,0.123297922908286,0.268711293710428,0.49581499130397605,0.136897961687752,0.129004859634606,0.11286624380075101,0.028623863631846002,0.12312265058516701,0.069554578966858,0.030735206154679003,0.087440840930377,0.03320209408362,0.042956763007032,0.04582946534678901,0.082098595790471,0.041358016232089005,0.08606654695405501,0.038892587765831,0.040842414238700005,0.080186838469777,0.022882283488536003,0.035456208548382,0.040567166704014,0.036852032798767004,0.078642187196792,0.016961708636203002,0.023658241439136002,0.165183990651
223,0.025068331915703002,0.031051824653620004,0.08180844525943001,0.005512323565516001,0.031154232949524,0.055400278470337,0.026278047205362,0.019770352675172003,0.052638639675610006,0.06411265565091201,0.026278047205362,0.103230815361652,0.26112513853846303,0.127063120777863,0.129653751936081,0.056331267288983,0.016483560277771002,0.410302312990863,0.5794695110266971,0.942903004585069,0.148692567636471,0.010404902099359,0.12345808433283101,0.06951212062009,0.21549386298029602,0.059930209712535,0.12222675407253701,0.039395952484221,0.144854840875752,0.068879757163707,0.21065982249484702,0.43191966988610103,0.23288230313985903,0.06382676701996401,0.07619027328569801,0.087096298966229,0.26456069560148004,0.008570651642163,0.026884858765538002,0.107562687058093,0.067794093385661,0.085517336491935,0.13347146395037301,0.042546464506967,0.039254526415093006,0.051171867823954005,0.07251660244551701,0.045745122580649,0.208779598818799,0.07137071474020901,0.031419339493973006,0.048835894174627005,0.034259306519163,0.077322284045235,0.050744525878366004,0.022751463714482,0.024288779451024003,0.025221428407529,0.013277895460009001,0.026447654554909,0.018223565745077,0.041422211564361,0.087377184675529,0.23663993865906502,0.37716950472583205,0.08480289473465501,0.14618619813598502,0.08727617311218101,0.015614124246754001,0.12972483066541102,0.06838337996848701,0.011412197679856,0.053929094588247004,0.027512917045204,0.035757360187996,0.034565611370763,0.035441910450429,0.031870257226900005,0.047004008077780005,0.030608404246061004,0.027847973073744002,0.09480404309495401,0.015192382712383,0.018457707605859002,0.021086509543085,0.019309481450995,0.050966281107846005,0.008917118940714001,0.013772981524831002,0.13955389452490502
231,0.11833600739770501,0.14248937077641002,0.270462147587948,0.07455640857410101,0.08345679784107701,0.10873185364021701,0.098801669764337,0.078498041076346,0.12171314925387101,0.154105605577291,0.07637059104565101,0.15741092890421202,0.18853760642810902,0.110490970979484,0.17857300970091303,0.170236525746463,0.07113094684573401,0.19021761854508001,0.21901207218430002,0.148692567636471,0.7284771180324701,0.025500755302599,0.144577567711103,0.10764020363555901,0.253368622746628,0.241612056894549,0.17723756669898802,0.20540450224196902,0.099161333671598,0.11491779815237702,0.068956992194546,0.17752511142107902,0.313000463501433,0.161790933171577,0.27629743904291704,0.149011179061825,0.367482297140862,0.048589433780444,0.070273354087185,0.127195660669587,0.19352544579302502,0.078812813820095,0.202692651158624,0.09889610051213,0.128525987700483,0.16783578520525202,0.10969325245057,0.10918158531834701,0.14592014065976702,0.076450482705587,0.043248285202147005,0.047367587461289,0.041123548046867006,0.064974210724941,0.047194258841701,0.060603984097120006,0.025418151232811003,0.043734000304905006,0.020539051106717002,0.034452615395197006,0.111448871088624,0.05647361985214001,0.11006671833136801,0.10909443200205601,0.137397815657425,0.151346573774646,0.060218221634637005,0.08962393366113601,0.040860150410269004,0.07306459720524801,0.10776272563311401,0.059566325111601,0.114998504682166,0.07221814021754,0.039578020113772004,0.035136916010907,0.047681603043371004,0.034173959915098,0.19389619016001602,0.049899943611095,0.057503034196771004,0.032374272534481004,0.019274750201518,0.047138245239716006,0.052559779300878004,0.046866867466827,0.089927331702097,0.022170024581048,0.03956468306415,0.112868508115293
241,0.215765826345438,0.033050182262338,0.040767978034607,0.065964190035561,0.034355528560453,0.12506872448112902,0.035030749322792,0.027578135920456003,0.027132770304447003,0.030742386292055,0.034328398779855,0.029681843921932002,0.021152468117442,0.013011420376590001,0.006508995431883001,0.034101468087403004,0.076011296787778,0.025868846910292002,0.033621214268342005,0.010404902099359,0.025500755302599,1.0,0.056892829866803,0.030612602210966,0.278483526690847,0.013165386329801002,0.052688227239766,0.019879964181586003,0.03706205576929,0.06524741320683701,0.0069747767563670005,0.009939982090793002,0.15890626901173602,0.073587178869154,0.013409590985806002,0.004618433257594001,0.011236486533388,0.036263878148588,0.31106412876355605,0.09216563602680701,0.023557935507951003,0.014092723987958002,0.083985981156164,0.15081015956840801,0.04483825514828001,0.029040845735764,0.028024423044474,0.036266450510933,0.055642289977799006,0.037968020639225004,0.002307409022825,0.008339277174886,0.007248654003688001,0.015062160658548,0.021748696215498003,0.010798309419073001,0.004881057548284,0.035776782964681,0.0,0.003589302924395,0.012640588559827,0.005738993835754,0.0,0.021604127875233,0.023636676117031002,0.027505047596712,0.005814368692393,0.014175145607213,0.008583115688771,0.012035500987256,0.02028345891974,0.027578135920456003,0.02032302781139,0.027021107419255,0.002125245152602,0.003254895819638,0.005746680651573,0.006028616971875,0.011663133038872,0.021115675883988,0.039750921383994005,0.0031061275307260002,0.0,0.0,0.016939312270743002,0.010945401774942002,0.08730183526913701,0.0,0.0035112745999520004,0.020345684892592003
242,0.084892990735661,0.20971856666237101,0.25166845290266404,0.07033254285656601,0.08922710716382601,0.16005558376925402,0.090249152057034,0.056821107212214006,0.11674299185480501,0.11169504316459201,0.06969863333467201,0.235275182284146,0.319539487014364,0.36055821222370105,0.310040082767345,0.304803918061059,0.062562405846907,0.18637305770018,0.094730446378015,0.12345808433283101,0.144577567711103,0.056892829866803,0.755375093925241,0.269565568920768,0.09489897398428,0.132062963609849,0.280923885598239,0.19578450403306802,0.267827717303238,0.23950857719623403,0.23522755227531003,0.09098214397882601,0.188895766295144,0.25619433188699303,0.247673391707621,0.11790952620177302,0.108768657538615,0.044856263669566,0.140175737116425,0.42772617858434203,0.26225153334988804,0.16821442966719602,0.274531341406044,0.212352823958178,0.23145355032828901,0.175024431162418,0.09523167033114001,0.09987600574643901,0.11867341310861201,0.20726636173555102,0.034791747063907,0.1480880260337,0.071153234841593,0.153110357343638,0.057143912612200004,0.11546715695200101,0.043935537386214,0.042973326934943004,0.021163287343459,0.038210544782719,0.063848238396087,0.058105036297656,0.01830561176635,0.09300856247865301,0.11723463192928502,0.125183193119484,0.031589439099301,0.028817379719992,0.013477503835356001,0.07006339028397901,0.215486360717167,0.045137793581725004,0.102823227103253,0.07136033651651201,0.043683862486426,0.08603811217165601,0.10206722913040701,0.039875329215456,0.07584664796701601,0.040811512067585,0.069332471257842,0.074768611565485,0.0064552882047460005,0.026877019723375,0.043760651197923,0.040184469634301,0.161650706386887,0.013757355192906,0.030427420522513002,0.063906848980931
243,0.102292440975479,0.26499381800231503,0.24586195799748,0.06938544980213801,0.08782562099580901,0.09560683385106601,0.066099112588618,0.046183548859566007,0.134425766468724,0.10234904791644701,0.067560021340496,0.19124496583005302,0.24255940637365703,0.389519295574266,0.29912335080275004,0.355470440526295,0.09282521210124801,0.128258404583138,0.08822818018471801,0.06951212062009,0.10764020363555901,0.030612602210966,0.269565568920768,0.5445891204394521,0.060829589183201006,0.1014004294536,0.34244973751414604,0.110543416969668,0.233414397851385,0.283356226563847,0.181378217505755,0.080115761804065,0.131238645257609,0.156232574571804,0.159991218463042,0.128845995694942,0.099775417697955,0.08527814160977501,0.073161741329319,0.22807988800756002,0.228718442939972,0.194329181608614,0.19560639383369702,0.09710354677749401,0.184435219086441,0.12838585143828402,0.09328679297573601,0.093077110517239,0.08382981567334401,0.192946963300536,0.07563896044517801,0.19614871185408503,0.12771000372056202,0.263198219015824,0.08729631843192401,0.183753522457618,0.07358279990685501,0.099282471230989,0.043208021840405,0.038865270033487005,0.078579023661924,0.09922374435396501,0.0050182472332320005,0.098575105458702,0.08249903491507,0.100413931532949,0.026696624003905003,0.033463133185496,0.029966338068430003,0.05331338867429301,0.14728226655189,0.04226267256589,0.10041392339527101,0.065877974133076,0.078625472605874,0.11571930943488201,0.12910335506075002,0.095096119894263,0.07961168856841601,0.08162494268930301,0.102420049787819,0.085555407817704,0.042950980522342,0.06207260825284001,0.047245900044403,0.067619997960825,0.092753295499644,0.034252333563008004,0.047417879784335,0.064676617553083
244,0.092548523303788,0.049224847000259,0.156213958629554,0.057394459689064,0.035876568356318,0.129770748869421,0.056941543517387005,0.051090557914286,0.098828398397775,0.060235580127985,0.040252729965774,0.07300401894401301,0.12674760990351902,0.048334158229417,0.0483949044601,0.09407365334100301,0.055077280133452006,0.20734940403611601,0.23311807313537103,0.21549386298029602,0.253368622746628,0.278483526690847,0.09489897398428,0.060829589183201006,0.8186934005152161,0.07857545013044401,0.12056129712568901,0.058394883806401,0.064992619635235,0.078461889513355,0.025604867521510002,0.19340915591653002,0.436187397038066,0.077239965773023,0.099442632041286,0.035861578156694,0.13659353785980502,0.016273048230083,0.29782691757227103,0.12906083991748202,0.066009689613197,0.075639375271163,0.161707478442377,0.170414376975557,0.07032496654252801,0.056981695601481,0.055300676896908006,0.07351486826084701,0.132853867583163,0.058975939361991005,0.009217612218946,0.011605104772523,0.005560737685570001,0.021820873386161,0.029877098370564,0.017953346626589,0.019683494000145,0.037387324598240006,0.012756190482914001,0.0031597903031070004,0.032630285304059,0.030962366382108003,0.084166692160172,0.07359882802720501,0.13093936055312902,0.08492429278994301,0.038333449929812004,0.080529983513888,0.024818134997491,0.051119452996413,0.04871187726505401,0.04183688631232901,0.055266268986562006,0.040163716559909,0.0019956570335410003,0.004660427774573,0.0074367413044180005,0.010321665400569,0.077829615632234,0.014142274474737001,0.031649469746776,0.031376518488826,0.0032797823399340004,0.006682237027526,0.030507563717278002,0.008660222759643,0.089501024404878,0.010162568812696001,0.010162568812696001,0.065949548611182
245,0.08309808603979901,0.091759533860191,0.131756877612589,0.051526870772728,0.07628712995203,0.051421775785161,0.080959971671098,0.063299783195152,0.14482125178440902,0.07975106100652701,0.08035456918448901,0.076742675746453,0.11812099322116801,0.12400979625630001,0.25286490840187104,0.11535057099028201,0.077035298769298,0.078003134421746,0.052307876473417,0.059930209712535,0.241612056894549,0.013165386329801002,0.132062963609849,0.1014004294536,0.07857545013044401,0.6625104574307551,0.09827206903298301,0.13945670636881602,0.078253046495314,0.074589369546806,0.22866382799439203,0.072662561726531,0.068987559021759,0.09599256904211201,0.13537809902404002,0.130135814789436,0.149950093704907,0.034435415760758,0.074116500992234,0.10089721931228401,0.11255231269017701,0.071664245399672,0.0973655005023,0.08723909673042601,0.068075900154003,0.13400130428929402,0.11068616566385601,0.12235089433457001,0.074842807140526,0.057214197058138,0.031956662430455,0.052854708834994005,0.056847285527191004,0.081381459008474,0.042725357285153004,0.053258197791884,0.060451125924623005,0.016614579761804003,0.026692879049978004,0.066702056823444,0.07947500830038501,0.046077012973796,0.046615696267232005,0.036928736121341,0.06445615575148901,0.080090616493627,0.070388341892994,0.07686248104237,0.030824712586825002,0.074650173542466,0.091237974343257,0.07232633427049201,0.093663847720636,0.060727257395412,0.050174433793052,0.043480918455435,0.041351638622493005,0.034569989020836,0.11246028462129601,0.038466826472284006,0.04607079480263,0.049117078452261,0.025893293299979,0.050950994370257005,0.046238071608711004,0.062050684201433004,0.07304607757412501,0.040673519138682,0.047795435021142,0.08842073652243
246,0.09491017933631,0.227736694894683,0.28370061915446504,0.07357182545893201,0.095397887146471,0.128428593331459,0.08640103844423601,0.05447310472649101,0.12359250561205401,0.107724327967068,0.069256888512308,0.20727110727809903,0.28443536210728104,0.337603783684693,0.266623067984511,0.27476910977116503,0.09046745861663301,0.250222423842677,0.154737971405984,0.12222675407253701,0.17723756669898802,0.052688227239766,0.280923885598239,0.34244973751414604,0.12056129712568901,0.09827206903298301,0.6114877523498741,0.10642364066075101,0.27022528453115,0.24300059422061002,0.15364129012865702,0.144274972759103,0.207903367589474,0.21544413345196603,0.157251419017976,0.12175502272459601,0.134420288033254,0.073819050655636,0.100565380036588,0.230563887994078,0.20128563474197703,0.194488487413042,0.26570117499469803,0.130630837234318,0.165230412675331,0.136210700002228,0.090010513003763,0.08649042752958501,0.081391527298075,0.18225506376987902,0.058860803722679,0.17760758832086002,0.09241176750068601,0.202674265996259,0.059300033404648005,0.13047031220076902,0.049679887764015,0.08744700578245801,0.030749849898949,0.037105580111785004,0.082232512582118,0.07742513191026,0.022564901906850003,0.103370935348589,0.07656952862222101,0.102267753885956,0.033628343859700004,0.05097946563738601,0.034440313305930004,0.049621148547184,0.130193333727101,0.041373212141291006,0.09361357785422701,0.058566626411319,0.06680335829735,0.11551597837706601,0.12000807571412801,0.069846461568632,0.074534074274092,0.08228137529634201,0.09125563967779901,0.07788260335821501,0.039032848297823004,0.052205728606543,0.052583216339191004,0.04564286540738301,0.11962354807371801,0.021447693381647003,0.041762405043905,0.057518402681571004
247,0.125764364604105,0.11655480851026401,0.19162505859158702,0.08112359980619001,0.09320786340061,0.091422704206725,0.14439832132646502,0.09046550885380901,0.10804262221955001,0.105843060993747,0.079858676515748,0.11188910630946801,0.076036460264863,0.07449666760847201,0.12211298199683801,0.10206402342506801,0.075684998164532,0.08362081628803801,0.046718520629352,0.039395952484221,0.20540450224196902,0.019879964181586003,0.19578450403306802,0.110543416969668,0.058394883806401,0.13945670636881602,0.10642364066075101,0.7667962232056941,0.053998499017471,0.125128112116347,0.138609891925843,0.048366583211063005,0.08579665681607901,0.140610333566939,0.33656331879737805,0.18028984898489803,0.174115997214866,0.056148430190346,0.077104289094804,0.112698013489278,0.21582186486703803,0.05862452294990401,0.076785081494641,0.087364762311325,0.11114601636234901,0.092908762145973,0.09555967490884601,0.12555861422400702,0.07215999807044701,0.059988578337277006,0.018873312406874003,0.038988917353745,0.022010544778357,0.059576562373695005,0.041349761029169006,0.04438446864493,0.107198799594115,0.031750892004448,0.066407529432519,0.039560572166722006,0.06394097265899501,0.059735204694063,0.024590299811358,0.07678421659399201,0.047840508914640006,0.116001133695041,0.09112143176306,0.031937798087037,0.018432895779529,0.09059178650459701,0.133395725963317,0.085651157430017,0.095720309150226,0.058952561146640006,0.010498817382569001,0.037026119066536,0.039561423142216,0.034674201298638005,0.08384696449735701,0.015191217160899,0.052589884444071006,0.050966561219435005,0.012349059754715001,0.023557522522801,0.054143027066346,0.03120301726931,0.069765203536089,0.016784675368334,0.043602533835913004,0.056417109318087
311,0.05120598846070801,0.148538955260603,0.157339229761219,0.041468119395231005,0.067970249968344,0.14050604615932902,0.038770883103260004,0.03225093644587,0.108924741781123,0.08065014267405701,0.046391169771197005,0.179437877692947,0.39751720390030604,0.33225572547245,0.198771677301281,0.263732803897662,0.057446004771565,0.25663628430129504,0.14878935754373301,0.144854840875752,0.099161333671598,0.03706205576929,0.267827717303238,0.233414397851385,0.064992619635235,0.078253046495314,0.27022528453115,0.053998499017471,0.705842906517119,0.269304560601833,0.118699038499062,0.19786110355587302,0.11443805919805101,0.23668725640245003,0.107768676951177,0.08075144567602001,0.1109621817397,0.094410074205738,0.091433974808462,0.261830886730815,0.130219503269405,0.20221890484760502,0.39983881273131805,0.083111046925758,0.137455172972444,0.13775065710598902,0.07909025885693301,0.052960918458883004,0.145333369452361,0.295939412097582,0.116167258586127,0.213328973021106,0.16092918219670302,0.243732084947086,0.07004435355555,0.198149312072452,0.075399371419305,0.083317171384982,0.044395914154954,0.06089861931408801,0.08117299203861,0.11577947535763101,0.019218398816423,0.219111232987716,0.177824890927429,0.120610684731836,0.023813976574283,0.065541324929778,0.027436077677867002,0.072665248839567,0.131958003260328,0.024659521215139,0.08793538238503101,0.040831284546580006,0.114549069894709,0.201175804504649,0.21117849281849702,0.133805562598866,0.076506324194671,0.16913733165563002,0.14083121693435302,0.120654872828845,0.08429424845597,0.11495033084660601,0.045498587565296005,0.108101678160976,0.160915166996032,0.043227091200916,0.06643379797081801,0.096904707556903
312,0.070590594929756,0.18636576353960102,0.168593261492818,0.044856962209520006,0.06728602081503,0.233453472610875,0.059431438405788004,0.043532213037286,0.090566132728081,0.081986900303602,0.060974667979102004,0.143974668882818,0.20200451419018,0.24625477535971602,0.18199537205940902,0.249391019741196,0.059303631986229004,0.156308855152533,0.09299539479259801,0.068879757163707,0.11491779815237702,0.06524741320683701,0.23950857719623403,0.283356226563847,0.078461889513355,0.074589369546806,0.24300059422061002,0.125128112116347,0.269304560601833,0.6125480191570211,0.10562855133083301,0.06972954989111001,0.145654443931651,0.29078486454807,0.19608870003544102,0.15562069306300302,0.08684634970676301,0.10248505216058601,0.14432443056152602,0.18128895516838803,0.21415792328089403,0.18575395390798702,0.22102157958680202,0.109985513835835,0.15225019628535202,0.15552692665952803,0.11699313344998101,0.07837910185329601,0.12223212718003401,0.18608439570503602,0.080893422497486,0.143736224144868,0.124822237673904,0.210522134743263,0.075097462732529,0.155724304050173,0.11421098052615301,0.09818289114801601,0.070012469616298,0.046437907620993,0.06415198468564401,0.13486182940180802,0.026049940041845004,0.107916368164753,0.10340116115477001,0.14595887438756802,0.038019502115682,0.045519392795238006,0.031954856609703,0.050369357826563,0.158008816037738,0.042213034195812,0.10592351049482701,0.059226763781817,0.077806538344782,0.137158818965075,0.12166201815254601,0.086352782518299,0.07935820204384901,0.114227076051681,0.14149124844306302,0.053195272543294,0.05729083025454101,0.057719443128555,0.054175167528448004,0.058035528471106004,0.213028259247896,0.044137452068903,0.048588199212782006,0.083257696555963
313,0.042315819519917,0.086072461474616,0.12099365902698801,0.037862924914464004,0.088437432171533,0.056985023452293004,0.076645932197201,0.031928591421327,0.07895840531778901,0.048759731712131,0.06413792217304501,0.07328387546688901,0.154502348859828,0.23561131596327703,0.33770285265398503,0.126058785922053,0.05327263897333501,0.08725887408862301,0.045511762001288,0.21065982249484702,0.068956992194546,0.0069747767563670005,0.23522755227531003,0.181378217505755,0.025604867521510002,0.22866382799439203,0.15364129012865702,0.138609891925843,0.118699038499062,0.10562855133083301,0.7116343267095441,0.047361055452401005,0.038650683434630004,0.082615590813175,0.078175975816425,0.13986287325454,0.072478496928566,0.055451118863395,0.050701777630808006,0.19241922088756103,0.10948296017950701,0.153955562850071,0.08677260071757001,0.05342383823596301,0.07312912870681301,0.074548445592793,0.057132622762712006,0.09108131202583601,0.049071438605827,0.065384737884846,0.046262419403329,0.106069608309085,0.074134523618957,0.12744018850007302,0.07873602096405301,0.047212582041672,0.06530253735799,0.05977210882490001,0.030191022941466004,0.047850152667228,0.032532267698292004,0.036939791572523,0.0030953047867170002,0.021264349428426,0.046138611915723,0.050401352610923,0.039537006448916,0.015710414709991002,0.012414116105955001,0.030799281383892003,0.08919450063006701,0.027255640977814,0.054915810990494,0.035663647255183,0.050459986970361005,0.05234640493387201,0.050491948786120004,0.030914532265977002,0.038187031087429005,0.031119098408193,0.047578094617881005,0.034112455617102,0.004700277639089001,0.008709568922949001,0.033642635428216,0.010285070087108,0.026806498480495003,0.020687772521594,0.018142297488476,0.027827015799915002
321,0.027850368219278002,0.036390551884058,0.11589410481326501,0.010473847760136,0.030194915266786002,0.066292384295017,0.025785130523633,0.024161569976994,0.085658413067038,0.077796408988534,0.013653493416823,0.16163916698906602,0.33274801606901705,0.10356767077018401,0.09658177629830701,0.08104341059527001,0.013390577270697,0.570291322805291,0.5698952238243451,0.43191966988610103,0.17752511142107902,0.009939982090793002,0.09098214397882601,0.080115761804065,0.19340915591653002,0.072662561726531,0.144274972759103,0.048366583211063005,0.19786110355587302,0.06972954989111001,0.047361055452401005,0.871805010186332,0.290962892191796,0.127232999226605,0.132071070732339,0.125386113735232,0.271045597689934,0.034309385863714,0.032524688267966,0.10290675770641,0.08971169516263201,0.071616113304985,0.18161824740610003,0.06081600738602701,0.11378215576311901,0.11758103919428702,0.088558075322978,0.028298172942028,0.205343635445381,0.124900039250928,0.160203226216475,0.191046211637935,0.147100104818882,0.116359456450457,0.057033743190178,0.15481260134289002,0.068743809479272,0.036339012012315,0.205839845672067,0.13886861731972502,0.12475273375029101,0.18809990286004702,0.08423747720796,0.29168766135155505,0.46112425646259103,0.132237675707278,0.097888511846938,0.08968942752158901,0.015022765668364002,0.111494435790947,0.10881682795567701,0.030535934788743002,0.08587857095571301,0.031899196704676,0.14582991973414602,0.172916391135156,0.19542542586243503,0.10756142636424601,0.097016992242153,0.10352457280052901,0.04685461053796,0.06935119154423901,0.07705678013184,0.11312111749654401,0.053215367539522,0.107792422971017,0.070226156221042,0.054106950578026,0.04395545825817301,0.16800352162571303
323,0.11193784832440401,0.135682033662181,0.23789799636720801,0.08274109322565501,0.080215110250462,0.17608606014435702,0.07506452148453101,0.06802446929306401,0.11432229202178401,0.12342727095241302,0.065790658238356,0.163399636381083,0.198474920828137,0.10355314195470301,0.09689172012866101,0.16086163419572502,0.061795329804222004,0.314953271694907,0.34784876274873305,0.23288230313985903,0.313000463501433,0.15890626901173602,0.188895766295144,0.131238645257609,0.436187397038066,0.068987559021759,0.207903367589474,0.08579665681607901,0.11443805919805101,0.145654443931651,0.038650683434630004,0.290962892191796,0.716891212745121,0.18774581425507803,0.17309829895304202,0.065995203908147,0.21309323250349801,0.041537159571453,0.200508840675437,0.20345056359945402,0.16780840267645,0.071353466544795,0.234076394865348,0.24455962736953402,0.17216403285536,0.148515405037439,0.09707501924305201,0.104390906133782,0.17951277945587102,0.131852700154542,0.034774402486915004,0.040287205746752,0.036598781792951,0.048726798908642004,0.045025114497955,0.067195860472471,0.019151550932183,0.049668702314548,0.010293037865888002,0.013231647190051002,0.07080118070383701,0.041540189925527,0.08208415399155701,0.145284161204723,0.21677953936267602,0.20484376738679302,0.047806060333857,0.07789035613749201,0.030320191517487,0.08695237388037601,0.121527664325334,0.052480739420422,0.129874955410855,0.06988562178403601,0.024021479398635002,0.02930254591666,0.036718626658359,0.029432068948315,0.104299782592256,0.038050081631419,0.064638182358164,0.046688207587181,0.013501070514987001,0.021584071173622002,0.06898347441499901,0.021354124608920003,0.161882265098846,0.017179342221865002,0.024433338222083,0.113247775477245
331,0.077985249895011,0.144857715030407,0.205072077824816,0.064865377678681,0.07573376595335901,0.354675869604538,0.08319029092162801,0.05568677088324601,0.10089417559429101,0.126756474050181,0.07717959749094401,0.152054399965304,0.201386043982089,0.16748514291997701,0.14588492370511502,0.20100803004568002,0.053680853637394006,0.21480691522664302,0.096703242186482,0.06382676701996401,0.161790933171577,0.073587178869154,0.25619433188699303,0.156232574571804,0.077239965773023,0.09599256904211201,0.21544413345196603,0.140610333566939,0.23668725640245003,0.29078486454807,0.082615590813175,0.127232999226605,0.18774581425507803,0.7276416464459701,0.28289080258744204,0.11354853606593601,0.15172647309210702,0.100334014018311,0.192690917896525,0.19773890310601502,0.178580967503314,0.119335018507113,0.249604036381212,0.188616750722909,0.20833263712230102,0.22809814995732602,0.139435693296135,0.089964337104078,0.138314087981248,0.255314826787219,0.074279405486023,0.10127643463343401,0.078567515074128,0.12226485526328901,0.071334044013679,0.12812973729596,0.048812650785385006,0.043250391761575004,0.035104428794179,0.04096893051507,0.098868321685547,0.067504850764494,0.032537012369639004,0.153120832818492,0.124337011415383,0.23983199388376203,0.03772914779355,0.046690591830955,0.025711378108728002,0.05566652980967401,0.15467757875708102,0.03079509732791,0.125684164042162,0.061008029626875,0.066903143239998,0.09957560059921301,0.12224980001055201,0.075938659605741,0.081279017780155,0.10370740593213901,0.13938290965000702,0.06797570184665501,0.036001740924097005,0.045549147443419,0.05606642892777201,0.07127935823583201,0.34383373043325904,0.021520725365052,0.044667795589989005,0.133522448252339
341,0.081275568972103,0.126086976906279,0.26221008087560504,0.040320221222501,0.05292942541001901,0.08199809136123101,0.07460378762986801,0.053312058874214,0.083450658121657,0.103830296834515,0.045338643205681005,0.167243523598525,0.16080750784478,0.11998433772123301,0.20203985369385202,0.14576410619916802,0.041268595834082,0.2273043143215,0.12162056662216301,0.07619027328569801,0.27629743904291704,0.013409590985806002,0.247673391707621,0.159991218463042,0.099442632041286,0.13537809902404002,0.157251419017976,0.33656331879737805,0.107768676951177,0.19608870003544102,0.078175975816425,0.132071070732339,0.17309829895304202,0.28289080258744204,0.829573096958606,0.22542886407501703,0.277859453640372,0.062059828252576006,0.055236474543509,0.162843295174907,0.252150991381124,0.06325432557138201,0.18289354778889003,0.09920401853324401,0.15538831405054002,0.176856293904983,0.10464947808069601,0.068411740918164,0.13205312252290502,0.13612941564445602,0.075900533268641,0.122617360114513,0.085569852564605,0.122827531448152,0.07043864384107601,0.12223337870414601,0.11518045362495201,0.05546582869793901,0.088594655983178,0.081563700944486,0.09847345648441201,0.12402069838670701,0.083623736538567,0.23241941289478701,0.15330754021518,0.21595638842326903,0.07293887259423801,0.07932898955992401,0.035432563863104005,0.07552883864989801,0.22998126356835702,0.050978855341674005,0.11433276323739801,0.041631075155966,0.097056696362482,0.134267185275833,0.112631288684312,0.082051729257889,0.19171225723682903,0.081519230871001,0.08108444929422601,0.08224774320107901,0.03606243530327,0.096402796310303,0.065593232705641,0.097267904282861,0.13897025335007201,0.047181748157606,0.081656095399761,0.103664633854501
342,0.055372991220014,0.10884580621075701,0.15694902201434202,0.032771511572443006,0.056203791828650006,0.05880616360165301,0.068713247988716,0.045137125218976004,0.077610387443812,0.094749445399139,0.06291301824489201,0.11275337972468301,0.10942197335954801,0.134519595460303,0.22736331944749302,0.090541315837111,0.023245224026098,0.117214256384013,0.074486011689693,0.087096298966229,0.149011179061825,0.004618433257594001,0.11790952620177302,0.128845995694942,0.035861578156694,0.130135814789436,0.12175502272459601,0.18028984898489803,0.08075144567602001,0.15562069306300302,0.13986287325454,0.125386113735232,0.065995203908147,0.11354853606593601,0.22542886407501703,0.573648632259805,0.130538477426518,0.045718371551601,0.033850503963354005,0.12305482510611401,0.13569078873474402,0.07589903958201001,0.11115924340383401,0.06550735297059901,0.10509412113142401,0.13271552155291302,0.10552379894979301,0.087162583461977,0.09512096124428901,0.093131082117238,0.188993157989146,0.17504545170090702,0.16379589377198903,0.15536227479813802,0.069415288203256,0.18476899897846902,0.19080439292360302,0.051540233714806004,0.20968381528219202,0.179959905871646,0.113126345964055,0.26386310278226405,0.02665355141339,0.09014140169898201,0.068588175004292,0.12682132208249902,0.07660598580269601,0.067869084268717,0.034376681688251004,0.09685934656849801,0.15149819850589302,0.078554510011903,0.07822671885198901,0.045330446102852,0.21300287178531102,0.19328368669307103,0.190224825473976,0.167066921171195,0.14204687812692302,0.12692517723937402,0.063006413956292,0.08039538667863401,0.119776181871674,0.147331775205844,0.08100920363582001,0.10534165278762501,0.07714980526568001,0.095440376843146,0.06991425886097201,0.10085902689039901
344,0.089526846547387,0.11309014209914801,0.185358949716686,0.056191969347829,0.056129665054302,0.10298853091000001,0.073875836987377,0.064782804318659,0.11668390324498301,0.15359042092547,0.064719051832013,0.174339851758977,0.19468666219705202,0.073674052178514,0.16058865144074702,0.09152263889062501,0.042245656485676006,0.25008151138337903,0.32289501054048303,0.26456069560148004,0.367482297140862,0.011236486533388,0.108768657538615,0.099775417697955,0.13659353785980502,0.149950093704907,0.134420288033254,0.174115997214866,0.1109621817397,0.08684634970676301,0.072478496928566,0.271045597689934,0.21309323250349801,0.15172647309210702,0.277859453640372,0.130538477426518,0.668022059817812,0.052761545968454004,0.063394787362236,0.09903288878148601,0.13821393219689102,0.044001348437188004,0.16837620206887102,0.095487471154447,0.116419742870528,0.13864215352362402,0.129584279790658,0.08542894896845801,0.171890106756449,0.09349199357290701,0.04802821399848001,0.06933479060037301,0.049964854163162,0.070119947275076,0.071523844468561,0.058160465484761004,0.042597177836129006,0.042225309188792005,0.023264359889734,0.023874944828262003,0.104175382194334,0.077475227360429,0.14762943942894502,0.19745209114060802,0.298655252085666,0.253586772779204,0.13983538527560702,0.12481747594827101,0.042555966946209,0.10586149233489901,0.13922770075947202,0.06928953812667901,0.11933456956543301,0.04843662127143301,0.05005831694657,0.047635144948682005,0.06096240278214601,0.043025640762349,0.21826396685270102,0.07980052941104801,0.06324537288623,0.053325733817407,0.022031666507165003,0.043208688580973,0.052075675317336007,0.051887277360320005,0.158529811393001,0.023645199876468,0.049859200722764,0.174051495371703
351,0.05940775843897401,0.09800430181813401,0.062159543681532,0.035155540592181005,0.045820376298616,0.099171791035426,0.048533816982,0.045861984659352005,0.061673336076935,0.061876729847591,0.065485470467323,0.07868082174714301,0.045054285754875,0.090660274928075,0.072149082428617,0.08085733458235901,0.024798232087255002,0.042577177545737005,0.034083210633793,0.008570651642163,0.048589433780444,0.036263878148588,0.044856263669566,0.08527814160977501,0.016273048230083,0.034435415760758,0.073819050655636,0.056148430190346,0.094410074205738,0.10248505216058601,0.055451118863395,0.034309385863714,0.041537159571453,0.100334014018311,0.062059828252576006,0.045718371551601,0.052761545968454004,0.46812898067073505,0.08884716995409701,0.048178660193807,0.043847498538111006,0.067633381716624,0.087286889798261,0.05618547906400401,0.06823074080824901,0.070105677728361,0.08970937847178101,0.07292661837042101,0.070075813863685,0.08502779464460401,0.11472585196855001,0.095676746596957,0.13263610721148902,0.090376340096305,0.142898765395363,0.0932226684504,0.088075758113575,0.12508242127412,0.039277616114549004,0.050223592059468004,0.09717098616599101,0.073398049217631,0.030567762620725,0.053070368666106,0.067097181755968,0.12866488921625002,0.026179056343482002,0.079926108416056,0.051230574230656,0.063420474521503,0.08427855407189101,0.037750940333463004,0.14875500811352602,0.072252448113306,0.09850589758088901,0.11311547504499402,0.11518543177942701,0.14925285954724102,0.155728449147887,0.17435087018004303,0.275714106003835,0.055831933414875,0.16656474806492103,0.1312395992475,0.09160068320252901,0.158366006088295,0.144123886188849,0.049408390734293005,0.165298912621469,0.080512953165533
352,0.075145188420611,0.08186050494918101,0.08343949825455,0.05954050287304401,0.08615630138545301,0.27570435136985,0.061974436177769,0.045152001403633006,0.07307706490889801,0.12111949722667,0.060005569879480004,0.066037027745511,0.059224133356303006,0.043073272001484,0.055034020249183004,0.08295181208195,0.06067422837727301,0.056462817893966004,0.051240620797775006,0.026884858765538002,0.070273354087185,0.31106412876355605,0.140175737116425,0.073161741329319,0.29782691757227103,0.074116500992234,0.100565380036588,0.077104289094804,0.091433974808462,0.14432443056152602,0.050701777630808006,0.032524688267966,0.200508840675437,0.192690917896525,0.055236474543509,0.033850503963354005,0.063394787362236,0.08884716995409701,0.598486728381296,0.138451272389225,0.07817761439074501,0.058062247677907006,0.137857014788646,0.25477731231252604,0.126277831559951,0.113600812631463,0.11233513409530702,0.10319360417621701,0.12538377164251902,0.08149904333529401,0.034417218507753006,0.036321093829697004,0.028492856585625004,0.049522076584436005,0.075774782390746,0.045823625104988004,0.042000731153588,0.072693306135479,0.014972649363153002,0.017163326953938,0.06160106849722,0.025297655975638003,0.033260513951977,0.047712393485138005,0.07129686827373201,0.10245796553836901,0.020454292436344,0.033015734932094004,0.018932550116099,0.061698636976541,0.079049794938366,0.035008402234849,0.131368404608032,0.09782569093035601,0.031819842618179,0.030006831165501003,0.032095917563183,0.028591458606338,0.045145721446115006,0.050826736324548004,0.091929488884655,0.024775758781877003,0.012630287055749001,0.030135296762911,0.051742402855137,0.046118155150995,0.22505498180695702,0.027342110019169003,0.041405567471950004,0.08375775618294501
353,0.08399923956015601,0.161278713407452,0.22411812050649102,0.06806648509990501,0.09563560649631801,0.10882891766988101,0.08427901224796401,0.067585625798769,0.08843445543023601,0.124360027585487,0.06818802136580701,0.26354013989741504,0.261779720050891,0.31522607650412104,0.257781101419837,0.23522273273361902,0.05548744434206301,0.18373571127333002,0.10833490367161101,0.107562687058093,0.127195660669587,0.09216563602680701,0.42772617858434203,0.22807988800756002,0.12906083991748202,0.10089721931228401,0.230563887994078,0.112698013489278,0.261830886730815,0.18128895516838803,0.19241922088756103,0.10290675770641,0.20345056359945402,0.19773890310601502,0.162843295174907,0.12305482510611401,0.09903288878148601,0.048178660193807,0.138451272389225,0.661003035651581,0.31194983883249,0.12289825507096501,0.34354898521890703,0.24640812444918203,0.28333415427469805,0.204387516357372,0.163907703805719,0.10426219328828801,0.1443798169083,0.169234463291162,0.05466863825888701,0.168079036484618,0.103047523741061,0.163024509908294,0.058846290242689,0.145782122711621,0.05841896826885801,0.053901999862245004,0.044118145092461,0.043777911765924,0.08331013807848,0.08694559154179701,0.026106860884791003,0.11091360969852901,0.11855002938615701,0.148823043690769,0.042037686951596,0.04488141883866,0.023488167336408003,0.097034079622882,0.248595740536066,0.062925750521791,0.11385854918877901,0.07637061401818901,0.068698789896573,0.12548079840699902,0.125684740637035,0.06910736098957701,0.07603416661121501,0.089559704403441,0.089748786944796,0.059700905885976006,0.038348012441694,0.069236198821856,0.08870990577649601,0.058402399961709005,0.13200223277831302,0.046047946993247005,0.053727608117979005,0.10137360768374501
354,0.11945481358190001,0.207850376916234,0.258682812474751,0.081756432434071,0.115616176838347,0.09236004820658901,0.111196964929893,0.11273706480531001,0.10345281257735901,0.16047505688788602,0.087944082961923,0.252594270715721,0.169873353356704,0.19304651127993502,0.21235810699502203,0.223918342264378,0.077064323594087,0.115729955600035,0.09227822573357901,0.067794093385661,0.19352544579302502,0.023557935507951003,0.26225153334988804,0.228718442939972,0.066009689613197,0.11255231269017701,0.20128563474197703,0.21582186486703803,0.130219503269405,0.21415792328089403,0.10948296017950701,0.08971169516263201,0.16780840267645,0.178580967503314,0.252150991381124,0.13569078873474402,0.13821393219689102,0.043847498538111006,0.07817761439074501,0.31194983883249,0.598064538986072,0.08041339873976501,0.18155842467169903,0.232074803264873,0.309433557624511,0.20570307045699301,0.165731511267311,0.128456188946268,0.126807461584855,0.138323673079221,0.041834547843394,0.12332985924716101,0.082726602197056,0.126397678202639,0.041971897109789005,0.11168383772282701,0.072241147095272,0.059773134405887,0.043599330759807,0.052570429426559005,0.10070987942159801,0.07471040754708201,0.026039133204479002,0.124678356914696,0.09904161058803901,0.16533119977458702,0.051127724815584,0.05096551578541501,0.030068701611271002,0.11876163696534901,0.272702443911628,0.104611109234419,0.129300058324532,0.09300532947241301,0.065706279486514,0.098282516431079,0.08794069899976001,0.061499512323214,0.086132294351612,0.0547659504419,0.067651777044199,0.061426868169036,0.018124045264543,0.06837841270287301,0.084903548803284,0.067656550595626,0.10579234023011101,0.052156866233251005,0.057821682596908,0.09301352320883001
355,0.026328076663857003,0.12637843639152302,0.10666432577243701,0.012450571099139001,0.050863604465399004,0.12529341681435802,0.020156075583394002,0.036586368675247005,0.201241984394521,0.060587839828846,0.027566721581324,0.07489656794817301,0.22315200900400603,0.22089641086042403,0.15530034326494202,0.23628245262754802,0.0207592999625,0.10522908062734102,0.077871988602963,0.085517336491935,0.078812813820095,0.014092723987958002,0.16821442966719602,0.194329181608614,0.075639375271163,0.071664245399672,0.194488487413042,0.05862452294990401,0.20221890484760502,0.18575395390798702,0.153955562850071,0.071616113304985,0.071353466544795,0.119335018507113,0.06325432557138201,0.07589903958201001,0.044001348437188004,0.067633381716624,0.058062247677907006,0.12289825507096501,0.08041339873976501,0.6488837970976431,0.15396710657579102,0.051180727394693,0.059143241506470004,0.10576256012033101,0.057743343759129005,0.04120454163007,0.073772897049193,0.24846750314267801,0.10589780738462201,0.139668733575734,0.08753130227120501,0.153203680815256,0.049277885575363,0.12381217696547402,0.070522869460154,0.06607630185970301,0.062101342161286,0.07228311821537,0.11961560596595901,0.09029079609830601,0.016227183891524,0.18575456981659402,0.070671750265604,0.049188413363142,0.019258638244617002,0.12476135435909701,0.042912641047975,0.058159136585823,0.060801600087066004,0.032756335775993004,0.06935661173525201,0.028776277035680004,0.12457060255321802,0.125670380748923,0.164256987344769,0.130400785751768,0.05428430231095,0.139762521642833,0.106680968577976,0.265477915282239,0.060182509140514005,0.10868274949982701,0.05612873998701701,0.110202573381057,0.099641884993346,0.062435431403506006,0.07522142511549301,0.080315597058114
356,0.082944290613273,0.150096832632117,0.22101037885282201,0.05774948888706,0.071969227163811,0.15782318009639001,0.06903554991944001,0.045874451689673,0.12263985534514801,0.09885533459245001,0.05947644231363201,0.22632942669253803,0.30615509681691905,0.244659153318028,0.20242269630155602,0.190906751960249,0.042687951485199,0.27072327822979003,0.17840604397092902,0.13347146395037301,0.202692651158624,0.083985981156164,0.274531341406044,0.19560639383369702,0.161707478442377,0.0973655005023,0.26570117499469803,0.076785081494641,0.39983881273131805,0.22102157958680202,0.08677260071757001,0.18161824740610003,0.234076394865348,0.249604036381212,0.18289354778889003,0.11115924340383401,0.16837620206887102,0.087286889798261,0.137857014788646,0.34354898521890703,0.18155842467169903,0.15396710657579102,0.670394505373194,0.153813823788854,0.18596483450984502,0.150801742848441,0.101006023465202,0.084230691160095,0.13679329846104102,0.211910130413403,0.08122436165030501,0.1644597553588,0.097834653558742,0.14765450243655,0.07682456640157001,0.12510511212018002,0.049068089680057006,0.06708525328169701,0.027502864210115004,0.046469606782601,0.08251852800435101,0.08690741760603801,0.055493279721113,0.167116563183957,0.172467580771815,0.16948888281764302,0.036592729379584,0.063863806903249,0.028688019271215004,0.069460766992883,0.155726345989521,0.037951923501256,0.09481804453558401,0.060282435761067,0.07900363585049501,0.139794674508969,0.15329983265691102,0.081710299638815,0.125018781653948,0.12667883100468502,0.12993631484568202,0.07795830982150401,0.043535801092559,0.08451744773026901,0.054742622882429,0.07507378571078101,0.177677425263938,0.036917737173657005,0.059960964596488,0.100396444835729
411,0.06897788191963,0.10973434010250001,0.135349826196443,0.07463505709055501,0.08120059729597401,0.159366706922578,0.085408384938762,0.07326262547503701,0.09678027017277001,0.17159664037829,0.08348782875215101,0.125623646206373,0.06244915374602,0.063224418958587,0.09029470350728701,0.10912616301423801,0.040704969771407,0.08151399342942,0.077660380575716,0.042546464506967,0.09889610051213,0.15081015956840801,0.212352823958178,0.09710354677749401,0.170414376975557,0.08723909673042601,0.130630837234318,0.087364762311325,0.083111046925758,0.109985513835835,0.05342383823596301,0.06081600738602701,0.24455962736953402,0.188616750722909,0.09920401853324401,0.06550735297059901,0.095487471154447,0.05618547906400401,0.25477731231252604,0.24640812444918203,0.232074803264873,0.051180727394693,0.153813823788854,0.607426099425679,0.30331326615686405,0.288671093654693,0.251352131162214,0.137188313052447,0.242579520890486,0.12315355707276102,0.033203234311753003,0.046167173250833006,0.049132109382020006,0.057312058274934005,0.04476169442516301,0.063387058842107,0.023341785382389003,0.034151864376344,0.030519289859684003,0.033534304316176,0.11202969968826701,0.048865038148449,0.016633835560231,0.09318144602455401,0.07907229468886601,0.16634092465046202,0.040192935698232006,0.062292381349300006,0.032531719053949006,0.13372723415234,0.17312970217678902,0.07716316986685301,0.23888404227382,0.135740178070124,0.044741277894934005,0.044868288785807,0.06564013253808901,0.034420428139712,0.098306152996846,0.057297193829737005,0.13212409333011602,0.057783054500024,0.015190978801922002,0.06668618606701,0.17709350447722302,0.06225390924684201,0.22719671347603201,0.054947562411824004,0.08157409878916301,0.11541458282155201
412,0.084953525858885,0.16057188960922,0.209122359772887,0.06868405131082801,0.077520780476606,0.12191938932154901,0.081564806866307,0.10283187466921201,0.08920485938276301,0.174505644341954,0.061577816818814,0.21795973535215302,0.125580390636956,0.11543400525072701,0.16305696223757002,0.14337916632574702,0.057954567046794005,0.141749758125989,0.09800848209114,0.039254526415093006,0.128525987700483,0.04483825514828001,0.23145355032828901,0.184435219086441,0.07032496654252801,0.068075900154003,0.165230412675331,0.11114601636234901,0.137455172972444,0.15225019628535202,0.07312912870681301,0.11378215576311901,0.17216403285536,0.20833263712230102,0.15538831405054002,0.10509412113142401,0.116419742870528,0.06823074080824901,0.126277831559951,0.28333415427469805,0.309433557624511,0.059143241506470004,0.18596483450984502,0.30331326615686405,0.559964173249754,0.289532129160528,0.26658141209706004,0.12354641386649201,0.20991989978955802,0.153196181115643,0.06485977514713001,0.11912171484554501,0.09122816992514,0.11228446702356801,0.07709193671126201,0.11956135065819601,0.041720869727596005,0.05189579829366701,0.049033480204541006,0.047107059909984005,0.141840241779799,0.10111194003658801,0.038136165072229,0.153056945913912,0.16679125060146902,0.233916002273396,0.05496651547190701,0.06400047373867,0.028100341975703002,0.146524861704198,0.324533764976124,0.103246412109235,0.193466836311687,0.10572714264893401,0.075575755570587,0.09238642332977601,0.13191700850739002,0.055500898658177006,0.09763768325763401,0.107218205738173,0.11085686969837401,0.06371151642190101,0.022346601596911,0.08683582154321101,0.16724411423892402,0.08070205429134,0.182296159414536,0.060821076215725,0.08110698050611301,0.18484656031225402
413,0.042455225621063006,0.09870128951616701,0.156421699797121,0.041390780845867,0.06296169494012001,0.08658902080592601,0.044692396240968005,0.066467691608964,0.093544973800625,0.15310665900365703,0.046339120761337005,0.13889603929556202,0.137490766149545,0.117775121205565,0.163737235190234,0.150266475857874,0.021400929340471,0.12488556700477801,0.08266222090776701,0.051171867823954005,0.16783578520525202,0.029040845735764,0.175024431162418,0.12838585143828402,0.056981695601481,0.13400130428929402,0.136210700002228,0.092908762145973,0.13775065710598902,0.15552692665952803,0.074548445592793,0.11758103919428702,0.148515405037439,0.22809814995732602,0.176856293904983,0.13271552155291302,0.13864215352362402,0.070105677728361,0.113600812631463,0.204387516357372,0.20570307045699301,0.10576256012033101,0.150801742848441,0.288671093654693,0.289532129160528,0.536386206161792,0.242103375051955,0.10671446274047401,0.24338161306351802,0.17367454702656202,0.095611125280636,0.11648440481980502,0.10971994890014301,0.11898512342336501,0.06363501657635101,0.123696950862043,0.068897638338081,0.037639565227011,0.06642436221150201,0.064415201377644,0.17450094775740602,0.122995576142071,0.053413454689703,0.14885885011476202,0.140894970419464,0.225941696247135,0.060143201354780004,0.079201663948899,0.036946594204634,0.171992050386576,0.20952791225432701,0.09642654495078501,0.224645056826614,0.107850774512703,0.12017587412223601,0.12815713898792502,0.17496930026108,0.08341075826317701,0.150162329367933,0.10549017600464201,0.139179411343425,0.07848810036793301,0.056965257601016006,0.12323112622706502,0.17960646991991702,0.094521877741569,0.17883373063186,0.08487517069457301,0.123115795418857,0.18468851281039803
415,0.053005502082047004,0.08845191079786101,0.10170364717312301,0.032524840473457,0.038089964487607,0.09835822293955,0.058599084421768005,0.09171716757829201,0.087874206759513,0.162396408505896,0.050081540922934,0.105671223074524,0.06558088950183101,0.074635855597109,0.11286042593277501,0.061468226918839006,0.025724862311203002,0.095866586287667,0.08776327006723601,0.07251660244551701,0.10969325245057,0.028024423044474,0.09523167033114001,0.09328679297573601,0.055300676896908006,0.11068616566385601,0.090010513003763,0.09555967490884601,0.07909025885693301,0.11699313344998101,0.057132622762712006,0.088558075322978,0.09707501924305201,0.139435693296135,0.10464947808069601,0.10552379894979301,0.129584279790658,0.08970937847178101,0.11233513409530702,0.163907703805719,0.165731511267311,0.057743343759129005,0.101006023465202,0.251352131162214,0.26658141209706004,0.242103375051955,0.46746649699275206,0.13678594550713702,0.264350652675504,0.094823045737047,0.058701802589746006,0.081439827371429,0.079893185606942,0.08934342032546201,0.076437664424504,0.07073787092722901,0.04789649245962101,0.051787498947121,0.05243871343525101,0.060931663926337004,0.132343972764352,0.09701430145938401,0.059260016554243004,0.11898325674078102,0.12440213437174001,0.186844170181167,0.07794548629328901,0.109324340093224,0.047078600911310005,0.18662596670990503,0.185243276957922,0.11276641009985201,0.226981762624152,0.14029896248936302,0.068167423995105,0.06569292679291801,0.10167299586209401,0.050708443472977004,0.15012869380163302,0.09708117595763201,0.153887975969966,0.068242737582048,0.031349659891848,0.098746185650774,0.200727151250835,0.10078337149827,0.15274235632576103,0.082356754085341,0.128365104758,0.19358726054623102
416,0.161605821411742,0.130000943957856,0.15037389501203702,0.136005267655953,0.12713487779566301,0.080465275197762,0.155225829510296,0.159483500333821,0.08650929381203501,0.12937062543421202,0.15018074902585402,0.09696485784023601,0.065774075337573,0.07331547682582201,0.10246889351771801,0.08197339628111301,0.10143961580829801,0.033425177678923,0.036308539376754004,0.045745122580649,0.10918158531834701,0.036266450510933,0.09987600574643901,0.093077110517239,0.07351486826084701,0.12235089433457001,0.08649042752958501,0.12555861422400702,0.052960918458883004,0.07837910185329601,0.09108131202583601,0.028298172942028,0.104390906133782,0.089964337104078,0.068411740918164,0.087162583461977,0.08542894896845801,0.07292661837042101,0.10319360417621701,0.10426219328828801,0.128456188946268,0.04120454163007,0.084230691160095,0.137188313052447,0.12354641386649201,0.10671446274047401,0.13678594550713702,0.37504476167920403,0.10186538960792801,0.069180990736806,0.027344022226056003,0.037024135337788006,0.039119092105079,0.05444071821214801,0.064788086734791,0.051685870899051,0.045857091129224,0.041133236789144004,0.041643580966564,0.036589938704492,0.067313420264241,0.048443517772672,0.034003570762341,0.059066154245279,0.048525609886023,0.126383408424727,0.074709705961587,0.07488310903832,0.046299674571719004,0.110923257356172,0.11191265933192901,0.14035365745626602,0.11296674429263301,0.18687985416542002,0.031120074831133004,0.028261107613687,0.052216026485770006,0.025721577468157,0.06585281888617,0.042232024026680005,0.07994462912285201,0.050137585663198,0.021774078058546,0.044534288021791005,0.10259929137557201,0.045145339736840005,0.06802565171805901,0.049233859717856,0.074074899072573,0.066846473706536
421,0.045942036747922,0.087305623846944,0.120829280811899,0.030890092501551003,0.038570097206663004,0.109638376161219,0.05782585061124901,0.054623780903808004,0.07329757464731701,0.15516012293175002,0.043660866030951005,0.11224283780234301,0.12568440886245302,0.070943872199951,0.11071456457594502,0.068220533862772,0.022369562597752003,0.19721895841799,0.22889841784422602,0.208779598818799,0.14592014065976702,0.055642289977799006,0.11867341310861201,0.08382981567334401,0.132853867583163,0.074842807140526,0.081391527298075,0.07215999807044701,0.145333369452361,0.12223212718003401,0.049071438605827,0.205343635445381,0.17951277945587102,0.138314087981248,0.13205312252290502,0.09512096124428901,0.171890106756449,0.070075813863685,0.12538377164251902,0.1443798169083,0.126807461584855,0.073772897049193,0.13679329846104102,0.242579520890486,0.20991989978955802,0.24338161306351802,0.264350652675504,0.10186538960792801,0.576024909067275,0.09675128824187401,0.05546468599194,0.068590653924277,0.08245214844559601,0.087553073652243,0.056142976067235006,0.078464959585771,0.028775442174328,0.036541612561126,0.041480846759016005,0.040030849952627005,0.14099761473761702,0.08756103228181501,0.063648556289019,0.24756662896731102,0.26126111746875,0.171307933567339,0.06902462698214701,0.12150220070510001,0.03414983470216,0.20242113565031503,0.16465151913963702,0.07805578022533001,0.19733905379257702,0.11512177683339801,0.07015502356966401,0.077396904310224,0.108440097138217,0.07491070813021701,0.12045596985102001,0.08933854465070801,0.142459371140714,0.045278702150183,0.02902795740682,0.114094208837743,0.178131435415179,0.07838406345635701,0.16281517054156602,0.06596251229106201,0.10850436896978201,0.223660297314229
511,0.050035054592364,0.15067321882950901,0.126901221819439,0.051338736335162005,0.072527875006726,0.14495359705632901,0.037082447255649,0.057142031348595,0.21422987629102003,0.098055012842594,0.053538870038875,0.165544500951905,0.266016990128962,0.25457937272770403,0.138666307260734,0.28642222363817604,0.036439202207606006,0.186743188142241,0.087060603342727,0.07137071474020901,0.076450482705587,0.037968020639225004,0.20726636173555102,0.192946963300536,0.058975939361991005,0.057214197058138,0.18225506376987902,0.059988578337277006,0.295939412097582,0.18608439570503602,0.065384737884846,0.124900039250928,0.131852700154542,0.255314826787219,0.13612941564445602,0.093131082117238,0.09349199357290701,0.08502779464460401,0.08149904333529401,0.169234463291162,0.138323673079221,0.24846750314267801,0.211910130413403,0.12315355707276102,0.153196181115643,0.17367454702656202,0.094823045737047,0.069180990736806,0.09675128824187401,0.681855745004825,0.11753971768327301,0.180389848479089,0.136145208929354,0.177084880298973,0.07251576674049301,0.19353661225599703,0.094521432846176,0.047464827805296005,0.068964302085347,0.06222526319106501,0.132961313030548,0.11055479502147901,0.040872301656608004,0.377748262185846,0.11972865033737401,0.148601697809428,0.027008216284401,0.12190434904375301,0.045165607131144,0.072394623255033,0.139910505828113,0.055740168381213005,0.085783510939873,0.046218441302215,0.114922569295946,0.161374443616767,0.198576222891159,0.12786954140300702,0.085512789400498,0.16152150684513802,0.13535875226059801,0.35385547932445605,0.065188415942681,0.12201591891069301,0.064641528268815,0.10674560481850101,0.20094621699308302,0.056217153491259005,0.08609339504615501,0.10249366724966501
521,0.01679592559954,0.07099012062821901,0.039863445764713006,0.014426985669439,0.026688512971636002,0.072568764026363,0.012444329394146001,0.012815765968552,0.037242056684964005,0.064520653527237,0.022314912436234003,0.10206457189380001,0.054341140432804004,0.10433487473311101,0.07537595196237301,0.052859745666747004,0.004556402627351,0.051782150964866006,0.05722543465598601,0.031419339493973006,0.043248285202147005,0.002307409022825,0.034791747063907,0.07563896044517801,0.009217612218946,0.031956662430455,0.058860803722679,0.018873312406874003,0.116167258586127,0.080893422497486,0.046262419403329,0.160203226216475,0.034774402486915004,0.074279405486023,0.075900533268641,0.188993157989146,0.04802821399848001,0.11472585196855001,0.034417218507753006,0.05466863825888701,0.041834547843394,0.10589780738462201,0.08122436165030501,0.033203234311753003,0.06485977514713001,0.095611125280636,0.058701802589746006,0.027344022226056003,0.05546468599194,0.11753971768327301,0.5314366529748661,0.28520885740796004,0.30926672761316604,0.208427627525681,0.11424339967592201,0.29970180278576103,0.229184117271569,0.08521293395226001,0.267290915012857,0.23454194173672802,0.20305589215359102,0.35019979469627405,0.014861784078061002,0.10318044900357301,0.06347238227075701,0.071016855596606,0.019663365113271002,0.07424158149703601,0.040010979911313006,0.079855788928558,0.110551688018065,0.034970081689580004,0.08374339054363901,0.023273703875738003,0.38055609491206205,0.320078574656858,0.282375592335923,0.32850887248951904,0.110057945068825,0.25875333333704703,0.159673799257242,0.09569204336107001,0.28753401684567004,0.334861069083419,0.08089888467974,0.290385144437874,0.091993083492518,0.12709341344678302,0.14636132139173802,0.131814323262922
522,0.031337157695202005,0.10819972300428402,0.09643560476877401,0.020233142704236002,0.031132553741902002,0.057928122265664,0.019843502242761,0.029131566654242002,0.052355549648346,0.05658075491358001,0.025016067394624003,0.203315959222047,0.14150208577069,0.2700849215901,0.195159148924678,0.119434080058177,0.014820415373005002,0.12852650421859402,0.094600603939634,0.048835894174627005,0.047367587461289,0.008339277174886,0.1480880260337,0.19614871185408503,0.011605104772523,0.052854708834994005,0.17760758832086002,0.038988917353745,0.213328973021106,0.143736224144868,0.106069608309085,0.191046211637935,0.040287205746752,0.10127643463343401,0.122617360114513,0.17504545170090702,0.06933479060037301,0.095676746596957,0.036321093829697004,0.168079036484618,0.12332985924716101,0.139668733575734,0.1644597553588,0.046167173250833006,0.11912171484554501,0.11648440481980502,0.081439827371429,0.037024135337788006,0.068590653924277,0.180389848479089,0.28520885740796004,0.603163612942019,0.39342455605542404,0.38232751394899905,0.10100798323399701,0.39839537504947004,0.157968654743139,0.06759732746267501,0.198928602342852,0.15376030907697102,0.135999798270231,0.297130453658608,0.014775497975124001,0.14036834667893602,0.10470101947847901,0.093109031387043,0.031938300672866,0.07244781392513401,0.036105588920412005,0.089657707772583,0.18781466462613203,0.042613729170214006,0.076427975605977,0.034737970012701,0.273581914670658,0.393191885479085,0.39684405988050003,0.270982300506869,0.12358122339480002,0.21292357688305602,0.144200242199572,0.09094147232738001,0.17736875161770402,0.241950626512473,0.062480044048730005,0.210663887623697,0.100884109647353,0.08574657866384,0.10825077508722801,0.11298754941717401
523,0.024607182225514,0.09834645109659201,0.084337348480781,0.022722798190206003,0.027148720247563003,0.054998975230546004,0.021651691528544,0.033040322533863,0.037039940190177,0.074853409554026,0.032868263167279005,0.185071344202724,0.06327424940458601,0.155859446933367,0.13703163324630002,0.083225938573349,0.016118008532618,0.06352249449542101,0.060728151836505005,0.034259306519163,0.041123548046867006,0.007248654003688001,0.071153234841593,0.12771000372056202,0.005560737685570001,0.056847285527191004,0.09241176750068601,0.022010544778357,0.16092918219670302,0.124822237673904,0.074134523618957,0.147100104818882,0.036598781792951,0.078567515074128,0.085569852564605,0.16379589377198903,0.049964854163162,0.13263610721148902,0.028492856585625004,0.103047523741061,0.082726602197056,0.08753130227120501,0.097834653558742,0.049132109382020006,0.09122816992514,0.10971994890014301,0.079893185606942,0.039119092105079,0.08245214844559601,0.136145208929354,0.30926672761316604,0.39342455605542404,0.566289994716889,0.36847778786116503,0.11120110159109,0.36040741656819103,0.20393861290056903,0.074716913299555,0.17732336109357003,0.15766285321324303,0.13950162849279701,0.28544816550921903,0.018805179241068,0.11108221293386,0.086801186163833,0.114404824005208,0.048214901068477006,0.081504859794708,0.037321870566758,0.07549425366972501,0.16982815815003402,0.043042402944566,0.094896053859383,0.040522005551805004,0.275193299769807,0.37332111365338805,0.334103124878392,0.36403670332160404,0.134276074712565,0.277635204699671,0.184476324181252,0.07171006061123801,0.257057852715589,0.323522394923873,0.069831742309062,0.24312911819531202,0.11757361477831602,0.105282375719405,0.13569284732437,0.132177063997378
524,0.041702482804395,0.132051566547587,0.134069469412852,0.034759477755177,0.044357865056118,0.068407773792931,0.031015605650872004,0.032596652199630004,0.05676282378738701,0.055366419871657004,0.049291371574699004,0.18781845053154803,0.13154927189357202,0.261888814950663,0.23212167773341702,0.16820714600960002,0.045450547027732005,0.090574587591306,0.060049014485066006,0.077322284045235,0.064974210724941,0.015062160658548,0.153110357343638,0.263198219015824,0.021820873386161,0.081381459008474,0.202674265996259,0.059576562373695005,0.243732084947086,0.210522134743263,0.12744018850007302,0.116359456450457,0.048726798908642004,0.12226485526328901,0.122827531448152,0.15536227479813802,0.070119947275076,0.090376340096305,0.049522076584436005,0.163024509908294,0.126397678202639,0.153203680815256,0.14765450243655,0.057312058274934005,0.11228446702356801,0.11898512342336501,0.08934342032546201,0.05444071821214801,0.087553073652243,0.177084880298973,0.208427627525681,0.38232751394899905,0.36847778786116503,0.562446557652289,0.111275093850681,0.341677881750916,0.15903033394235502,0.09431212674810101,0.09418229393815401,0.103349005582858,0.078274673459374,0.213122536192366,0.014203202833872,0.138613550179106,0.07703523306269301,0.074821580956833,0.031922649948110005,0.06485420380661701,0.038334214812379,0.06490272513702701,0.16439872042546602,0.030133279347495004,0.076503291035103,0.035114471712812005,0.19158851789980502,0.312884632813393,0.28171187904494405,0.281320852623902,0.10101229720869101,0.215178071375786,0.144477146286835,0.084651662936846,0.18980744809823102,0.217854278979441,0.064433850742745,0.16859446348402002,0.11129064499189001,0.099354476765262,0.10756754563727701,0.103433552021854
525,0.082579299876487,0.09532250001218501,0.07698334949206001,0.04383903162694,0.053796691786612005,0.091605037018033,0.045328678207530004,0.041929371007676006,0.050226860182884005,0.07923014433418801,0.064347606508137,0.085717448287806,0.049893919139364,0.08195893056239001,0.084179807155561,0.054454374750193005,0.032218636718974,0.049779948857585,0.056741130907717006,0.050744525878366004,0.047194258841701,0.021748696215498003,0.057143912612200004,0.08729631843192401,0.029877098370564,0.042725357285153004,0.059300033404648005,0.041349761029169006,0.07004435355555,0.075097462732529,0.07873602096405301,0.057033743190178,0.045025114497955,0.071334044013679,0.07043864384107601,0.069415288203256,0.071523844468561,0.142898765395363,0.075774782390746,0.058846290242689,0.041971897109789005,0.049277885575363,0.07682456640157001,0.04476169442516301,0.07709193671126201,0.06363501657635101,0.076437664424504,0.064788086734791,0.056142976067235006,0.07251576674049301,0.11424339967592201,0.10100798323399701,0.11120110159109,0.111275093850681,0.374020568796585,0.07526044010636801,0.06633472802364901,0.170377279998738,0.035581414700453,0.081693921620728,0.08807749089311401,0.08127848286564501,0.038637721143680005,0.06953528273606001,0.06937228484987701,0.094423575005805,0.056541996683950005,0.087573451783263,0.071700158964383,0.057233312843911005,0.087402716858948,0.041750935790559,0.10779691373243501,0.07075622494936201,0.086085664999809,0.09266188989064901,0.092311662526496,0.096017476820484,0.09523338937794701,0.115374668231285,0.11523361040527501,0.061958208128336,0.063709186591917,0.07397943568407801,0.082781101942904,0.07869746255312,0.087802647534913,0.048361288074831005,0.083844732652622,0.093535294585042
531,0.051779816960753004,0.151676521311284,0.11861139613684701,0.045356525292574,0.05648193934285801,0.071336973030548,0.036536301138925004,0.029022352825468,0.07871937897898901,0.07591476779410901,0.043881185951975,0.19419537474751902,0.12627643925989002,0.206453529192929,0.114115501215979,0.154979963030645,0.049910453377901,0.08157682744721101,0.052443464917061006,0.022751463714482,0.060603984097120006,0.010798309419073001,0.11546715695200101,0.183753522457618,0.017953346626589,0.053258197791884,0.13047031220076902,0.04438446864493,0.198149312072452,0.155724304050173,0.047212582041672,0.15481260134289002,0.067195860472471,0.12812973729596,0.12223337870414601,0.18476899897846902,0.058160465484761004,0.0932226684504,0.045823625104988004,0.145782122711621,0.11168383772282701,0.12381217696547402,0.12510511212018002,0.063387058842107,0.11956135065819601,0.123696950862043,0.07073787092722901,0.051685870899051,0.078464959585771,0.19353661225599703,0.29970180278576103,0.39839537504947004,0.36040741656819103,0.341677881750916,0.07526044010636801,0.596410799724799,0.202371317982964,0.077677855577651,0.195597021046014,0.176715104777547,0.153488426366788,0.30174850441683004,0.017698666990418003,0.126081689041757,0.07148308205335001,0.09571637786086401,0.034673568462559,0.06988546685694301,0.031613884591976005,0.070639001017162,0.159097701437966,0.043580030043442006,0.086670287082829,0.035775757462841,0.30387490797221,0.434391573565142,0.36702658491066503,0.31782719041364205,0.099437215756457,0.22827705588612301,0.14549978135795702,0.097799442304456,0.22499086793353001,0.270854083286217,0.07084338904583401,0.22434815717571802,0.107773594562573,0.109013094011596,0.11172859612925401,0.10958716422539101
532,0.03688756838307,0.07250548890120301,0.06604361585917401,0.03688756838307,0.050316401544877,0.032598982825980005,0.017290377315395,0.038933873562479,0.050693637383366005,0.05232969930273,0.039435916191873005,0.08065598088905701,0.031290161417936,0.07503324094798301,0.06368428324049501,0.053015190965068,0.014742029506592001,0.046873147104457,0.022435920986325002,0.024288779451024003,0.025418151232811003,0.004881057548284,0.043935537386214,0.07358279990685501,0.019683494000145,0.060451125924623005,0.049679887764015,0.107198799594115,0.075399371419305,0.11421098052615301,0.06530253735799,0.068743809479272,0.019151550932183,0.048812650785385006,0.11518045362495201,0.19080439292360302,0.042597177836129006,0.088075758113575,0.042000731153588,0.05841896826885801,0.072241147095272,0.070522869460154,0.049068089680057006,0.023341785382389003,0.041720869727596005,0.068897638338081,0.04789649245962101,0.045857091129224,0.028775442174328,0.094521432846176,0.229184117271569,0.157968654743139,0.20393861290056903,0.15903033394235502,0.06633472802364901,0.202371317982964,0.533347002764688,0.09822010245222601,0.23852041050616302,0.172373032435889,0.097624281682004,0.22218170300393203,0.022120941164905,0.06954312354592701,0.038392198650783006,0.06082938362430101,0.08507676531857401,0.08168920700429201,0.039225127410958,0.07798029337282701,0.115851169937894,0.0447673325836,0.054699392735442005,0.016024665837944003,0.21289805501651501,0.21431545643355002,0.14123157829346802,0.28089538568030004,0.10158515519137601,0.211610561156431,0.09988006026300501,0.08519773397442901,0.30621152341862,0.20085890625921202,0.047029424828936,0.201809478765397,0.045523696095043004,0.19207336300404002,0.109850584346105,0.099946661743481
533,0.09990233361902601,0.114866053560896,0.06739950479286,0.06593828608316,0.086319087842469,0.056264789516674005,0.040388992758701,0.059417002006946,0.049179774252207,0.053441638681523004,0.074513008418488,0.061270615766527,0.054068151198525004,0.086508942835888,0.062773947256877,0.07869217246570401,0.076015222777695,0.040318647917282006,0.031155499134920002,0.025221428407529,0.043734000304905006,0.035776782964681,0.042973326934943004,0.099282471230989,0.037387324598240006,0.016614579761804003,0.08744700578245801,0.031750892004448,0.083317171384982,0.09818289114801601,0.05977210882490001,0.036339012012315,0.049668702314548,0.043250391761575004,0.05546582869793901,0.051540233714806004,0.042225309188792005,0.12508242127412,0.072693306135479,0.053901999862245004,0.059773134405887,0.06607630185970301,0.06708525328169701,0.034151864376344,0.05189579829366701,0.037639565227011,0.051787498947121,0.041133236789144004,0.036541612561126,0.047464827805296005,0.08521293395226001,0.06759732746267501,0.074716913299555,0.09431212674810101,0.170377279998738,0.077677855577651,0.09822010245222601,0.41728309812108905,0.044283818655669,0.033089293216386005,0.055009790327197,0.05913032980103201,0.024358919334647,0.045590994029745,0.048380201046692,0.059454821128947004,0.013907713760673,0.07781015768728501,0.07143880809202101,0.05238156735096,0.061952178943864004,0.040089918918683,0.079369318914844,0.067284788524872,0.063088655583171,0.08157941448358401,0.056605487632225004,0.090503032799395,0.069870348328119,0.11902758427638101,0.084129700789817,0.037148619182150004,0.111481376776383,0.061516566809829004,0.052623786835394,0.07528722112174001,0.046101959067786004,0.087640404449721,0.074662830736639,0.055942991116315004
541,0.019694765907481003,0.037490110757642005,0.044424742584814006,0.009596400179807,0.027645566190467003,0.013448535647106002,0.013258156030781001,0.038075391627597,0.02848849961607,0.051974466789313,0.016210894547644,0.06410187725135001,0.043441987852011005,0.062218766775419,0.043707590100453005,0.028861753548292002,0.0,0.05062104778379901,0.051668309967081,0.013277895460009001,0.020539051106717002,0.0,0.021163287343459,0.043208021840405,0.012756190482914001,0.026692879049978004,0.030749849898949,0.066407529432519,0.044395914154954,0.070012469616298,0.030191022941466004,0.205839845672067,0.010293037865888002,0.035104428794179,0.088594655983178,0.20968381528219202,0.023264359889734,0.039277616114549004,0.014972649363153002,0.044118145092461,0.043599330759807,0.062101342161286,0.027502864210115004,0.030519289859684003,0.049033480204541006,0.06642436221150201,0.05243871343525101,0.041643580966564,0.041480846759016005,0.068964302085347,0.267290915012857,0.198928602342852,0.17732336109357003,0.09418229393815401,0.035581414700453,0.195597021046014,0.23852041050616302,0.044283818655669,0.703957039560207,0.36431239083334604,0.153938147260923,0.32119572534871704,0.008048522470178001,0.06548685037387701,0.049817587282392,0.05161412885726201,0.0443810471894,0.074341558989143,0.028166540977563003,0.096411046992039,0.099488690327896,0.077027430383705,0.049770350671823005,0.026742425848652003,0.288479877275625,0.21778433789380502,0.21617387399357602,0.16399628552559,0.060820519719058004,0.10995017888441201,0.066425426947881,0.086434440839926,0.180134328083134,0.190181792838877,0.080264709563702,0.210837784108543,0.044695994352682004,0.15032272650926,0.10508180382621801,0.06934953162705901
542,0.003589302924395,0.033511120114761005,0.030195121095451003,0.003589302924395,0.039579672729655006,0.022921928794153,0.006959745914376001,0.021667549114443,0.040485939326918005,0.040755675223860005,0.006959745914376001,0.044590660923777004,0.057292792487486005,0.07120788067026501,0.057155565129259005,0.037130425074989,0.003589302924395,0.05293366853517,0.055369569862734,0.026447654554909,0.034452615395197006,0.003589302924395,0.038210544782719,0.038865270033487005,0.0031597903031070004,0.066702056823444,0.037105580111785004,0.039560572166722006,0.06089861931408801,0.046437907620993,0.047850152667228,0.13886861731972502,0.013231647190051002,0.04096893051507,0.081563700944486,0.179959905871646,0.023874944828262003,0.050223592059468004,0.017163326953938,0.043777911765924,0.052570429426559005,0.07228311821537,0.046469606782601,0.033534304316176,0.047107059909984005,0.064415201377644,0.060931663926337004,0.036589938704492,0.040030849952627005,0.06222526319106501,0.23454194173672802,0.15376030907697102,0.15766285321324303,0.103349005582858,0.081693921620728,0.176715104777547,0.172373032435889,0.033089293216386005,0.36431239083334604,0.560495896910976,0.150176399595873,0.24556503323081602,0.012533323851692,0.06333483073877,0.043953205916224,0.033203528887765,0.035725782508762,0.065610914603767,0.026359292707021004,0.059980761874034005,0.060205384448599006,0.028408435094405004,0.041512653110506004,0.012967926896516001,0.28728635769126004,0.22123063678200802,0.19906451083996102,0.15135960794428002,0.063015582210823,0.10902368601042702,0.06891893172763301,0.10261632705473,0.16522264941502202,0.21628330379816602,0.09234712872740901,0.238206192358959,0.048810420799789006,0.160213669211826,0.108686440421716,0.069885036965855
543,0.065869873104928,0.11778541380095,0.113492263849138,0.05545569273588501,0.07490886940926901,0.07090009487606301,0.058376494295782004,0.061936149870296005,0.105499002775104,0.307063329390733,0.06886253330780101,0.10180619935458801,0.08787614575679001,0.079576691383027,0.08950410579590701,0.08450367185815501,0.036272659953320005,0.085012647527145,0.05387850594112201,0.018223565745077,0.111448871088624,0.012640588559827,0.063848238396087,0.078579023661924,0.032630285304059,0.07947500830038501,0.082232512582118,0.06394097265899501,0.08117299203861,0.06415198468564401,0.032532267698292004,0.12475273375029101,0.07080118070383701,0.098868321685547,0.09847345648441201,0.113126345964055,0.104175382194334,0.09717098616599101,0.06160106849722,0.08331013807848,0.10070987942159801,0.11961560596595901,0.08251852800435101,0.11202969968826701,0.141840241779799,0.17450094775740602,0.132343972764352,0.067313420264241,0.14099761473761702,0.132961313030548,0.20305589215359102,0.135999798270231,0.13950162849279701,0.078274673459374,0.08807749089311401,0.153488426366788,0.097624281682004,0.055009790327197,0.153938147260923,0.150176399595873,0.56459523034819,0.17908006000860402,0.055118337705057,0.146627589195265,0.118934849968301,0.13701489968362002,0.047196263979372,0.125053230725442,0.045432116758288,0.128623270776436,0.11389839278691401,0.065760387126234,0.138252653881232,0.06547113525269001,0.24551662554811102,0.16301408571428502,0.170374399149077,0.10772328017005901,0.136551825116457,0.13616078375607502,0.135504718350367,0.13074086693143802,0.081670454389556,0.24880798350346203,0.12200807845526102,0.19862950023782003,0.13898398808856702,0.09668586028456701,0.13174685129871902,0.301261027442411
544,0.038485411779996,0.08704335595116,0.09224406336388001,0.028756258396951003,0.039295384556039,0.044297576980738,0.017277974201062002,0.046984533484961004,0.031769046218612006,0.077060586933604,0.027192301517473,0.12363306169910102,0.078208943097873,0.123417474798217,0.093091319652325,0.06689254833845601,0.013166225801319001,0.10210208724753601,0.099394638526722,0.041422211564361,0.05647361985214001,0.005738993835754,0.058105036297656,0.09922374435396501,0.030962366382108003,0.046077012973796,0.07742513191026,0.059735204694063,0.11577947535763101,0.13486182940180802,0.036939791572523,0.18809990286004702,0.041540189925527,0.067504850764494,0.12402069838670701,0.26386310278226405,0.077475227360429,0.073398049217631,0.025297655975638003,0.08694559154179701,0.07471040754708201,0.09029079609830601,0.08690741760603801,0.048865038148449,0.10111194003658801,0.122995576142071,0.09701430145938401,0.048443517772672,0.08756103228181501,0.11055479502147901,0.35019979469627405,0.297130453658608,0.28544816550921903,0.213122536192366,0.08127848286564501,0.30174850441683004,0.22218170300393203,0.05913032980103201,0.32119572534871704,0.24556503323081602,0.17908006000860402,0.536814400235561,0.018138082720942,0.114459015193468,0.103040895638872,0.08782873151369101,0.043817982214613006,0.079785336754743,0.028755746379783002,0.11985428471889802,0.170835745186107,0.062024525824658006,0.069057853873562,0.034286222304424005,0.373609631437395,0.323502776035963,0.33413914449889703,0.24767918574866502,0.115432984349199,0.21704987820395302,0.12159791054490501,0.09254357186035,0.19083840328557203,0.26549552364115103,0.09570845724690101,0.23228493351789503,0.08282909106726001,0.14407660333413902,0.13163865862517002,0.13489440366066602
612,0.035276008930823,0.019369122586143,0.044260349996062,0.029822430711053,0.02474675125826,0.057482055186363006,0.044924537730919006,0.06184194027702301,0.046766451220127,0.060231411924761,0.030834312326832,0.059792306463599,0.039426429700357,0.006931399810672,0.027040421552893,0.014363901702116,0.0062971820926730005,0.08773833498288301,0.123297922908286,0.087377184675529,0.11006671833136801,0.0,0.01830561176635,0.0050182472332320005,0.084166692160172,0.046615696267232005,0.022564901906850003,0.024590299811358,0.019218398816423,0.026049940041845004,0.0030953047867170002,0.08423747720796,0.08208415399155701,0.032537012369639004,0.083623736538567,0.02665355141339,0.14762943942894502,0.030567762620725,0.033260513951977,0.026106860884791003,0.026039133204479002,0.016227183891524,0.055493279721113,0.016633835560231,0.038136165072229,0.053413454689703,0.059260016554243004,0.034003570762341,0.063648556289019,0.040872301656608004,0.014861784078061002,0.014775497975124001,0.018805179241068,0.014203202833872,0.038637721143680005,0.017698666990418003,0.022120941164905,0.024358919334647,0.008048522470178001,0.012533323851692,0.055118337705057,0.018138082720942,0.650245488708257,0.09793058811858701,0.144039923026851,0.110931168861939,0.126360339864035,0.19874229930554702,0.046331580745405006,0.036696999067853,0.033307649006816,0.06184194027702301,0.059396405384392004,0.029899939226019003,0.007421047017449001,0.00990785605204,0.011613185388512,0.014448956742559001,0.08659482410063801,0.017798950386751,0.02433611431197,0.068548134213554,0.019318585889459002,0.035006145361404,0.034980588104674006,0.032057162894554,0.046867205956228,0.028367411093092,0.033923779146524,0.10463472662857401
613,0.039395233965860005,0.07323765451396401,0.106735433389918,0.030693982536427,0.048460334705059005,0.100868329307746,0.048743752146495005,0.04651635178706601,0.10744950682305901,0.130875404840601,0.037416220586221,0.148593508005745,0.199434958047528,0.10149638062421601,0.09741646704426801,0.11575164825608501,0.016651912972486003,0.283679511471496,0.268711293710428,0.23663993865906502,0.10909443200205601,0.021604127875233,0.09300856247865301,0.098575105458702,0.07359882802720501,0.036928736121341,0.103370935348589,0.07678421659399201,0.219111232987716,0.107916368164753,0.021264349428426,0.29168766135155505,0.145284161204723,0.153120832818492,0.23241941289478701,0.09014140169898201,0.19745209114060802,0.053070368666106,0.047712393485138005,0.11091360969852901,0.124678356914696,0.18575456981659402,0.167116563183957,0.09318144602455401,0.153056945913912,0.14885885011476202,0.11898325674078102,0.059066154245279,0.24756662896731102,0.377748262185846,0.10318044900357301,0.14036834667893602,0.11108221293386,0.138613550179106,0.06953528273606001,0.126081689041757,0.06954312354592701,0.045590994029745,0.06548685037387701,0.06333483073877,0.146627589195265,0.114459015193468,0.09793058811858701,0.744023849350524,0.35377564230700903,0.16338894056595302,0.081668688089664,0.18646876673353102,0.051156963179153005,0.151694904378109,0.15708605097915002,0.053321584280129,0.10764039175953201,0.044554848800689,0.10973833739394201,0.140174389317862,0.174606310672411,0.129821196547337,0.076524548149128,0.16326072386599702,0.09118864158529001,0.311727843007841,0.063961307492295,0.14161913140114002,0.08085999884910501,0.09331730196434601,0.15664728201897102,0.068771239335083,0.088240625153521,0.20822087781279702
614,0.042343690322507004,0.08191825982245,0.11516618591872801,0.021762940408312,0.046164817705403004,0.09565154956388101,0.046890479888471004,0.044677513693134004,0.061296718579407,0.135848515284569,0.036761024949817006,0.26863941697840704,0.22324080765171803,0.06727740594925201,0.09075526955872701,0.105123757713037,0.017277435758351,0.447231762799763,0.49581499130397605,0.37716950472583205,0.137397815657425,0.023636676117031002,0.11723463192928502,0.08249903491507,0.13093936055312902,0.06445615575148901,0.07656952862222101,0.047840508914640006,0.177824890927429,0.10340116115477001,0.046138611915723,0.46112425646259103,0.21677953936267602,0.124337011415383,0.15330754021518,0.068588175004292,0.298655252085666,0.067097181755968,0.07129686827373201,0.11855002938615701,0.09904161058803901,0.070671750265604,0.172467580771815,0.07907229468886601,0.16679125060146902,0.140894970419464,0.12440213437174001,0.048525609886023,0.26126111746875,0.11972865033737401,0.06347238227075701,0.10470101947847901,0.086801186163833,0.07703523306269301,0.06937228484987701,0.07148308205335001,0.038392198650783006,0.048380201046692,0.049817587282392,0.043953205916224,0.118934849968301,0.103040895638872,0.144039923026851,0.35377564230700903,0.8035997721061,0.245056987095768,0.17050462334543,0.146775604957255,0.026232848942383,0.15527356561683,0.16959789308403,0.053393749852076004,0.130801862736076,0.042691828519027,0.070440969533985,0.09642418003519801,0.11177329279358601,0.074610370893974,0.100527532028842,0.098027962836411,0.06972840599426,0.068216288901463,0.031524477617794006,0.090716548546433,0.064536245088054,0.075891865116642,0.143362030578568,0.048835430823482004,0.064744784455438,0.252772625871845
621,0.08202061838241001,0.13125097563041202,0.200102999933183,0.049907437131772,0.048213430084983,0.143075634215307,0.082134784259379,0.081724502555877,0.07769030079955701,0.185286342955917,0.054482645438544,0.19356840276123602,0.11818662786592901,0.08315280784445901,0.125800050502686,0.15031441798984102,0.031784261877956,0.160549373706306,0.136897961687752,0.08480289473465501,0.151346573774646,0.027505047596712,0.125183193119484,0.100413931532949,0.08492429278994301,0.080090616493627,0.102267753885956,0.116001133695041,0.120610684731836,0.14595887438756802,0.050401352610923,0.132237675707278,0.20484376738679302,0.23983199388376203,0.21595638842326903,0.12682132208249902,0.253586772779204,0.12866488921625002,0.10245796553836901,0.148823043690769,0.16533119977458702,0.049188413363142,0.16948888281764302,0.16634092465046202,0.233916002273396,0.225941696247135,0.186844170181167,0.126383408424727,0.171307933567339,0.148601697809428,0.071016855596606,0.093109031387043,0.114404824005208,0.074821580956833,0.094423575005805,0.09571637786086401,0.06082938362430101,0.059454821128947004,0.05161412885726201,0.033203528887765,0.13701489968362002,0.08782873151369101,0.110931168861939,0.16338894056595302,0.245056987095768,0.603384117194496,0.09427814132342201,0.130859421128755,0.033009423420023006,0.10416973510800001,0.22615047162741203,0.096743506063258,0.204506560410904,0.091523551341149,0.07630914030881601,0.086557599628062,0.11885611596682401,0.07059576032270401,0.14497735545081902,0.170548961726456,0.15651697212624502,0.058909245356610004,0.034012611383066,0.10734039821653,0.10312636302441501,0.08442179576211101,0.271515821716839,0.044753524733849005,0.087043762246941,0.251461570118287
622,0.036992771201482005,0.025643968337662002,0.06228282787490601,0.029213886495785,0.033085683045861,0.020432789583303003,0.04689376504138101,0.07380435575298401,0.025270520417058,0.07120201968226801,0.039859132862052005,0.18984485575803903,0.040499550174052004,0.026378690737111,0.033518209880761006,0.022689879598934003,0.029213886495785,0.11110342356445001,0.129004859634606,0.14618619813598502,0.060218221634637005,0.005814368692393,0.031589439099301,0.026696624003905003,0.038333449929812004,0.070388341892994,0.033628343859700004,0.09112143176306,0.023813976574283,0.038019502115682,0.039537006448916,0.097888511846938,0.047806060333857,0.03772914779355,0.07293887259423801,0.07660598580269601,0.13983538527560702,0.026179056343482002,0.020454292436344,0.042037686951596,0.051127724815584,0.019258638244617002,0.036592729379584,0.040192935698232006,0.05496651547190701,0.060143201354780004,0.07794548629328901,0.074709705961587,0.06902462698214701,0.027008216284401,0.019663365113271002,0.031938300672866,0.048214901068477006,0.031922649948110005,0.056541996683950005,0.034673568462559,0.08507676531857401,0.013907713760673,0.0443810471894,0.035725782508762,0.047196263979372,0.043817982214613006,0.126360339864035,0.081668688089664,0.17050462334543,0.09427814132342201,0.899593713343051,0.083711622552138,0.023354969688697002,0.07919078598913601,0.062347626768024,0.097171717464026,0.066606180607179,0.071590781254991,0.016039552705422,0.035853025278991,0.025546584794248,0.043188350305668005,0.050414575959327,0.029589704605292002,0.024743826934295002,0.023053174291757003,0.046182087396143004,0.03837385219038,0.05854009130986201,0.02176776263177,0.02047871267219,0.028367411093092,0.021583899744744003,0.07896403898168401
623,0.06116613465719101,0.056169385929376,0.055909430075652,0.045464755023864004,0.05704481175653701,0.054920605680916,0.066633384786129,0.09500478121431001,0.046529256632920006,0.11308205247316301,0.071945379717958,0.089987836253985,0.039963224864365,0.039318715092116006,0.065609815889427,0.035324527666289005,0.029349757604149002,0.088186819526092,0.11286624380075101,0.08727617311218101,0.08962393366113601,0.014175145607213,0.028817379719992,0.033463133185496,0.080529983513888,0.07686248104237,0.05097946563738601,0.031937798087037,0.065541324929778,0.045519392795238006,0.015710414709991002,0.08968942752158901,0.07789035613749201,0.046690591830955,0.07932898955992401,0.067869084268717,0.12481747594827101,0.079926108416056,0.033015734932094004,0.04488141883866,0.05096551578541501,0.12476135435909701,0.063863806903249,0.062292381349300006,0.06400047373867,0.079201663948899,0.109324340093224,0.07488310903832,0.12150220070510001,0.12190434904375301,0.07424158149703601,0.07244781392513401,0.081504859794708,0.06485420380661701,0.087573451783263,0.06988546685694301,0.08168920700429201,0.07781015768728501,0.074341558989143,0.065610914603767,0.125053230725442,0.079785336754743,0.19874229930554702,0.18646876673353102,0.146775604957255,0.130859421128755,0.083711622552138,0.499640438584639,0.12488630898252401,0.10528823267838101,0.08023928780585801,0.07997260547899501,0.11878930576717901,0.057870868854016,0.063422399234587,0.058623890136612004,0.09890868694263401,0.065875676924145,0.092833667054146,0.11032180803344101,0.085292514574432,0.176856719866289,0.075128731922463,0.099734004165051,0.09219354180462301,0.107881551220092,0.06738337690794201,0.08935010372446801,0.10978566389409901,0.145505353551482
624,0.031689693297717,0.036937684379797005,0.029822551393753,0.038216865839425004,0.046205994404844006,0.031804891099236,0.052295346637525005,0.06873269656561401,0.040006388818394,0.046841436024458005,0.070678136085566,0.044602253208044,0.015225742233373002,0.033587159633218004,0.040772757762101,0.026253131637960003,0.025640594035173003,0.025793936290544002,0.028623863631846002,0.015614124246754001,0.040860150410269004,0.008583115688771,0.013477503835356001,0.029966338068430003,0.024818134997491,0.030824712586825002,0.034440313305930004,0.018432895779529,0.027436077677867002,0.031954856609703,0.012414116105955001,0.015022765668364002,0.030320191517487,0.025711378108728002,0.035432563863104005,0.034376681688251004,0.042555966946209,0.051230574230656,0.018932550116099,0.023488167336408003,0.030068701611271002,0.042912641047975,0.028688019271215004,0.032531719053949006,0.028100341975703002,0.036946594204634,0.047078600911310005,0.046299674571719004,0.03414983470216,0.045165607131144,0.040010979911313006,0.036105588920412005,0.037321870566758,0.038334214812379,0.071700158964383,0.031613884591976005,0.039225127410958,0.07143880809202101,0.028166540977563003,0.026359292707021004,0.045432116758288,0.028755746379783002,0.046331580745405006,0.051156963179153005,0.026232848942383,0.033009423420023006,0.023354969688697002,0.12488630898252401,0.29578336337966304,0.038485792084101,0.037064459289795,0.04759369943782701,0.04359699414049,0.05205130789812901,0.024153322841912003,0.027163456177902,0.030187121495162002,0.036734453538832,0.046877379180851005,0.041737745261433,0.046582493465939005,0.039994834624197007,0.029516382275885003,0.033783590297902004,0.037504493892948,0.040279780959348005,0.035190241836177,0.05178921510707701,0.059675413424567,0.041323325542950005
711,0.044154871388138006,0.06036297483383601,0.079612825183765,0.034151509362496,0.062830699768014,0.037324344362762,0.04597305949494301,0.122853554353718,0.044807901193646006,0.13318485600399102,0.040823496609177,0.092023247443394,0.07787049714024001,0.0460037278402,0.06568044584591701,0.060168000000924,0.014875936818042002,0.09493430954097201,0.12312265058516701,0.12972483066541102,0.07306459720524801,0.012035500987256,0.07006339028397901,0.05331338867429301,0.051119452996413,0.074650173542466,0.049621148547184,0.09059178650459701,0.072665248839567,0.050369357826563,0.030799281383892003,0.111494435790947,0.08695237388037601,0.05566652980967401,0.07552883864989801,0.09685934656849801,0.10586149233489901,0.063420474521503,0.061698636976541,0.097034079622882,0.11876163696534901,0.058159136585823,0.069460766992883,0.13372723415234,0.146524861704198,0.171992050386576,0.18662596670990503,0.110923257356172,0.20242113565031503,0.072394623255033,0.079855788928558,0.089657707772583,0.07549425366972501,0.06490272513702701,0.057233312843911005,0.070639001017162,0.07798029337282701,0.05238156735096,0.096411046992039,0.059980761874034005,0.128623270776436,0.11985428471889802,0.036696999067853,0.151694904378109,0.15527356561683,0.10416973510800001,0.07919078598913601,0.10528823267838101,0.038485792084101,0.47562381567309103,0.16080471318913903,0.19139139132114602,0.154121712860673,0.10585335996379001,0.08700025582296,0.07313208682142301,0.10201963009759601,0.05591094494721301,0.113347403730087,0.08479199568968701,0.10887192189448201,0.07114349566882801,0.059489365731951,0.11156290192324601,0.166905294762056,0.09606155626547101,0.08648425675024601,0.15053332160924301,0.16322794110316602,0.162399873604886
712,0.078661650806802,0.13199273642634402,0.179288668467131,0.061329930942092006,0.06391683614723201,0.09272401092406701,0.071286191637127,0.088218230979014,0.055418557393855004,0.13039133051126,0.055182159479989,0.22586368116254602,0.10528080458393001,0.14469526691234502,0.21405649023278503,0.12637003516185602,0.040271189634676005,0.11894832200050501,0.069554578966858,0.06838337996848701,0.10776272563311401,0.02028345891974,0.215486360717167,0.14728226655189,0.04871187726505401,0.091237974343257,0.130193333727101,0.133395725963317,0.131958003260328,0.158008816037738,0.08919450063006701,0.10881682795567701,0.121527664325334,0.15467757875708102,0.22998126356835702,0.15149819850589302,0.13922770075947202,0.08427855407189101,0.079049794938366,0.248595740536066,0.272702443911628,0.060801600087066004,0.155726345989521,0.17312970217678902,0.324533764976124,0.20952791225432701,0.185243276957922,0.11191265933192901,0.16465151913963702,0.139910505828113,0.110551688018065,0.18781466462613203,0.16982815815003402,0.16439872042546602,0.087402716858948,0.159097701437966,0.115851169937894,0.061952178943864004,0.099488690327896,0.060205384448599006,0.11389839278691401,0.170835745186107,0.033307649006816,0.15708605097915002,0.16959789308403,0.22615047162741203,0.062347626768024,0.08023928780585801,0.037064459289795,0.16080471318913903,0.53094676164941,0.09252213843708701,0.16301665163422202,0.081937869280562,0.13664014641521902,0.17572301614041202,0.187817974821352,0.11774334895249201,0.11845160166713702,0.164065158203892,0.12851595249977002,0.061208351743859,0.07324246846830901,0.148015872711347,0.11498917089150401,0.11940265589021601,0.15742612860486202,0.08176976107429701,0.12117986192677001,0.20114847619770201
713,0.08889384833496401,0.06229251129083001,0.067176503772155,0.103771860264964,0.08262406186838801,0.025248599015061,0.08569383406759501,0.266187243883071,0.051260588493456,0.10315130832505501,0.066789493443943,0.075288288546299,0.035168519813545004,0.041033872117562,0.049663538004825,0.053414827536204,0.065410250546185,0.025291455397801,0.030735206154679003,0.011412197679856,0.059566325111601,0.027578135920456003,0.045137793581725004,0.04226267256589,0.04183688631232901,0.07232633427049201,0.041373212141291006,0.085651157430017,0.024659521215139,0.042213034195812,0.027255640977814,0.030535934788743002,0.052480739420422,0.03079509732791,0.050978855341674005,0.078554510011903,0.06928953812667901,0.037750940333463004,0.035008402234849,0.062925750521791,0.104611109234419,0.032756335775993004,0.037951923501256,0.07716316986685301,0.103246412109235,0.09642654495078501,0.11276641009985201,0.14035365745626602,0.07805578022533001,0.055740168381213005,0.034970081689580004,0.042613729170214006,0.043042402944566,0.030133279347495004,0.041750935790559,0.043580030043442006,0.0447673325836,0.040089918918683,0.077027430383705,0.028408435094405004,0.065760387126234,0.062024525824658006,0.06184194027702301,0.053321584280129,0.053393749852076004,0.096743506063258,0.097171717464026,0.07997260547899501,0.04759369943782701,0.19139139132114602,0.09252213843708701,0.391362662578839,0.08598288786718701,0.11344771830550701,0.035416679022749004,0.03579540266127,0.051847618523473006,0.022140010806235,0.06617414388421901,0.035704826009857006,0.060242560718319,0.045978367966669,0.018980414352002,0.048092189425467,0.11052354696147401,0.04911092322721,0.044110041247518,0.10030656651597401,0.092749077365012,0.0701279614486
721,0.067308795300951,0.124467137786925,0.107641604137477,0.039055332011319006,0.0650241417859,0.10428778581860301,0.05556974105678301,0.05817307862332,0.06497258128349301,0.172106270760569,0.045068454703961,0.12679487463963102,0.04460277646306501,0.07156798243659701,0.10693363030489501,0.09125658236513401,0.021134455267373002,0.09966751851147701,0.087440840930377,0.053929094588247004,0.114998504682166,0.02032302781139,0.102823227103253,0.10041392339527101,0.055266268986562006,0.093663847720636,0.09361357785422701,0.095720309150226,0.08793538238503101,0.10592351049482701,0.054915810990494,0.08587857095571301,0.129874955410855,0.125684164042162,0.11433276323739801,0.07822671885198901,0.11933456956543301,0.14875500811352602,0.131368404608032,0.11385854918877901,0.129300058324532,0.06935661173525201,0.09481804453558401,0.23888404227382,0.193466836311687,0.224645056826614,0.226981762624152,0.11296674429263301,0.19733905379257702,0.085783510939873,0.08374339054363901,0.076427975605977,0.094896053859383,0.076503291035103,0.10779691373243501,0.086670287082829,0.054699392735442005,0.079369318914844,0.049770350671823005,0.041512653110506004,0.138252653881232,0.069057853873562,0.059396405384392004,0.10764039175953201,0.130801862736076,0.204506560410904,0.066606180607179,0.11878930576717901,0.04359699414049,0.154121712860673,0.16301665163422202,0.08598288786718701,0.443319162349722,0.14507300382812102,0.075522594959456,0.06861860277624,0.097386897241756,0.07647386761234301,0.153683296281623,0.102346777782423,0.160586779580836,0.047042692339001005,0.041808434759954,0.09093716672317001,0.182631296202721,0.09707715875473101,0.147385414733883,0.053714865328458004,0.122393520144702,0.155989484135443
722,0.11125545622505001,0.069883431502652,0.083084493902514,0.09971451502146501,0.11412410037951601,0.045753512454951004,0.08677138973989401,0.09561642279025101,0.056658115073379006,0.10406691698574301,0.11844196778731,0.051995156249347,0.029327616713952002,0.047461629450466,0.054222822473403,0.041181960794486,0.043003528816018,0.029707750616707003,0.03320209408362,0.027512917045204,0.07221814021754,0.027021107419255,0.07136033651651201,0.065877974133076,0.040163716559909,0.060727257395412,0.058566626411319,0.058952561146640006,0.040831284546580006,0.059226763781817,0.035663647255183,0.031899196704676,0.06988562178403601,0.061008029626875,0.041631075155966,0.045330446102852,0.04843662127143301,0.072252448113306,0.09782569093035601,0.07637061401818901,0.09300532947241301,0.028776277035680004,0.060282435761067,0.135740178070124,0.10572714264893401,0.107850774512703,0.14029896248936302,0.18687985416542002,0.11512177683339801,0.046218441302215,0.023273703875738003,0.034737970012701,0.040522005551805004,0.035114471712812005,0.07075622494936201,0.035775757462841,0.016024665837944003,0.067284788524872,0.026742425848652003,0.012967926896516001,0.06547113525269001,0.034286222304424005,0.029899939226019003,0.044554848800689,0.042691828519027,0.091523551341149,0.071590781254991,0.057870868854016,0.05205130789812901,0.10585335996379001,0.081937869280562,0.11344771830550701,0.14507300382812102,0.35760795482428803,0.022092262669325003,0.018907433752964,0.049199419010290006,0.01637991455756,0.07430267557375,0.038626621186957005,0.070582600085161,0.021008939425293003,0.012904858513482002,0.040298165867875005,0.138880376432893,0.042522520249169006,0.058311941395312004,0.06944199733642101,0.080380300849703,0.07257936486828401
811,0.010671092049567002,0.099845832284831,0.043296988428828,0.008489173692895001,0.037959777921468006,0.045176335046651,0.009449818172631,0.024557281037505003,0.04885132389609,0.098715451023949,0.015813746712924,0.091985394239027,0.070952141748751,0.110648510261802,0.09045494266819001,0.06958366721591501,0.002125245152602,0.07428919498143001,0.042956763007032,0.035757360187996,0.039578020113772004,0.002125245152602,0.043683862486426,0.078625472605874,0.0019956570335410003,0.050174433793052,0.06680335829735,0.010498817382569001,0.114549069894709,0.077806538344782,0.050459986970361005,0.14582991973414602,0.024021479398635002,0.066903143239998,0.097056696362482,0.21300287178531102,0.05005831694657,0.09850589758088901,0.031819842618179,0.068698789896573,0.065706279486514,0.12457060255321802,0.07900363585049501,0.044741277894934005,0.075575755570587,0.12017587412223601,0.068167423995105,0.031120074831133004,0.07015502356966401,0.114922569295946,0.38055609491206205,0.273581914670658,0.275193299769807,0.19158851789980502,0.086085664999809,0.30387490797221,0.21289805501651501,0.063088655583171,0.288479877275625,0.28728635769126004,0.24551662554811102,0.373609631437395,0.007421047017449001,0.10973833739394201,0.070440969533985,0.07630914030881601,0.016039552705422,0.063422399234587,0.024153322841912003,0.08700025582296,0.13664014641521902,0.035416679022749004,0.075522594959456,0.022092262669325003,0.599107028931545,0.39424333130056205,0.353151504751039,0.281265859269398,0.137475395837536,0.24778878317316302,0.15780758713085302,0.109508895443298,0.220116483410555,0.339372507920083,0.07640987534799,0.314010753120666,0.095051882440031,0.143489627456222,0.15902992379424702,0.17753796603010602
812,0.020792372241152,0.122005646705511,0.077741233543066,0.019213078954418,0.04733493743299701,0.047581777745762006,0.018195018351672,0.026374700487845,0.05527565033639,0.053007482471125,0.026749523654814002,0.14623383694949502,0.10008855891045301,0.16892384768030203,0.12512693308651102,0.11067513504179101,0.010658573651275,0.090069212557338,0.04582946534678901,0.034565611370763,0.035136916010907,0.003254895819638,0.08603811217165601,0.11571930943488201,0.004660427774573,0.043480918455435,0.11551597837706601,0.037026119066536,0.201175804504649,0.137158818965075,0.05234640493387201,0.172916391135156,0.02930254591666,0.09957560059921301,0.134267185275833,0.19328368669307103,0.047635144948682005,0.11311547504499402,0.030006831165501003,0.12548079840699902,0.098282516431079,0.125670380748923,0.139794674508969,0.044868288785807,0.09238642332977601,0.12815713898792502,0.06569292679291801,0.028261107613687,0.077396904310224,0.161374443616767,0.320078574656858,0.393191885479085,0.37332111365338805,0.312884632813393,0.09266188989064901,0.434391573565142,0.21431545643355002,0.08157941448358401,0.21778433789380502,0.22123063678200802,0.16301408571428502,0.323502776035963,0.00990785605204,0.140174389317862,0.09642418003519801,0.086557599628062,0.035853025278991,0.058623890136612004,0.027163456177902,0.07313208682142301,0.17572301614041202,0.03579540266127,0.06861860277624,0.018907433752964,0.39424333130056205,0.6283484145275631,0.41702172807700305,0.37523160648672704,0.137290899495949,0.294630027562856,0.18247766443913102,0.09431757544265501,0.247549418438013,0.33523515510849605,0.065351426739849,0.265078691013004,0.10393280437669601,0.11418787969629901,0.139165026479658,0.11582232388375001
813,0.035747519694504,0.105101175777667,0.10508753242975301,0.024550397246230003,0.035655969164636,0.063193266092259,0.022783325472510003,0.038666988776543,0.042926411021364005,0.07879329502017,0.032298211828396005,0.158194308553746,0.11515396755216802,0.179110918908151,0.141472554648646,0.08179407156459201,0.012415067376512,0.105935132858333,0.082098595790471,0.035441910450429,0.047681603043371004,0.005746680651573,0.10206722913040701,0.12910335506075002,0.0074367413044180005,0.041351638622493005,0.12000807571412801,0.039561423142216,0.21117849281849702,0.12166201815254601,0.050491948786120004,0.19542542586243503,0.036718626658359,0.12224980001055201,0.112631288684312,0.190224825473976,0.06096240278214601,0.11518543177942701,0.032095917563183,0.125684740637035,0.08794069899976001,0.164256987344769,0.15329983265691102,0.06564013253808901,0.13191700850739002,0.17496930026108,0.10167299586209401,0.052216026485770006,0.108440097138217,0.198576222891159,0.282375592335923,0.39684405988050003,0.334103124878392,0.28171187904494405,0.092311662526496,0.36702658491066503,0.14123157829346802,0.056605487632225004,0.21617387399357602,0.19906451083996102,0.170374399149077,0.33413914449889703,0.011613185388512,0.174606310672411,0.11177329279358601,0.11885611596682401,0.025546584794248,0.09890868694263401,0.030187121495162002,0.10201963009759601,0.187817974821352,0.051847618523473006,0.097386897241756,0.049199419010290006,0.353151504751039,0.41702172807700305,0.613487037774476,0.227027594182612,0.15993002235724801,0.242896106158647,0.185872834035779,0.11515236213052801,0.16079056763405603,0.27050170050871003,0.09460533577912501,0.23556522876195102,0.11167656026089101,0.108478304293821,0.14611991500727,0.12712932297906301
814,0.028725183365974002,0.097296383754919,0.048110766307805,0.026422047322821003,0.037108288328405,0.046815064430608004,0.024291087435108,0.012719866884237001,0.065712415435787,0.06432874407492101,0.033887487614915,0.12042937757586201,0.057179483583994,0.11749079536665101,0.080308151415522,0.08071380724360701,0.016825647143013,0.051286678887339,0.041358016232089005,0.031870257226900005,0.034173959915098,0.006028616971875,0.039875329215456,0.095096119894263,0.010321665400569,0.034569989020836,0.069846461568632,0.034674201298638005,0.133805562598866,0.086352782518299,0.030914532265977002,0.10756142636424601,0.029432068948315,0.075938659605741,0.082051729257889,0.167066921171195,0.043025640762349,0.14925285954724102,0.028591458606338,0.06910736098957701,0.061499512323214,0.130400785751768,0.081710299638815,0.034420428139712,0.055500898658177006,0.08341075826317701,0.050708443472977004,0.025721577468157,0.07491070813021701,0.12786954140300702,0.32850887248951904,0.270982300506869,0.36403670332160404,0.281320852623902,0.096017476820484,0.31782719041364205,0.28089538568030004,0.090503032799395,0.16399628552559,0.15135960794428002,0.10772328017005901,0.24767918574866502,0.014448956742559001,0.129821196547337,0.074610370893974,0.07059576032270401,0.043188350305668005,0.065875676924145,0.036734453538832,0.05591094494721301,0.11774334895249201,0.022140010806235,0.07647386761234301,0.01637991455756,0.281265859269398,0.37523160648672704,0.227027594182612,0.572329868093693,0.11693914084123601,0.31842598876174205,0.19522398743965502,0.098444951060528,0.349383160645285,0.346863125915685,0.061586879164482,0.27089614317455,0.10590945514070801,0.14027349096764702,0.133485145941871,0.127746994656948
821,0.056989824129961,0.112586309941373,0.098845649754647,0.027109266450064003,0.025563534997197,0.08524290989867801,0.051874536766244005,0.050456003118517,0.11020213871326001,0.109646939895344,0.044470633758199006,0.09906905582653901,0.082583227823007,0.06934431144128801,0.127155032499705,0.050292631215044,0.016119493831096,0.076348387744607,0.08606654695405501,0.047004008077780005,0.19389619016001602,0.011663133038872,0.07584664796701601,0.07961168856841601,0.077829615632234,0.11246028462129601,0.074534074274092,0.08384696449735701,0.076506324194671,0.07935820204384901,0.038187031087429005,0.097016992242153,0.104299782592256,0.081279017780155,0.19171225723682903,0.14204687812692302,0.21826396685270102,0.155728449147887,0.045145721446115006,0.07603416661121501,0.086132294351612,0.05428430231095,0.125018781653948,0.098306152996846,0.09763768325763401,0.150162329367933,0.15012869380163302,0.06585281888617,0.12045596985102001,0.085512789400498,0.110057945068825,0.12358122339480002,0.134276074712565,0.10101229720869101,0.09523338937794701,0.099437215756457,0.10158515519137601,0.069870348328119,0.060820519719058004,0.063015582210823,0.136551825116457,0.115432984349199,0.08659482410063801,0.076524548149128,0.100527532028842,0.14497735545081902,0.050414575959327,0.092833667054146,0.046877379180851005,0.113347403730087,0.11845160166713702,0.06617414388421901,0.153683296281623,0.07430267557375,0.137475395837536,0.137290899495949,0.15993002235724801,0.11693914084123601,0.5318694857791101,0.156928327809777,0.20198235425632002,0.077152163954952,0.078174421842491,0.13054162964201402,0.11329052651628801,0.17904284289598302,0.10244267046000101,0.06400837592209101,0.161842294031,0.12313482074102901
822,0.039839511088107,0.09060400620120901,0.06520085263886101,0.025717966519088004,0.025638214351733003,0.074477895471747,0.020165599286246002,0.036587967400903004,0.086966183758831,0.08349215355782601,0.035283834072227,0.11522651376218501,0.054976783620949,0.100702338055405,0.086752063319794,0.07259384760799201,0.010599731733106,0.063983525721959,0.038892587765831,0.030608404246061004,0.049899943611095,0.021115675883988,0.040811512067585,0.08162494268930301,0.014142274474737001,0.038466826472284006,0.08228137529634201,0.015191217160899,0.16913733165563002,0.114227076051681,0.031119098408193,0.10352457280052901,0.038050081631419,0.10370740593213901,0.081519230871001,0.12692517723937402,0.07980052941104801,0.17435087018004303,0.050826736324548004,0.089559704403441,0.0547659504419,0.139762521642833,0.12667883100468502,0.057297193829737005,0.107218205738173,0.10549017600464201,0.09708117595763201,0.042232024026680005,0.08933854465070801,0.16152150684513802,0.25875333333704703,0.21292357688305602,0.277635204699671,0.215178071375786,0.115374668231285,0.22827705588612301,0.211610561156431,0.11902758427638101,0.10995017888441201,0.10902368601042702,0.13616078375607502,0.21704987820395302,0.017798950386751,0.16326072386599702,0.098027962836411,0.170548961726456,0.029589704605292002,0.11032180803344101,0.041737745261433,0.08479199568968701,0.164065158203892,0.035704826009857006,0.102346777782423,0.038626621186957005,0.24778878317316302,0.294630027562856,0.242896106158647,0.31842598876174205,0.156928327809777,0.651532402356485,0.35941244318459703,0.15183144795325001,0.262119105298023,0.264997363938115,0.07561595496876401,0.266086158070449,0.175247470690049,0.11780449260574401,0.148043682479786,0.199132880198984
823,0.05795925326839001,0.115889087070196,0.083747155295434,0.032012013613627,0.04826965723154,0.12298911532891901,0.041681590838722006,0.068381189232362,0.064923987740055,0.09321155805219301,0.048068438689484,0.10551392492831001,0.06253646094253901,0.096655380075022,0.092341442402761,0.08788718540183901,0.021347677085874,0.043525491380217,0.040842414238700005,0.027847973073744002,0.057503034196771004,0.039750921383994005,0.069332471257842,0.102420049787819,0.031649469746776,0.04607079480263,0.09125563967779901,0.052589884444071006,0.14083121693435302,0.14149124844306302,0.047578094617881005,0.04685461053796,0.064638182358164,0.13938290965000702,0.08108444929422601,0.063006413956292,0.06324537288623,0.275714106003835,0.091929488884655,0.089748786944796,0.067651777044199,0.106680968577976,0.12993631484568202,0.13212409333011602,0.11085686969837401,0.139179411343425,0.153887975969966,0.07994462912285201,0.142459371140714,0.13535875226059801,0.159673799257242,0.144200242199572,0.184476324181252,0.144477146286835,0.11523361040527501,0.14549978135795702,0.09988006026300501,0.084129700789817,0.066425426947881,0.06891893172763301,0.135504718350367,0.12159791054490501,0.02433611431197,0.09118864158529001,0.06972840599426,0.15651697212624502,0.024743826934295002,0.085292514574432,0.046582493465939005,0.10887192189448201,0.12851595249977002,0.060242560718319,0.160586779580836,0.070582600085161,0.15780758713085302,0.18247766443913102,0.185872834035779,0.19522398743965502,0.20198235425632002,0.35941244318459703,0.566163922424484,0.08568511009280001,0.141755454537623,0.189731311076516,0.099054568730259,0.218806883380628,0.22210094772784103,0.079571593926408,0.18419753594585603,0.12845210289132
911,0.018092209914733003,0.08424312228619,0.051329896950245,0.024868744810935,0.058446769890184005,0.078336718670564,0.028869831406902004,0.047320063541527006,0.306648909601393,0.072197054733404,0.032856028404668,0.053754435537984,0.14226616582044901,0.10088537333039901,0.037523037797778006,0.151418069865932,0.013381249826464001,0.089023052731138,0.080186838469777,0.09480404309495401,0.032374272534481004,0.0031061275307260002,0.074768611565485,0.085555407817704,0.031376518488826,0.049117078452261,0.07788260335821501,0.050966561219435005,0.120654872828845,0.053195272543294,0.034112455617102,0.06935119154423901,0.046688207587181,0.06797570184665501,0.08224774320107901,0.08039538667863401,0.053325733817407,0.055831933414875,0.024775758781877003,0.059700905885976006,0.061426868169036,0.265477915282239,0.07795830982150401,0.057783054500024,0.06371151642190101,0.07848810036793301,0.068242737582048,0.050137585663198,0.045278702150183,0.35385547932445605,0.09569204336107001,0.09094147232738001,0.07171006061123801,0.084651662936846,0.061958208128336,0.097799442304456,0.08519773397442901,0.037148619182150004,0.086434440839926,0.10261632705473,0.13074086693143802,0.09254357186035,0.068548134213554,0.311727843007841,0.068216288901463,0.058909245356610004,0.023053174291757003,0.176856719866289,0.039994834624197007,0.07114349566882801,0.061208351743859,0.045978367966669,0.047042692339001005,0.021008939425293003,0.109508895443298,0.09431757544265501,0.11515236213052801,0.098444951060528,0.077152163954952,0.15183144795325001,0.08568511009280001,0.7553453500964351,0.08836179820569001,0.125802091556839,0.09382246222743901,0.09710889733758,0.084786124714256,0.07164865914747201,0.10622000554204501,0.08805695028995501
912,0.016039561634599003,0.024939518350779,0.017525937760425003,0.012434653045315,0.010889692221336001,0.028680523673882,0.0070272901613890005,0.015990977960889,0.028720940281254003,0.025634575000418002,0.016039561634599003,0.059352154664790005,0.021260953037844,0.068150475033184,0.03146238320683,0.018053336956059002,0.0034223815721050005,0.026320939651564002,0.022882283488536003,0.015192382712383,0.019274750201518,0.0,0.0064552882047460005,0.042950980522342,0.0032797823399340004,0.025893293299979,0.039032848297823004,0.012349059754715001,0.08429424845597,0.05729083025454101,0.004700277639089001,0.07705678013184,0.013501070514987001,0.036001740924097005,0.03606243530327,0.119776181871674,0.022031666507165003,0.16656474806492103,0.012630287055749001,0.038348012441694,0.018124045264543,0.060182509140514005,0.043535801092559,0.015190978801922002,0.022346601596911,0.056965257601016006,0.031349659891848,0.021774078058546,0.02902795740682,0.065188415942681,0.28753401684567004,0.17736875161770402,0.257057852715589,0.18980744809823102,0.063709186591917,0.22499086793353001,0.30621152341862,0.111481376776383,0.180134328083134,0.16522264941502202,0.081670454389556,0.19083840328557203,0.019318585889459002,0.063961307492295,0.031524477617794006,0.034012611383066,0.046182087396143004,0.075128731922463,0.029516382275885003,0.059489365731951,0.07324246846830901,0.018980414352002,0.041808434759954,0.012904858513482002,0.220116483410555,0.247549418438013,0.16079056763405603,0.349383160645285,0.078174421842491,0.262119105298023,0.141755454537623,0.08836179820569001,0.598854473154786,0.29937503171560104,0.060518902691909,0.23162577621409502,0.062961436598478,0.172748670358694,0.16523009313325002,0.082924378271158
913,0.005111069027272,0.040597129847985004,0.029103211983879003,0.002839482792929,0.024194901276083,0.036665406158864,0.015444658383587,0.026734552067608,0.023638046280481002,0.08740436039566801,0.018284141176516,0.10398170616081001,0.058364915658792,0.09334475721855301,0.079680737950077,0.054282730919344005,0.0,0.040973081151302,0.035456208548382,0.018457707605859002,0.047138245239716006,0.0,0.026877019723375,0.06207260825284001,0.006682237027526,0.050950994370257005,0.052205728606543,0.023557522522801,0.11495033084660601,0.057719443128555,0.008709568922949001,0.11312111749654401,0.021584071173622002,0.045549147443419,0.096402796310303,0.147331775205844,0.043208688580973,0.1312395992475,0.030135296762911,0.069236198821856,0.06837841270287301,0.10868274949982701,0.08451744773026901,0.06668618606701,0.08683582154321101,0.12323112622706502,0.098746185650774,0.044534288021791005,0.114094208837743,0.12201591891069301,0.334861069083419,0.241950626512473,0.323522394923873,0.217854278979441,0.07397943568407801,0.270854083286217,0.20085890625921202,0.061516566809829004,0.190181792838877,0.21628330379816602,0.24880798350346203,0.26549552364115103,0.035006145361404,0.14161913140114002,0.090716548546433,0.10734039821653,0.03837385219038,0.099734004165051,0.033783590297902004,0.11156290192324601,0.148015872711347,0.048092189425467,0.09093716672317001,0.040298165867875005,0.339372507920083,0.33523515510849605,0.27050170050871003,0.346863125915685,0.13054162964201402,0.264997363938115,0.189731311076516,0.125802091556839,0.29937503171560104,0.5826482967569601,0.103612938699427,0.37188870231659904,0.12144074217557801,0.160454003007234,0.21835475506373703,0.165495078685714
921,0.039747807315372,0.049306328027436,0.04417597896513201,0.027574088230131,0.034495615542355,0.04685041860684001,0.032931089519501,0.060078584370333005,0.040580842806038006,0.094783887514629,0.029090296257402,0.05636876995390801,0.031765723816107004,0.037661603096704,0.064218633503791,0.029642845865544002,0.020523671771497002,0.050917099351329,0.040567166704014,0.021086509543085,0.052559779300878004,0.016939312270743002,0.043760651197923,0.047245900044403,0.030507563717278002,0.046238071608711004,0.052583216339191004,0.054143027066346,0.045498587565296005,0.054175167528448004,0.033642635428216,0.053215367539522,0.06898347441499901,0.05606642892777201,0.065593232705641,0.08100920363582001,0.052075675317336007,0.09160068320252901,0.051742402855137,0.08870990577649601,0.084903548803284,0.05612873998701701,0.054742622882429,0.17709350447722302,0.16724411423892402,0.17960646991991702,0.200727151250835,0.10259929137557201,0.178131435415179,0.064641528268815,0.08089888467974,0.062480044048730005,0.069831742309062,0.064433850742745,0.082781101942904,0.07084338904583401,0.047029424828936,0.052623786835394,0.080264709563702,0.09234712872740901,0.12200807845526102,0.09570845724690101,0.034980588104674006,0.08085999884910501,0.064536245088054,0.10312636302441501,0.05854009130986201,0.09219354180462301,0.037504493892948,0.166905294762056,0.11498917089150401,0.11052354696147401,0.182631296202721,0.138880376432893,0.07640987534799,0.065351426739849,0.09460533577912501,0.061586879164482,0.11329052651628801,0.07561595496876401,0.099054568730259,0.09382246222743901,0.060518902691909,0.103612938699427,0.42696769379779903,0.09422693966633101,0.085982144524526,0.125998608535899,0.146999908505193,0.11315823808638902
923,0.029283104237859,0.054730625371673,0.028205468554963004,0.026731938159289002,0.026773044774204002,0.05466527189540601,0.031937411364866004,0.041197217364860005,0.032224381238481,0.075933287311295,0.036493065076598004,0.09223679848652001,0.055770429198694,0.08350590861402,0.058307801186792005,0.055797992091477004,0.018349535329701003,0.031008098813484004,0.036852032798767004,0.019309481450995,0.046866867466827,0.010945401774942002,0.040184469634301,0.067619997960825,0.008660222759643,0.062050684201433004,0.04564286540738301,0.03120301726931,0.108101678160976,0.058035528471106004,0.010285070087108,0.107792422971017,0.021354124608920003,0.07127935823583201,0.097267904282861,0.10534165278762501,0.051887277360320005,0.158366006088295,0.046118155150995,0.058402399961709005,0.067656550595626,0.110202573381057,0.07507378571078101,0.06225390924684201,0.08070205429134,0.094521877741569,0.10078337149827,0.045145339736840005,0.07838406345635701,0.10674560481850101,0.290385144437874,0.210663887623697,0.24312911819531202,0.16859446348402002,0.07869746255312,0.22434815717571802,0.201809478765397,0.07528722112174001,0.210837784108543,0.238206192358959,0.19862950023782003,0.23228493351789503,0.032057162894554,0.09331730196434601,0.075891865116642,0.08442179576211101,0.02176776263177,0.107881551220092,0.040279780959348005,0.09606155626547101,0.11940265589021601,0.04911092322721,0.09707715875473101,0.042522520249169006,0.314010753120666,0.265078691013004,0.23556522876195102,0.27089614317455,0.17904284289598302,0.266086158070449,0.218806883380628,0.09710889733758,0.23162577621409502,0.37188870231659904,0.09422693966633101,0.521664730440858,0.126641491807775,0.141346687009777,0.19966967415726802,0.152067868876223
924,0.058947956508822,0.14861059062858,0.115385662269066,0.057420414662012004,0.063978407585873,0.267512302328665,0.07210150201710201,0.055911445883062,0.08610111205033401,0.15285271368281803,0.07543590835100701,0.132765006948494,0.095680256917298,0.08983795666237901,0.095361101945896,0.137337747276907,0.032640159056205,0.102718968169225,0.078642187196792,0.050966281107846005,0.089927331702097,0.08730183526913701,0.161650706386887,0.092753295499644,0.089501024404878,0.07304607757412501,0.11962354807371801,0.069765203536089,0.160915166996032,0.213028259247896,0.026806498480495003,0.070226156221042,0.161882265098846,0.34383373043325904,0.13897025335007201,0.07714980526568001,0.158529811393001,0.144123886188849,0.22505498180695702,0.13200223277831302,0.10579234023011101,0.099641884993346,0.177677425263938,0.22719671347603201,0.182296159414536,0.17883373063186,0.15274235632576103,0.06802565171805901,0.16281517054156602,0.20094621699308302,0.091993083492518,0.100884109647353,0.11757361477831602,0.11129064499189001,0.087802647534913,0.107773594562573,0.045523696095043004,0.046101959067786004,0.044695994352682004,0.048810420799789006,0.13898398808856702,0.08282909106726001,0.046867205956228,0.15664728201897102,0.143362030578568,0.271515821716839,0.02047871267219,0.06738337690794201,0.035190241836177,0.08648425675024601,0.15742612860486202,0.044110041247518,0.147385414733883,0.058311941395312004,0.095051882440031,0.10393280437669601,0.11167656026089101,0.10590945514070801,0.10244267046000101,0.175247470690049,0.22210094772784103,0.084786124714256,0.062961436598478,0.12144074217557801,0.085982144524526,0.126641491807775,0.572110695366787,0.046153053334789,0.09661685412141001,0.19304416674949001
925,0.021512809194292,0.029233407712213003,0.028514407770540002,0.023971415959354002,0.040661442063362,0.015743446204391002,0.024089836929273002,0.051022757309381,0.011648399124714002,0.058158219217349004,0.037908653188195,0.044298129112685006,0.030798477061283,0.036255503890175005,0.036817531532564,0.026324197278339,0.010152599700432,0.025085665930211002,0.016961708636203002,0.008917118940714001,0.022170024581048,0.0,0.013757355192906,0.034252333563008004,0.010162568812696001,0.040673519138682,0.021447693381647003,0.016784675368334,0.043227091200916,0.044137452068903,0.020687772521594,0.054106950578026,0.017179342221865002,0.021520725365052,0.047181748157606,0.095440376843146,0.023645199876468,0.049408390734293005,0.027342110019169003,0.046047946993247005,0.052156866233251005,0.062435431403506006,0.036917737173657005,0.054947562411824004,0.060821076215725,0.08487517069457301,0.082356754085341,0.049233859717856,0.06596251229106201,0.056217153491259005,0.12709341344678302,0.08574657866384,0.105282375719405,0.099354476765262,0.048361288074831005,0.109013094011596,0.19207336300404002,0.087640404449721,0.15032272650926,0.160213669211826,0.09668586028456701,0.14407660333413902,0.028367411093092,0.068771239335083,0.048835430823482004,0.044753524733849005,0.028367411093092,0.08935010372446801,0.05178921510707701,0.15053332160924301,0.08176976107429701,0.10030656651597401,0.053714865328458004,0.06944199733642101,0.143489627456222,0.11418787969629901,0.108478304293821,0.14027349096764702,0.06400837592209101,0.11780449260574401,0.079571593926408,0.07164865914747201,0.172748670358694,0.160454003007234,0.125998608535899,0.141346687009777,0.046153053334789,0.415882003875693,0.18846101865730402,0.083831105949647
926,0.024539908037442004,0.044665906352640006,0.037094563258607,0.013424773220483001,0.043900039972046,0.03714072950028,0.04093886505942,0.05885543547101801,0.036869696984531006,0.072343987177794,0.03793477456835,0.074705086205095,0.041033825171444,0.052588161205239,0.049292582450864,0.037587506112301,0.0035112745999520004,0.033871564861490004,0.023658241439136002,0.013772981524831002,0.03956468306415,0.0035112745999520004,0.030427420522513002,0.047417879784335,0.010162568812696001,0.047795435021142,0.041762405043905,0.043602533835913004,0.06643379797081801,0.048588199212782006,0.018142297488476,0.04395545825817301,0.024433338222083,0.044667795589989005,0.081656095399761,0.06991425886097201,0.049859200722764,0.165298912621469,0.041405567471950004,0.053727608117979005,0.057821682596908,0.07522142511549301,0.059960964596488,0.08157409878916301,0.08110698050611301,0.123115795418857,0.128365104758,0.074074899072573,0.10850436896978201,0.08609339504615501,0.14636132139173802,0.10825077508722801,0.13569284732437,0.10756754563727701,0.083844732652622,0.11172859612925401,0.109850584346105,0.074662830736639,0.10508180382621801,0.108686440421716,0.13174685129871902,0.13163865862517002,0.033923779146524,0.088240625153521,0.064744784455438,0.087043762246941,0.021583899744744003,0.10978566389409901,0.059675413424567,0.16322794110316602,0.12117986192677001,0.092749077365012,0.122393520144702,0.080380300849703,0.15902992379424702,0.139165026479658,0.14611991500727,0.133485145941871,0.161842294031,0.148043682479786,0.18419753594585603,0.10622000554204501,0.16523009313325002,0.21835475506373703,0.146999908505193,0.19966967415726802,0.09661685412141001,0.18846101865730402,0.39265023228289203,0.11697362625742601
927,0.046551853763859,0.089967275546802,0.09383886118277,0.029838375794913004,0.046750288764823004,0.09402058324816301,0.048332451894687004,0.055560722273391004,0.074455805633547,0.27044214031577,0.044204650862784,0.12722108777885902,0.093067078884351,0.06107865286246301,0.085311313708528,0.078293046161028,0.013389792583942002,0.170060940543157,0.165183990651,0.13955389452490502,0.112868508115293,0.020345684892592003,0.063906848980931,0.064676617553083,0.065949548611182,0.08842073652243,0.057518402681571004,0.056417109318087,0.096904707556903,0.083257696555963,0.027827015799915002,0.16800352162571303,0.113247775477245,0.133522448252339,0.103664633854501,0.10085902689039901,0.174051495371703,0.080512953165533,0.08375775618294501,0.10137360768374501,0.09301352320883001,0.080315597058114,0.100396444835729,0.11541458282155201,0.18484656031225402,0.18468851281039803,0.19358726054623102,0.066846473706536,0.223660297314229,0.10249366724966501,0.131814323262922,0.11298754941717401,0.132177063997378,0.103433552021854,0.093535294585042,0.10958716422539101,0.099946661743481,0.055942991116315004,0.06934953162705901,0.069885036965855,0.301261027442411,0.13489440366066602,0.10463472662857401,0.20822087781279702,0.252772625871845,0.251461570118287,0.07896403898168401,0.145505353551482,0.041323325542950005,0.162399873604886,0.20114847619770201,0.0701279614486,0.155989484135443,0.07257936486828401,0.17753796603010602,0.11582232388375001,0.12712932297906301,0.127746994656948,0.12313482074102901,0.199132880198984,0.12845210289132,0.08805695028995501,0.082924378271158,0.165495078685714,0.11315823808638902,0.152067868876223,0.19304416674949001,0.083831105949647,0.11697362625742601,0.605743550667859
